# Object Export From Tinkercad Server 2015

mtllib obj.mtl

o obj_0
v -35.1933 		31 		24.0867
v -35.1533 		31 		23.6517
v -35.14 		31 		23.2
v -35.3533 		31 		24.9067
v -35.26 		31 		24.505
v -35.62 		31 		25.66
v -35.4733 		31 		25.2917
v -35.98 		31 		26.3467
v -35.7867 		31 		26.0117
v -36.4467 		31 		26.9667
v -36.2 		31 		26.665
v -37.02 		31 		27.52
v -36.72 		31 		27.2517
v -37.7 		31 		27.9867
v -37.3467 		31 		27.7633
v -38.4867 		31 		28.3733
v -38.08 		31 		28.19
v -39.38 		31 		28.68
v -38.92 		31 		28.5367
v -40.3844 		31 		28.9133
v -39.8678 		31 		28.8083
v -41.5044 		31 		29.0533
v -40.93 		31 		28.995
v -42.74 		31 		29.1
v -42.1078 		31 		29.0883
v -51.26 		31 		27.62
v -51.26 		31 		29.1
v -44.28 		31 		18.48
v -48.66 		31 		12.56
v -48.66 		31 		25.94
v -43.62 		31 		18.48
v -51.26 		31 		9.28
v -51.26 		31 		10.76
v -50.1 		31 		10.76
v -41.12 		31 		10.76
v -41.12 		31 		9.28
v -42.6067 		31 		16.8744
v -43.34 		31 		16.86
v -44.28 		31 		16.86
v -41.26 		31 		16.99
v -41.9133 		31 		16.9178
v -40.0733 		31 		17.2211
v -40.6467 		31 		17.0911
v -39.0361 		31 		17.5633
v -39.54 		31 		17.38
v -38.125 		31 		17.99
v -38.5644 		31 		17.7667
v -37.3428 		31 		18.4967
v -37.7178 		31 		18.2333
v -36.6883 		31 		19.0806
v -37 		31 		18.78
v -36.155 		31 		19.725
v -36.4067 		31 		19.3956
v -35.7417 		31 		20.4272
v -35.9333 		31 		20.0689
v -35.4456 		31 		21.1889
v -35.58 		31 		20.8
v -35.25 		31 		21.98
v -35.3356 		31 		21.5822
v -35.1522 		31 		22.7889
v -35.1889 		31 		22.3822
v -48.6633 		31 		26.1144
v -43.2822 		31 		18.4867
v -49.995 		31 		10.7617
v -42.82 		31 		10.76
v -50.1 		31 		27.62
v -48.6733 		31 		26.2778
v -42.9622 		31 		18.5067
v -49.8933 		31 		10.7667
v -42.9133 		31 		10.7611
v -48.69 		31 		26.43
v -42.66 		31 		18.54
v -49.795 		31 		10.775
v -43.0067 		31 		10.7644
v -50.0011 		31 		27.6183
v -48.7133 		31 		26.5711
v -48.6633 		31 		12.3667
v -49.7 		31 		10.7867
v -43.1 		31 		10.77
v -49.9044 		31 		27.6133
v -48.7433 		31 		26.7011
v -49.6083 		31 		10.8017
v -43.1933 		31 		10.7778
v -49.81 		31 		27.605
v -48.78 		31 		26.82
v -49.52 		31 		10.82
v -43.2867 		31 		10.7878
v -49.7178 		31 		27.5933
v -48.8161 		31 		26.9283
v -49.4356 		31 		10.8433
v -43.38 		31 		10.8
v -49.6278 		31 		27.5783
v -48.8578 		31 		27.0267
v -49.3556 		31 		10.8733
v -43.465 		31 		10.8228
v -49.54 		31 		27.56
v -48.905 		31 		27.115
v -49.28 		31 		10.91
v -43.5467 		31 		10.8511
v -49.455 		31 		27.5367
v -44.28 		31 		27.46
v -49.2089 		31 		10.9533
v -43.625 		31 		10.885
v -49.3733 		31 		27.5067
v -48.9578 		31 		27.1933
v -49.1422 		31 		11.0033
v -43.7 		31 		10.9244
v -49.295 		31 		27.47
v -49.0161 		31 		27.2617
v -49.22 		31 		27.4267
v -49.08 		31 		27.32
v -49.08 		31 		11.06
v -49.1483 		31 		27.3767
v -49.0161 		31 		11.1306
v -48.9578 		31 		11.2089
v -43.2 		31 		27.46
v -48.905 		31 		11.295
v -42.895 		31 		27.4522
v -48.8578 		31 		11.3889
v -42.6067 		31 		27.4289
v -48.8161 		31 		11.4906
v -42.335 		31 		27.39
v -48.78 		31 		11.6
v -42.08 		31 		27.3356
v -48.7433 		31 		11.7267
v -41.8417 		31 		27.2656
v -48.7133 		31 		11.8667
v -41.62 		31 		27.18
v -48.69 		31 		12.02
v -41.4133 		31 		27.0856
v -48.6733 		31 		12.1867
v -41.22 		31 		26.9756
v -41.04 		31 		26.85
v -43.7717 		31 		10.9694
v -40.8733 		31 		26.7089
v -43.84 		31 		11.02
v -40.72 		31 		26.5522
v -43.9044 		31 		11.0839
v -40.58 		31 		26.38
v -43.9644 		31 		11.1556
v -40.4528 		31 		26.1983
v -44.02 		31 		11.235
v -44.0711 		31 		11.3222
v -40.3378 		31 		26
v -44.1178 		31 		11.4172
v -40.235 		31 		25.785
v -44.16 		31 		11.52
v -40.1444 		31 		25.5533
v -44.1967 		31 		11.6389
v -40.0661 		31 		25.305
v -44.2267 		31 		11.7689
v -40 		31 		25.04
v -44.25 		31 		11.91
v -39.9389 		31 		24.7583
v -44.2667 		31 		12.0622
v -39.8889 		31 		24.46
v -44.2767 		31 		12.2256
v -39.85 		31 		24.145
v -44.28 		31 		12.4
v -39.8222 		31 		23.8133
v -39.8056 		31 		23.465
v -39.8 		31 		23.1
v -42.3756 		31 		18.5867
v -39.8061 		31 		22.6967
v -42.1089 		31 		18.6467
v -39.8244 		31 		22.3133
v -41.86 		31 		18.72
v -39.855 		31 		21.95
v -41.6272 		31 		18.815
v -39.8978 		31 		21.6067
v -41.4089 		31 		18.9267
v -39.9528 		31 		21.2833
v -41.205 		31 		19.055
v -40.02 		31 		20.98
v -40.0994 		31 		20.6956
v -41.0156 		31 		19.2
v -40.1911 		31 		20.4289
v -40.8406 		31 		19.3617
v -40.295 		31 		20.18
v -40.68 		31 		19.54
v -40.4111 		31 		19.9489
v -40.5394 		31 		19.7356
v -35.14 		21 		23.2
v -35.1533 		21 		23.6517
v -35.1933 		21 		24.0867
v -35.26 		21 		24.505
v -35.3533 		21 		24.9067
v -35.4733 		21 		25.2917
v -35.62 		21 		25.66
v -35.7867 		21 		26.0117
v -35.98 		21 		26.3467
v -36.2 		21 		26.665
v -36.4467 		21 		26.9667
v -36.72 		21 		27.2517
v -37.02 		21 		27.52
v -37.3467 		21 		27.7633
v -37.7 		21 		27.9867
v -38.08 		21 		28.19
v -38.4867 		21 		28.3733
v -38.92 		21 		28.5367
v -39.38 		21 		28.68
v -39.8678 		21 		28.8083
v -40.3844 		21 		28.9133
v -40.93 		21 		28.995
v -41.5044 		21 		29.0533
v -42.1078 		21 		29.0883
v -42.74 		21 		29.1
v -51.26 		21 		29.1
v -51.26 		21 		27.62
v -48.66 		21 		25.94
v -48.66 		21 		12.56
v -44.28 		21 		18.48
v -43.62 		21 		18.48
v -50.1 		21 		10.76
v -51.26 		21 		10.76
v -51.26 		21 		9.28
v -41.12 		21 		9.28
v -41.12 		21 		10.76
v -44.28 		21 		16.86
v -43.34 		21 		16.86
v -42.6067 		21 		16.8744
v -41.9133 		21 		16.9178
v -41.26 		21 		16.99
v -40.6467 		21 		17.0911
v -40.0733 		21 		17.2211
v -39.54 		21 		17.38
v -39.0361 		21 		17.5633
v -38.5644 		21 		17.7667
v -38.125 		21 		17.99
v -37.7178 		21 		18.2333
v -37.3428 		21 		18.4967
v -37 		21 		18.78
v -36.6883 		21 		19.0806
v -36.4067 		21 		19.3956
v -36.155 		21 		19.725
v -35.9333 		21 		20.0689
v -35.7417 		21 		20.4272
v -35.58 		21 		20.8
v -35.4456 		21 		21.1889
v -35.3356 		21 		21.5822
v -35.25 		21 		21.98
v -35.1889 		21 		22.3822
v -35.1522 		21 		22.7889
v -48.6633 		21 		26.1144
v -43.2822 		21 		18.4867
v -49.995 		21 		10.7617
v -42.82 		21 		10.76
v -50.1 		21 		27.62
v -48.6733 		21 		26.2778
v -42.9622 		21 		18.5067
v -49.8933 		21 		10.7667
v -42.9133 		21 		10.7611
v -48.69 		21 		26.43
v -42.66 		21 		18.54
v -49.795 		21 		10.775
v -43.0067 		21 		10.7644
v -50.0011 		21 		27.6183
v -48.7133 		21 		26.5711
v -48.6633 		21 		12.3667
v -49.7 		21 		10.7867
v -43.1 		21 		10.77
v -49.9044 		21 		27.6133
v -48.7433 		21 		26.7011
v -49.6083 		21 		10.8017
v -43.1933 		21 		10.7778
v -49.81 		21 		27.605
v -48.78 		21 		26.82
v -49.52 		21 		10.82
v -43.2867 		21 		10.7878
v -49.7178 		21 		27.5933
v -48.8161 		21 		26.9283
v -49.4356 		21 		10.8433
v -43.38 		21 		10.8
v -49.6278 		21 		27.5783
v -48.8578 		21 		27.0267
v -49.3556 		21 		10.8733
v -43.465 		21 		10.8228
v -49.54 		21 		27.56
v -48.905 		21 		27.115
v -49.28 		21 		10.91
v -43.5467 		21 		10.8511
v -49.455 		21 		27.5367
v -44.28 		21 		27.46
v -49.2089 		21 		10.9533
v -43.625 		21 		10.885
v -49.3733 		21 		27.5067
v -48.9578 		21 		27.1933
v -49.1422 		21 		11.0033
v -43.7 		21 		10.9244
v -49.295 		21 		27.47
v -49.0161 		21 		27.2617
v -49.22 		21 		27.4267
v -49.08 		21 		27.32
v -49.08 		21 		11.06
v -49.1483 		21 		27.3767
v -49.0161 		21 		11.1306
v -48.9578 		21 		11.2089
v -43.2 		21 		27.46
v -48.905 		21 		11.295
v -42.895 		21 		27.4522
v -48.8578 		21 		11.3889
v -42.6067 		21 		27.4289
v -48.8161 		21 		11.4906
v -42.335 		21 		27.39
v -48.78 		21 		11.6
v -42.08 		21 		27.3356
v -48.7433 		21 		11.7267
v -41.8417 		21 		27.2656
v -48.7133 		21 		11.8667
v -41.62 		21 		27.18
v -48.69 		21 		12.02
v -41.4133 		21 		27.0856
v -48.6733 		21 		12.1867
v -41.22 		21 		26.9756
v -41.04 		21 		26.85
v -43.7717 		21 		10.9694
v -40.8733 		21 		26.7089
v -43.84 		21 		11.02
v -40.72 		21 		26.5522
v -43.9044 		21 		11.0839
v -40.58 		21 		26.38
v -43.9644 		21 		11.1556
v -40.4528 		21 		26.1983
v -44.02 		21 		11.235
v -44.0711 		21 		11.3222
v -40.3378 		21 		26
v -44.1178 		21 		11.4172
v -40.235 		21 		25.785
v -44.16 		21 		11.52
v -40.1444 		21 		25.5533
v -44.1967 		21 		11.6389
v -40.0661 		21 		25.305
v -44.2267 		21 		11.7689
v -40 		21 		25.04
v -44.25 		21 		11.91
v -39.9389 		21 		24.7583
v -44.2667 		21 		12.0622
v -39.8889 		21 		24.46
v -44.2767 		21 		12.2256
v -39.85 		21 		24.145
v -44.28 		21 		12.4
v -39.8222 		21 		23.8133
v -39.8056 		21 		23.465
v -39.8 		21 		23.1
v -42.3756 		21 		18.5867
v -39.8061 		21 		22.6967
v -42.1089 		21 		18.6467
v -39.8244 		21 		22.3133
v -41.86 		21 		18.72
v -39.855 		21 		21.95
v -41.6272 		21 		18.815
v -39.8978 		21 		21.6067
v -41.4089 		21 		18.9267
v -39.9528 		21 		21.2833
v -41.205 		21 		19.055
v -40.02 		21 		20.98
v -40.0994 		21 		20.6956
v -41.0156 		21 		19.2
v -40.1911 		21 		20.4289
v -40.8406 		21 		19.3617
v -40.295 		21 		20.18
v -40.68 		21 		19.54
v -40.4111 		21 		19.9489
v -40.5394 		21 		19.7356
v -24.9178 		31 		9.0289
v -25.3578 		31 		9.0072
v -25.82 		31 		9
v -24.1044 		31 		9.1156
v -24.5 		31 		9.065
v -23.38 		31 		9.26
v -23.7311 		31 		9.1806
v -22.7378 		31 		9.4267
v -23.0494 		31 		9.3383
v -22.1711 		31 		9.6333
v -22.445 		31 		9.525
v -21.68 		31 		9.88
v -21.9161 		31 		9.7517
v -21.2667 		31 		10.1711
v -21.4633 		31 		10.0228
v -20.9333 		31 		10.4844
v -21.09 		31 		10.325
v -20.68 		31 		10.82
v -20.7967 		31 		10.6494
v -20.4911 		31 		11.1867
v -20.5761 		31 		11.0017
v -20.3778 		31 		11.5667
v -20.425 		31 		11.375
v -20.34 		31 		11.96
v -20.3494 		31 		11.7617
v -20.4244 		31 		12.5378
v -20.3611 		31 		12.2644
v -20.6778 		31 		12.9911
v -20.53 		31 		12.78
v -21.1 		31 		13.32
v -20.8678 		31 		13.1711
v -19.62 		31 		17.82
v -19.62 		31 		16.4
v -28.7 		31 		16.4
v -19.6711 		31 		18.8711
v -19.6328 		31 		18.3561
v -19.8244 		31 		19.8378
v -19.735 		31 		19.365
v -20.08 		31 		20.72
v -19.9394 		31 		20.2894
v -20.4178 		31 		21.5022
v -20.2378 		31 		21.1222
v -20.8444 		31 		22.1956
v -20.62 		31 		21.86
v -21.36 		31 		22.8
v -21.0911 		31 		22.5089
v -21.9622 		31 		23.3133
v -21.6506 		31 		23.0683
v -22.6489 		31 		23.7333
v -22.295 		31 		23.535
v -23.42 		31 		24.06
v -23.0239 		31 		23.9083
v -24.2533 		31 		24.3044
v -23.8283 		31 		24.1944
v -25.1533 		31 		24.4511
v -24.695 		31 		24.39
v -26.12 		31 		24.5
v -25.6283 		31 		24.4878
v -27.1733 		31 		24.4444
v -26.6567 		31 		24.4861
v -28.1467 		31 		24.2778
v -27.67 		31 		24.375
v -29.04 		31 		24
v -28.6033 		31 		24.1528
v -29.8489 		31 		23.6133
v -29.4556 		31 		23.82
v -30.5689 		31 		23.12
v -30.22 		31 		23.38
v -31.2 		31 		22.52
v -30.8956 		31 		22.8333
v -31.74 		31 		21.8
v -31.4817 		31 		22.1733
v -32.1867 		31 		20.9733
v -31.975 		31 		21.4
v -32.54 		31 		20.04
v -32.375 		31 		20.52
v -32.7956 		31 		19.0022
v -32.6806 		31 		19.5339
v -32.9489 		31 		17.8622
v -32.885 		31 		18.445
v -28.6211 		31 		18.8844
v -28.64 		31 		18.18
v -23.86 		31 		18.18
v -33 		31 		16.62
v -32.9872 		31 		17.2539
v -32.9489 		31 		15.4511
v -32.9872 		31 		16.0244
v -32.7956 		31 		14.3711
v -32.885 		31 		14.9
v -32.54 		31 		13.38
v -32.6806 		31 		13.8644
v -32.1844 		31 		12.4933
v -32.3744 		31 		12.925
v -31.7311 		31 		11.7
v -31.97 		31 		12.085
v -31.18 		31 		11
v -31.4678 		31 		11.3383
v -30.5289 		31 		10.3978
v -30.8672 		31 		10.6861
v -29.7756 		31 		9.8978
v -30.165 		31 		10.135
v -28.92 		31 		9.5
v -29.3606 		31 		9.6861
v -27.98 		31 		9.2222
v -28.4617 		31 		9.3472
v -26.9467 		31 		9.0556
v -27.475 		31 		9.125
v -26.395 		31 		9.0139
v -21.1839 		31 		13.1622
v -28.5644 		31 		19.5311
v -21.2756 		31 		13.0089
v -28.47 		31 		20.12
v -21.375 		31 		12.86
v -28.3378 		31 		20.6511
v -21.4822 		31 		12.7156
v -28.1678 		31 		21.1244
v -21.5972 		31 		12.5756
v -27.96 		31 		21.54
v -21.72 		31 		12.44
v -27.7133 		31 		21.8944
v -21.8439 		31 		12.3033
v -27.44 		31 		22.1844
v -21.9756 		31 		12.1733
v -27.14 		31 		22.41
v -22.115 		31 		12.05
v -26.8133 		31 		22.5711
v -22.2622 		31 		11.9333
v -22.4172 		31 		11.8233
v -26.46 		31 		22.6678
v -22.58 		31 		11.72
v -26.08 		31 		22.7
v -22.75 		31 		11.6178
v -25.885 		31 		22.6911
v -22.9267 		31 		11.5244
v -25.7 		31 		22.6644
v -23.11 		31 		11.44
v -25.525 		31 		22.62
v -23.3 		31 		11.3644
v -25.36 		31 		22.5578
v -23.4967 		31 		11.2978
v -25.205 		31 		22.4778
v -23.7 		31 		11.24
v -23.9033 		31 		11.1911
v -25.06 		31 		22.38
v -24.9244 		31 		22.2661
v -24.1133 		31 		11.1511
v -24.7978 		31 		22.1378
v -24.33 		31 		11.12
v -24.68 		31 		21.995
v -24.5533 		31 		11.0978
v -24.5711 		31 		21.8378
v -24.7833 		31 		11.0844
v -24.4711 		31 		21.6661
v -25.02 		31 		11.08
v -24.38 		31 		21.48
v -25.3072 		31 		11.0883
v -24.2972 		31 		21.2794
v -25.5822 		31 		11.1133
v -24.2222 		31 		21.0644
v -25.845 		31 		11.155
v -24.155 		31 		20.835
v -26.0956 		31 		11.2133
v -24.0956 		31 		20.5911
v -26.3339 		31 		11.2883
v -24.0439 		31 		20.3328
v -26.56 		31 		11.38
v -24 		31 		20.06
v -26.7811 		31 		11.4956
v -23.9572 		31 		19.7744
v -26.9911 		31 		11.6289
v -23.9222 		31 		19.4778
v -27.19 		31 		11.78
v -23.895 		31 		19.17
v -23.8756 		31 		18.8511
v -27.3778 		31 		11.9489
v -23.8639 		31 		18.5211
v -27.5544 		31 		12.1356
v -27.72 		31 		12.34
v -27.8678 		31 		12.5694
v -28.0044 		31 		12.8178
v -28.6928 		31 		15.9444
v -28.13 		31 		13.085
v -28.6711 		31 		15.5111
v -28.2444 		31 		13.3711
v -28.635 		31 		15.1
v -28.3478 		31 		13.6761
v -28.5844 		31 		14.7111
v -28.44 		31 		14
v -28.5194 		31 		14.3444
v -25.82 		21 		9
v -25.3578 		21 		9.0072
v -24.9178 		21 		9.0289
v -24.5 		21 		9.065
v -24.1044 		21 		9.1156
v -23.7311 		21 		9.1806
v -23.38 		21 		9.26
v -23.0494 		21 		9.3383
v -22.7378 		21 		9.4267
v -22.445 		21 		9.525
v -22.1711 		21 		9.6333
v -21.9161 		21 		9.7517
v -21.68 		21 		9.88
v -21.4633 		21 		10.0228
v -21.2667 		21 		10.1711
v -21.09 		21 		10.325
v -20.9333 		21 		10.4844
v -20.7967 		21 		10.6494
v -20.68 		21 		10.82
v -20.5761 		21 		11.0017
v -20.4911 		21 		11.1867
v -20.425 		21 		11.375
v -20.3778 		21 		11.5667
v -20.3494 		21 		11.7617
v -20.34 		21 		11.96
v -20.3611 		21 		12.2644
v -20.4244 		21 		12.5378
v -20.53 		21 		12.78
v -20.6778 		21 		12.9911
v -20.8678 		21 		13.1711
v -21.1 		21 		13.32
v -28.7 		21 		16.4
v -19.62 		21 		16.4
v -19.62 		21 		17.82
v -19.6328 		21 		18.3561
v -19.6711 		21 		18.8711
v -19.735 		21 		19.365
v -19.8244 		21 		19.8378
v -19.9394 		21 		20.2894
v -20.08 		21 		20.72
v -20.2378 		21 		21.1222
v -20.4178 		21 		21.5022
v -20.62 		21 		21.86
v -20.8444 		21 		22.1956
v -21.0911 		21 		22.5089
v -21.36 		21 		22.8
v -21.6506 		21 		23.0683
v -21.9622 		21 		23.3133
v -22.295 		21 		23.535
v -22.6489 		21 		23.7333
v -23.0239 		21 		23.9083
v -23.42 		21 		24.06
v -23.8283 		21 		24.1944
v -24.2533 		21 		24.3044
v -24.695 		21 		24.39
v -25.1533 		21 		24.4511
v -25.6283 		21 		24.4878
v -26.12 		21 		24.5
v -26.6567 		21 		24.4861
v -27.1733 		21 		24.4444
v -27.67 		21 		24.375
v -28.1467 		21 		24.2778
v -28.6033 		21 		24.1528
v -29.04 		21 		24
v -29.4556 		21 		23.82
v -29.8489 		21 		23.6133
v -30.22 		21 		23.38
v -30.5689 		21 		23.12
v -30.8956 		21 		22.8333
v -31.2 		21 		22.52
v -31.4817 		21 		22.1733
v -31.74 		21 		21.8
v -31.975 		21 		21.4
v -32.1867 		21 		20.9733
v -32.375 		21 		20.52
v -32.54 		21 		20.04
v -32.6806 		21 		19.5339
v -32.7956 		21 		19.0022
v -32.885 		21 		18.445
v -32.9489 		21 		17.8622
v -28.64 		21 		18.18
v -28.6211 		21 		18.8844
v -23.86 		21 		18.18
v -32.9872 		21 		17.2539
v -33 		21 		16.62
v -32.9872 		21 		16.0244
v -32.9489 		21 		15.4511
v -32.885 		21 		14.9
v -32.7956 		21 		14.3711
v -32.6806 		21 		13.8644
v -32.54 		21 		13.38
v -32.3744 		21 		12.925
v -32.1844 		21 		12.4933
v -31.97 		21 		12.085
v -31.7311 		21 		11.7
v -31.4678 		21 		11.3383
v -31.18 		21 		11
v -30.8672 		21 		10.6861
v -30.5289 		21 		10.3978
v -30.165 		21 		10.135
v -29.7756 		21 		9.8978
v -29.3606 		21 		9.6861
v -28.92 		21 		9.5
v -28.4617 		21 		9.3472
v -27.98 		21 		9.2222
v -27.475 		21 		9.125
v -26.9467 		21 		9.0556
v -26.395 		21 		9.0139
v -21.1839 		21 		13.1622
v -28.5644 		21 		19.5311
v -21.2756 		21 		13.0089
v -28.47 		21 		20.12
v -21.375 		21 		12.86
v -28.3378 		21 		20.6511
v -21.4822 		21 		12.7156
v -28.1678 		21 		21.1244
v -21.5972 		21 		12.5756
v -27.96 		21 		21.54
v -21.72 		21 		12.44
v -27.7133 		21 		21.8944
v -21.8439 		21 		12.3033
v -27.44 		21 		22.1844
v -21.9756 		21 		12.1733
v -27.14 		21 		22.41
v -22.115 		21 		12.05
v -26.8133 		21 		22.5711
v -22.2622 		21 		11.9333
v -22.4172 		21 		11.8233
v -26.46 		21 		22.6678
v -22.58 		21 		11.72
v -26.08 		21 		22.7
v -22.75 		21 		11.6178
v -25.885 		21 		22.6911
v -22.9267 		21 		11.5244
v -25.7 		21 		22.6644
v -23.11 		21 		11.44
v -25.525 		21 		22.62
v -23.3 		21 		11.3644
v -25.36 		21 		22.5578
v -23.4967 		21 		11.2978
v -25.205 		21 		22.4778
v -23.7 		21 		11.24
v -23.9033 		21 		11.1911
v -25.06 		21 		22.38
v -24.9244 		21 		22.2661
v -24.1133 		21 		11.1511
v -24.7978 		21 		22.1378
v -24.33 		21 		11.12
v -24.68 		21 		21.995
v -24.5533 		21 		11.0978
v -24.5711 		21 		21.8378
v -24.7833 		21 		11.0844
v -24.4711 		21 		21.6661
v -25.02 		21 		11.08
v -24.38 		21 		21.48
v -25.3072 		21 		11.0883
v -24.2972 		21 		21.2794
v -25.5822 		21 		11.1133
v -24.2222 		21 		21.0644
v -25.845 		21 		11.155
v -24.155 		21 		20.835
v -26.0956 		21 		11.2133
v -24.0956 		21 		20.5911
v -26.3339 		21 		11.2883
v -24.0439 		21 		20.3328
v -26.56 		21 		11.38
v -24 		21 		20.06
v -26.7811 		21 		11.4956
v -23.9572 		21 		19.7744
v -26.9911 		21 		11.6289
v -23.9222 		21 		19.4778
v -27.19 		21 		11.78
v -23.895 		21 		19.17
v -23.8756 		21 		18.8511
v -27.3778 		21 		11.9489
v -23.8639 		21 		18.5211
v -27.5544 		21 		12.1356
v -27.72 		21 		12.34
v -27.8678 		21 		12.5694
v -28.0044 		21 		12.8178
v -28.6928 		21 		15.9444
v -28.13 		21 		13.085
v -28.6711 		21 		15.5111
v -28.2444 		21 		13.3711
v -28.635 		21 		15.1
v -28.3478 		21 		13.6761
v -28.5844 		21 		14.7111
v -28.44 		21 		14
v -28.5194 		21 		14.3444
v -11.5889 		31 		9.0089
v -12.06 		31 		9
v -12.5483 		31 		9.0072
v -10.7 		31 		9.08
v -11.1356 		31 		9.0356
v -9.8822 		31 		9.2222
v -10.2822 		31 		9.1422
v -9.1361 		31 		9.4411
v -9.5 		31 		9.32
v -8.465 		31 		9.73
v -8.7911 		31 		9.5778
v -7.8694 		31 		10.0811
v -8.1578 		31 		9.8978
v -7.3506 		31 		10.4944
v -7.6 		31 		10.28
v -6.915 		31 		10.97
v -7.1222 		31 		10.7244
v -6.5639 		31 		11.5078
v -6.7289 		31 		11.2311
v -6.2978 		31 		12.1128
v -6.42 		31 		11.8
v -6.12 		31 		12.775
v -6.1978 		31 		12.4378
v -6.0311 		31 		13.4861
v -6.0644 		31 		13.1244
v -6.0289 		31 		14.1483
v -6.02 		31 		13.86
v -6.1 		31 		14.695
v -6.0556 		31 		14.4267
v -6.2422 		31 		15.2017
v -6.1622 		31 		14.9533
v -6.4533 		31 		15.6628
v -6.34 		31 		15.44
v -6.72 		31 		16.085
v -6.58 		31 		15.8778
v -7.04 		31 		16.4761
v -6.8733 		31 		16.2844
v -7.4128 		31 		16.8306
v -7.22 		31 		16.66
v -7.835 		31 		17.155
v -7.6178 		31 		16.9956
v -8.3061 		31 		17.4572
v -8.0644 		31 		17.3089
v -8.8239 		31 		17.7372
v -8.56 		31 		17.6
v -9.375 		31 		17.995
v -9.0956 		31 		17.8689
v -9.9572 		31 		18.2306
v -9.6622 		31 		18.1156
v -10.6289 		31 		18.4711
v -10.26 		31 		18.34
v -8.8772 		31 		19.9933
v -9.36 		31 		19.98
v -9.3772 		31 		20.4228
v -8.055 		31 		20.1
v -8.4422 		31 		20.0333
v -7.4239 		31 		20.3133
v -7.7156 		31 		20.1933
v -6.9783 		31 		20.6389
v -7.18 		31 		20.46
v -6.685 		31 		21.07
v -6.8133 		31 		20.8422
v -6.5383 		31 		21.5989
v -6.5933 		31 		21.3222
v -6.5278 		31 		22.0533
v -6.52 		31 		21.9
v -6.59 		31 		22.36
v -6.5511 		31 		22.2067
v -6.7144 		31 		22.6667
v -6.6444 		31 		22.5133
v -6.9017 		31 		22.9711
v -6.8 		31 		22.82
v -7.155 		31 		23.26
v -7.02 		31 		23.1178
v -7.475 		31 		23.5311
v -7.3067 		31 		23.3978
v -7.8628 		31 		23.7761
v -7.66 		31 		23.66
v -8.325 		31 		23.985
v -8.0844 		31 		23.8844
v -8.8628 		31 		24.1628
v -8.5844 		31 		24.0778
v -9.4778 		31 		24.3133
v -9.16 		31 		24.24
v -10.18 		31 		24.42
v -9.8178 		31 		24.3733
v -10.9711 		31 		24.4733
v -10.5644 		31 		24.4533
v -11.84 		31 		24.4722
v -11.4 		31 		24.48
v -12.68 		31 		24.41
v -12.2667 		31 		24.4489
v -13.4667 		31 		24.2856
v -13.08 		31 		24.3556
v -14.1978 		31 		24.0994
v -13.84 		31 		24.2
v -14.86 		31 		23.855
v -14.5378 		31 		23.9844
v -15.4511 		31 		23.5528
v -15.1644 		31 		23.7111
v -15.9761 		31 		23.1861
v -15.72 		31 		23.38
v -16.425 		31 		22.755
v -16.2111 		31 		22.9778
v -16.7894 		31 		22.2661
v -16.6178 		31 		22.5178
v -17.0683 		31 		21.7183
v -16.94 		31 		22
v -17.255 		31 		21.105
v -17.1733 		31 		21.42
v -17.3483 		31 		20.425
v -17.3133 		31 		20.7733
v -17.3517 		31 		19.7528
v -17.36 		31 		20.06
v -17.285 		31 		19.175
v -17.3267 		31 		19.4578
v -17.1517 		31 		18.6461
v -17.2267 		31 		18.9044
v -16.9517 		31 		18.1644
v -17.06 		31 		18.4
v -16.685 		31 		17.72
v -16.8267 		31 		17.9378
v -16.3517 		31 		17.3111
v -16.5267 		31 		17.5111
v -15.9589 		31 		16.9361
v -16.16 		31 		17.12
v -15.51 		31 		16.585
v -15.7422 		31 		16.7578
v -14.9989 		31 		16.2561
v -15.2622 		31 		16.4178
v -14.4256 		31 		15.955
v -14.72 		31 		16.1
v -13.79 		31 		15.675
v -14.1156 		31 		15.8133
v -13.0922 		31 		15.4083
v -13.4489 		31 		15.54
v -15.2022 		31 		14.3378
v -15.08 		31 		14.34
v -15.0739 		31 		14.0578
v -15.46 		31 		14.32
v -15.3289 		31 		14.3311
v -15.7356 		31 		14.2844
v -15.5956 		31 		14.3044
v -16.0256 		31 		14.2294
v -15.88 		31 		14.26
v -16.31 		31 		14.145
v -16.1689 		31 		14.1911
v -16.5856 		31 		14.0294
v -16.4489 		31 		14.0911
v -16.8494 		31 		13.8756
v -16.72 		31 		13.96
v -17.085 		31 		13.68
v -16.9711 		31 		13.7822
v -17.2894 		31 		13.4489
v -17.1911 		31 		13.5689
v -17.4594 		31 		13.1728
v -17.38 		31 		13.32
v -17.575 		31 		12.835
v -17.5244 		31 		13.0111
v -17.6328 		31 		12.4394
v -17.6111 		31 		12.6444
v -17.6317 		31 		11.9956
v -17.64 		31 		12.22
v -17.565 		31 		11.56
v -17.6067 		31 		11.7756
v -17.4317 		31 		11.1422
v -17.5067 		31 		11.3489
v -17.2294 		31 		10.745
v -17.34 		31 		10.94
v -16.945 		31 		10.385
v -17.0978 		31 		10.56
v -16.5761 		31 		10.065
v -16.7711 		31 		10.22
v -16.1289 		31 		9.7794
v -16.36 		31 		9.92
v -15.6 		31 		9.535
v -15.8756 		31 		9.6511
v -14.9822 		31 		9.3394
v -15.3022 		31 		9.4311
v -14.2683 		31 		9.1806
v -14.64 		31 		9.26
v -13.455 		31 		9.065
v -13.8733 		31 		9.1156
v -13.0133 		31 		9.0289
v -9.4289 		31 		20.8311
v -12.72 		31 		15.28
v -15.0556 		31 		13.7844
v -9.515 		31 		21.205
v -12.4083 		31 		15.1678
v -15.025 		31 		13.52
v -9.6356 		31 		21.5444
v -14.9822 		31 		13.2644
v -10.9756 		31 		18.5978
v -11.3 		31 		18.72
v -9.7906 		31 		21.8494
v -14.9272 		31 		13.0178
v -11.6022 		31 		18.8378
v -9.98 		31 		22.12
v -12.1133 		31 		15.0578
v -14.86 		31 		12.78
v -11.8822 		31 		18.9511
v -10.2033 		31 		22.3583
v -11.835 		31 		14.95
v -14.7817 		31 		12.5528
v -12.14 		31 		19.06
v -10.46 		31 		22.5533
v -11.5733 		31 		14.8444
v -14.6933 		31 		12.3378
v -12.3778 		31 		19.1667
v -10.75 		31 		22.705
v -11.3283 		31 		14.7411
v -14.595 		31 		12.135
v -12.5978 		31 		19.2733
v -11.0733 		31 		22.8133
v -11.1 		31 		14.64
v -14.4867 		31 		11.9444
v -11.43 		31 		22.8783
v -10.8872 		31 		14.5333
v -14.3683 		31 		11.7661
v -11.82 		31 		22.9
v -10.6889 		31 		14.4267
v -14.24 		31 		11.6
v -10.505 		31 		14.32
v -14.1028 		31 		11.4461
v -11.9661 		31 		22.8967
v -10.3356 		31 		14.2133
v -13.9578 		31 		11.3044
v -12.1111 		31 		22.8867
v -10.1806 		31 		14.1067
v -13.805 		31 		11.175
v -12.255 		31 		22.87
v -10.04 		31 		14
v -13.6444 		31 		11.0578
v -12.3978 		31 		22.8467
v -9.9133 		31 		13.8922
v -12.5394 		31 		22.8167
v -9.8 		31 		13.7822
v -13.4761 		31 		10.9528
v -12.68 		31 		22.78
v -9.7 		31 		13.67
v -13.3 		31 		10.86
v -12.8167 		31 		22.7433
v -9.6133 		31 		13.5556
v -13.11 		31 		10.7867
v -12.9467 		31 		22.7
v -12.9133 		31 		10.7267
v -13.07 		31 		22.65
v -12.71 		31 		10.68
v -13.1867 		31 		22.5933
v -12.5 		31 		10.6467
v -13.2967 		31 		22.53
v -12.2833 		31 		10.6267
v -13.4 		31 		22.46
v -12.06 		31 		10.62
v -13.4967 		31 		22.3839
v -11.8256 		31 		10.6239
v -13.5867 		31 		22.3022
v -11.6022 		31 		10.6356
v -13.67 		31 		22.215
v -11.39 		31 		10.655
v -13.7467 		31 		22.1222
v -11.1889 		31 		10.6822
v -13.8167 		31 		22.0239
v -10.9989 		31 		10.7172
v -13.88 		31 		21.92
v -10.82 		31 		10.76
v -13.935 		31 		21.81
v -10.6517 		31 		10.8106
v -13.98 		31 		21.6933
v -10.4933 		31 		10.8689
v -14.015 		31 		21.57
v -10.345 		31 		10.935
v -14.04 		31 		21.44
v -10.2067 		31 		11.0089
v -14.055 		31 		21.3033
v -10.0783 		31 		11.0906
v -14.06 		31 		21.16
v -9.96 		31 		11.18
v -14.0556 		31 		21.0161
v -9.8578 		31 		11.2689
v -14.0422 		31 		20.8778
v -9.7644 		31 		11.3622
v -14.02 		31 		20.745
v -9.68 		31 		11.46
v -13.9889 		31 		20.6178
v -9.6044 		31 		11.5622
v -13.9489 		31 		20.4961
v -9.5378 		31 		11.6689
v -13.9 		31 		20.38
v -9.48 		31 		11.78
v -13.8389 		31 		20.2611
v -9.425 		31 		11.8944
v -13.7622 		31 		20.1444
v -9.38 		31 		12.0111
v -13.67 		31 		20.03
v -9.345 		31 		12.13
v -13.5622 		31 		19.9178
v -9.32 		31 		12.2511
v -13.4389 		31 		19.8078
v -9.305 		31 		12.3744
v -13.3 		31 		19.7
v -9.3 		31 		12.5
v -13.1511 		31 		19.5933
v -9.305 		31 		12.6506
v -12.9844 		31 		19.4867
v -9.32 		31 		12.7956
v -12.8 		31 		19.38
v -9.345 		31 		12.935
v -9.38 		31 		13.0689
v -9.425 		31 		13.1972
v -9.54 		31 		13.4389
v -9.48 		31 		13.32
v -12.5483 		21 		9.0072
v -12.06 		21 		9
v -11.5889 		21 		9.0089
v -11.1356 		21 		9.0356
v -10.7 		21 		9.08
v -10.2822 		21 		9.1422
v -9.8822 		21 		9.2222
v -9.5 		21 		9.32
v -9.1361 		21 		9.4411
v -8.7911 		21 		9.5778
v -8.465 		21 		9.73
v -8.1578 		21 		9.8978
v -7.8694 		21 		10.0811
v -7.6 		21 		10.28
v -7.3506 		21 		10.4944
v -7.1222 		21 		10.7244
v -6.915 		21 		10.97
v -6.7289 		21 		11.2311
v -6.5639 		21 		11.5078
v -6.42 		21 		11.8
v -6.2978 		21 		12.1128
v -6.1978 		21 		12.4378
v -6.12 		21 		12.775
v -6.0644 		21 		13.1244
v -6.0311 		21 		13.4861
v -6.02 		21 		13.86
v -6.0289 		21 		14.1483
v -6.0556 		21 		14.4267
v -6.1 		21 		14.695
v -6.1622 		21 		14.9533
v -6.2422 		21 		15.2017
v -6.34 		21 		15.44
v -6.4533 		21 		15.6628
v -6.58 		21 		15.8778
v -6.72 		21 		16.085
v -6.8733 		21 		16.2844
v -7.04 		21 		16.4761
v -7.22 		21 		16.66
v -7.4128 		21 		16.8306
v -7.6178 		21 		16.9956
v -7.835 		21 		17.155
v -8.0644 		21 		17.3089
v -8.3061 		21 		17.4572
v -8.56 		21 		17.6
v -8.8239 		21 		17.7372
v -9.0956 		21 		17.8689
v -9.375 		21 		17.995
v -9.6622 		21 		18.1156
v -9.9572 		21 		18.2306
v -10.26 		21 		18.34
v -10.6289 		21 		18.4711
v -9.3772 		21 		20.4228
v -9.36 		21 		19.98
v -8.8772 		21 		19.9933
v -8.4422 		21 		20.0333
v -8.055 		21 		20.1
v -7.7156 		21 		20.1933
v -7.4239 		21 		20.3133
v -7.18 		21 		20.46
v -6.9783 		21 		20.6389
v -6.8133 		21 		20.8422
v -6.685 		21 		21.07
v -6.5933 		21 		21.3222
v -6.5383 		21 		21.5989
v -6.52 		21 		21.9
v -6.5278 		21 		22.0533
v -6.5511 		21 		22.2067
v -6.59 		21 		22.36
v -6.6444 		21 		22.5133
v -6.7144 		21 		22.6667
v -6.8 		21 		22.82
v -6.9017 		21 		22.9711
v -7.02 		21 		23.1178
v -7.155 		21 		23.26
v -7.3067 		21 		23.3978
v -7.475 		21 		23.5311
v -7.66 		21 		23.66
v -7.8628 		21 		23.7761
v -8.0844 		21 		23.8844
v -8.325 		21 		23.985
v -8.5844 		21 		24.0778
v -8.8628 		21 		24.1628
v -9.16 		21 		24.24
v -9.4778 		21 		24.3133
v -9.8178 		21 		24.3733
v -10.18 		21 		24.42
v -10.5644 		21 		24.4533
v -10.9711 		21 		24.4733
v -11.4 		21 		24.48
v -11.84 		21 		24.4722
v -12.2667 		21 		24.4489
v -12.68 		21 		24.41
v -13.08 		21 		24.3556
v -13.4667 		21 		24.2856
v -13.84 		21 		24.2
v -14.1978 		21 		24.0994
v -14.5378 		21 		23.9844
v -14.86 		21 		23.855
v -15.1644 		21 		23.7111
v -15.4511 		21 		23.5528
v -15.72 		21 		23.38
v -15.9761 		21 		23.1861
v -16.2111 		21 		22.9778
v -16.425 		21 		22.755
v -16.6178 		21 		22.5178
v -16.7894 		21 		22.2661
v -16.94 		21 		22
v -17.0683 		21 		21.7183
v -17.1733 		21 		21.42
v -17.255 		21 		21.105
v -17.3133 		21 		20.7733
v -17.3483 		21 		20.425
v -17.36 		21 		20.06
v -17.3517 		21 		19.7528
v -17.3267 		21 		19.4578
v -17.285 		21 		19.175
v -17.2267 		21 		18.9044
v -17.1517 		21 		18.6461
v -17.06 		21 		18.4
v -16.9517 		21 		18.1644
v -16.8267 		21 		17.9378
v -16.685 		21 		17.72
v -16.5267 		21 		17.5111
v -16.3517 		21 		17.3111
v -16.16 		21 		17.12
v -15.9589 		21 		16.9361
v -15.7422 		21 		16.7578
v -15.51 		21 		16.585
v -15.2622 		21 		16.4178
v -14.9989 		21 		16.2561
v -14.72 		21 		16.1
v -14.4256 		21 		15.955
v -14.1156 		21 		15.8133
v -13.79 		21 		15.675
v -13.4489 		21 		15.54
v -13.0922 		21 		15.4083
v -15.0739 		21 		14.0578
v -15.08 		21 		14.34
v -15.2022 		21 		14.3378
v -15.3289 		21 		14.3311
v -15.46 		21 		14.32
v -15.5956 		21 		14.3044
v -15.7356 		21 		14.2844
v -15.88 		21 		14.26
v -16.0256 		21 		14.2294
v -16.1689 		21 		14.1911
v -16.31 		21 		14.145
v -16.4489 		21 		14.0911
v -16.5856 		21 		14.0294
v -16.72 		21 		13.96
v -16.8494 		21 		13.8756
v -16.9711 		21 		13.7822
v -17.085 		21 		13.68
v -17.1911 		21 		13.5689
v -17.2894 		21 		13.4489
v -17.38 		21 		13.32
v -17.4594 		21 		13.1728
v -17.5244 		21 		13.0111
v -17.575 		21 		12.835
v -17.6111 		21 		12.6444
v -17.6328 		21 		12.4394
v -17.64 		21 		12.22
v -17.6317 		21 		11.9956
v -17.6067 		21 		11.7756
v -17.565 		21 		11.56
v -17.5067 		21 		11.3489
v -17.4317 		21 		11.1422
v -17.34 		21 		10.94
v -17.2294 		21 		10.745
v -17.0978 		21 		10.56
v -16.945 		21 		10.385
v -16.7711 		21 		10.22
v -16.5761 		21 		10.065
v -16.36 		21 		9.92
v -16.1289 		21 		9.7794
v -15.8756 		21 		9.6511
v -15.6 		21 		9.535
v -15.3022 		21 		9.4311
v -14.9822 		21 		9.3394
v -14.64 		21 		9.26
v -14.2683 		21 		9.1806
v -13.8733 		21 		9.1156
v -13.455 		21 		9.065
v -13.0133 		21 		9.0289
v -9.4289 		21 		20.8311
v -12.72 		21 		15.28
v -15.0556 		21 		13.7844
v -9.515 		21 		21.205
v -12.4083 		21 		15.1678
v -15.025 		21 		13.52
v -9.6356 		21 		21.5444
v -14.9822 		21 		13.2644
v -10.9756 		21 		18.5978
v -11.3 		21 		18.72
v -9.7906 		21 		21.8494
v -14.9272 		21 		13.0178
v -11.6022 		21 		18.8378
v -9.98 		21 		22.12
v -12.1133 		21 		15.0578
v -14.86 		21 		12.78
v -11.8822 		21 		18.9511
v -10.2033 		21 		22.3583
v -11.835 		21 		14.95
v -14.7817 		21 		12.5528
v -12.14 		21 		19.06
v -10.46 		21 		22.5533
v -11.5733 		21 		14.8444
v -14.6933 		21 		12.3378
v -12.3778 		21 		19.1667
v -10.75 		21 		22.705
v -11.3283 		21 		14.7411
v -14.595 		21 		12.135
v -12.5978 		21 		19.2733
v -11.0733 		21 		22.8133
v -11.1 		21 		14.64
v -14.4867 		21 		11.9444
v -11.43 		21 		22.8783
v -10.8872 		21 		14.5333
v -14.3683 		21 		11.7661
v -11.82 		21 		22.9
v -10.6889 		21 		14.4267
v -14.24 		21 		11.6
v -10.505 		21 		14.32
v -14.1028 		21 		11.4461
v -11.9661 		21 		22.8967
v -10.3356 		21 		14.2133
v -13.9578 		21 		11.3044
v -12.1111 		21 		22.8867
v -10.1806 		21 		14.1067
v -13.805 		21 		11.175
v -12.255 		21 		22.87
v -10.04 		21 		14
v -13.6444 		21 		11.0578
v -12.3978 		21 		22.8467
v -9.9133 		21 		13.8922
v -12.5394 		21 		22.8167
v -9.8 		21 		13.7822
v -13.4761 		21 		10.9528
v -12.68 		21 		22.78
v -9.7 		21 		13.67
v -13.3 		21 		10.86
v -12.8167 		21 		22.7433
v -9.6133 		21 		13.5556
v -13.11 		21 		10.7867
v -12.9467 		21 		22.7
v -12.9133 		21 		10.7267
v -13.07 		21 		22.65
v -12.71 		21 		10.68
v -13.1867 		21 		22.5933
v -12.5 		21 		10.6467
v -13.2967 		21 		22.53
v -12.2833 		21 		10.6267
v -13.4 		21 		22.46
v -12.06 		21 		10.62
v -13.4967 		21 		22.3839
v -11.8256 		21 		10.6239
v -13.5867 		21 		22.3022
v -11.6022 		21 		10.6356
v -13.67 		21 		22.215
v -11.39 		21 		10.655
v -13.7467 		21 		22.1222
v -11.1889 		21 		10.6822
v -13.8167 		21 		22.0239
v -10.9989 		21 		10.7172
v -13.88 		21 		21.92
v -10.82 		21 		10.76
v -13.935 		21 		21.81
v -10.6517 		21 		10.8106
v -13.98 		21 		21.6933
v -10.4933 		21 		10.8689
v -14.015 		21 		21.57
v -10.345 		21 		10.935
v -14.04 		21 		21.44
v -10.2067 		21 		11.0089
v -14.055 		21 		21.3033
v -10.0783 		21 		11.0906
v -14.06 		21 		21.16
v -9.96 		21 		11.18
v -14.0556 		21 		21.0161
v -9.8578 		21 		11.2689
v -14.0422 		21 		20.8778
v -9.7644 		21 		11.3622
v -14.02 		21 		20.745
v -9.68 		21 		11.46
v -13.9889 		21 		20.6178
v -9.6044 		21 		11.5622
v -13.9489 		21 		20.4961
v -9.5378 		21 		11.6689
v -13.9 		21 		20.38
v -9.48 		21 		11.78
v -13.8389 		21 		20.2611
v -9.425 		21 		11.8944
v -13.7622 		21 		20.1444
v -9.38 		21 		12.0111
v -13.67 		21 		20.03
v -9.345 		21 		12.13
v -13.5622 		21 		19.9178
v -9.32 		21 		12.2511
v -13.4389 		21 		19.8078
v -9.305 		21 		12.3744
v -13.3 		21 		19.7
v -9.3 		21 		12.5
v -13.1511 		21 		19.5933
v -9.305 		21 		12.6506
v -12.9844 		21 		19.4867
v -9.32 		21 		12.7956
v -12.8 		21 		19.38
v -9.345 		21 		12.935
v -9.38 		21 		13.0689
v -9.425 		21 		13.1972
v -9.54 		21 		13.4389
v -9.48 		21 		13.32
v 12.84 		31 		10.76
v 12.84 		31 		9.28
v 6.72 		31 		9.28
v 10.9311 		31 		19.6161
v 10.94 		31 		19.16
v 10.94 		31 		12.72
v 10.86 		31 		20.465
v 10.9044 		31 		20.0511
v 10.7178 		31 		21.2294
v 10.7978 		31 		20.8578
v 10.5061 		31 		21.9094
v 10.62 		31 		21.58
v 10.235 		31 		22.505
v 10.3778 		31 		22.2178
v 9.9061 		31 		23.0161
v 10.0778 		31 		22.7711
v 9.5133 		31 		23.45
v 9.72 		31 		23.24
v 9.06 		31 		23.81
v 9.2933 		31 		23.64
v 8.5533 		31 		24.09
v 8.8133 		31 		23.96
v 7.9872 		31 		24.2978
v 8.28 		31 		24.2
v 7.365 		31 		24.44
v 7.6822 		31 		24.3778
v 6.6939 		31 		24.5111
v 7.0356 		31 		24.4844
v 6.1278 		31 		24.5183
v 6.34 		31 		24.52
v 5.71 		31 		24.505
v 5.9178 		31 		24.5133
v 5.3011 		31 		24.4783
v 5.5044 		31 		24.4933
v 4.9078 		31 		24.435
v 5.1 		31 		24.46
v 4.53 		31 		24.355
v 4.7178 		31 		24.4
v 4.1611 		31 		24.235
v 4.3444 		31 		24.3
v 3.8078 		31 		24.0806
v 3.98 		31 		24.16
v 3.47 		31 		23.885
v 3.6378 		31 		23.9889
v 3.1411 		31 		23.6406
v 3.3044 		31 		23.7689
v 2.8278 		31 		23.3433
v 2.98 		31 		23.5
v 2.53 		31 		22.97
v 2.6778 		31 		23.1667
v 2.2411 		31 		22.5167
v 2.3844 		31 		22.7533
v 1.9 		31 		22.6622
v 1.88 		31 		22.4606
v 1.86 		31 		22.26
v 1.94 		31 		23.0689
v 1.92 		31 		22.865
v 1.98 		31 		23.48
v 1.96 		31 		23.2739
v 2.0022 		31 		23.8489
v 1.9922 		31 		23.6622
v 2.0156 		31 		24.2356
v 2.01 		31 		24.04
v 2.02 		31 		24.64
v 2.0189 		31 		24.4356
v 2.02 		31 		25.0444
v 2.02 		31 		24.8444
v 2.02 		31 		25.6178
v 2.02 		31 		25.4311
v 2.02 		31 		25.24
v -4.44 		31 		30.38
v 2.02 		31 		30.38
v 2.02 		31 		25.8
v -4.12 		31 		28.92
v -4.44 		31 		28.92
v -4.36 		31 		9.28
v -4.36 		31 		10.76
v -4.32 		31 		10.76
v 4.14 		31 		10.76
v 4.14 		31 		9.28
v 12.6833 		31 		10.7617
v -4.0189 		31 		28.9183
v -4.1622 		31 		10.7617
v 3.9828 		31 		10.7617
v 12.5333 		31 		10.7667
v -3.9156 		31 		28.9133
v -4.0089 		31 		10.7667
v 3.8311 		31 		10.7667
v 12.39 		31 		10.775
v 10.9428 		31 		12.5078
v 2.1 		31 		22.26
v -3.81 		31 		28.905
v -3.86 		31 		10.775
v 3.685 		31 		10.775
v 12.2533 		31 		10.7867
v 10.9511 		31 		12.3111
v -3.7022 		31 		28.8933
v -3.7156 		31 		10.7867
v 3.5444 		31 		10.7867
v 12.1233 		31 		10.8017
v -3.5922 		31 		28.8783
v -3.5756 		31 		10.8017
v 3.4094 		31 		10.8017
v 12 		31 		10.82
v -3.48 		31 		28.86
v -3.44 		31 		10.82
v 3.28 		31 		10.82
v 11.8833 		31 		10.8439
v -3.3678 		31 		28.8367
v -3.3156 		31 		10.8439
v 3.1561 		31 		10.8433
v 11.7733 		31 		10.8756
v -3.2578 		31 		28.8067
v -3.1956 		31 		10.8756
v 3.0378 		31 		10.8733
v 11.67 		31 		10.915
v -3.15 		31 		28.77
v -3.08 		31 		10.915
v 2.925 		31 		10.91
v 11.5733 		31 		10.9622
v -3.0444 		31 		28.7267
v -2.9689 		31 		10.9622
v 2.8178 		31 		10.9533
v 11.4833 		31 		11.0172
v -2.9411 		31 		28.6767
v -2.8622 		31 		11.0172
v 2.7161 		31 		11.0033
v 11.4 		31 		11.08
v -2.84 		31 		28.62
v -2.76 		31 		11.08
v 2.62 		31 		11.06
v 11.3233 		31 		11.1578
v -2.7428 		31 		28.5556
v -2.67 		31 		11.1517
v 2.5367 		31 		11.1311
v 11.2533 		31 		11.2444
v -2.5867 		31 		11.2333
v 2.46 		31 		11.2111
v 11.19 		31 		11.34
v -2.6511 		31 		28.4822
v 6.72 		31 		18.42
v -2.565 		31 		28.4
v -2.51 		31 		11.325
v 6.7167 		31 		18.7083
v -2.4844 		31 		28.3089
v -2.44 		31 		11.4267
v 6.7067 		31 		18.9867
v -2.4094 		31 		28.2089
v -2.3767 		31 		11.5383
v 6.69 		31 		19.255
v -2.32 		31 		11.66
v 6.6667 		31 		19.5133
v -2.34 		31 		28.1
v -2.265 		31 		11.7933
v 11.1333 		31 		11.4444
v -2.2789 		31 		27.9867
v -2.22 		31 		11.94
v 6.6367 		31 		19.7617
v -2.2289 		31 		27.86
v -2.185 		31 		12.1
v 6.6 		31 		20
v -2.19 		31 		27.72
v -2.16 		31 		12.2733
v 6.5561 		31 		20.2272
v -2.1622 		31 		27.5667
v -2.145 		31 		12.46
v 6.5044 		31 		20.4422
v -2.1456 		31 		27.4
v -2.14 		31 		12.66
v 6.445 		31 		20.645
v -2.14 		31 		27.22
v 2.39 		31 		11.3
v 6.3778 		31 		20.8356
v 2.3267 		31 		11.3978
v 6.3028 		31 		21.0139
v 2.27 		31 		11.5044
v 6.22 		31 		21.18
v 2.22 		31 		11.62
v 11.0833 		31 		11.5578
v 2.1772 		31 		11.7461
v 11.04 		31 		11.68
v 2.1422 		31 		11.8844
v 11.0094 		31 		11.8144
v 2.115 		31 		12.035
v 10.9844 		31 		11.9644
v 2.0956 		31 		12.1978
v 10.965 		31 		12.13
v 2.0839 		31 		12.3728
v 2.08 		31 		12.56
v 2.08 		31 		17.86
v 6.1283 		31 		21.3333
v 2.0833 		31 		18.1444
v 6.0267 		31 		21.4733
v 2.0933 		31 		18.4244
v 5.915 		31 		21.6
v 2.11 		31 		18.7
v 5.7933 		31 		21.7133
v 2.1333 		31 		18.9711
v 5.6617 		31 		21.8133
v 2.1633 		31 		19.2378
v 5.52 		31 		21.9
v 2.2 		31 		19.5
v 5.3744 		31 		21.9794
v 2.2444 		31 		19.7544
v 5.2178 		31 		22.0444
v 2.2978 		31 		19.9978
v 5.05 		31 		22.095
v 2.36 		31 		20.23
v 4.8711 		31 		22.1311
v 4.6811 		31 		22.1528
v 2.4311 		31 		20.4511
v 2.5111 		31 		20.6611
v 4.48 		31 		22.16
v 2.6 		31 		20.86
v 4.2594 		31 		22.15
v 2.6983 		31 		21.0528
v 4.0511 		31 		22.12
v 2.8067 		31 		21.2311
v 3.855 		31 		22.07
v 2.925 		31 		21.395
v 3.6711 		31 		22
v 3.0533 		31 		21.5444
v 3.4994 		31 		21.91
v 3.1917 		31 		21.6794
v 3.34 		31 		21.8
v 6.72 		21 		9.28
v 12.84 		21 		9.28
v 12.84 		21 		10.76
v 10.94 		21 		12.72
v 10.94 		21 		19.16
v 10.9311 		21 		19.6161
v 10.9044 		21 		20.0511
v 10.86 		21 		20.465
v 10.7978 		21 		20.8578
v 10.7178 		21 		21.2294
v 10.62 		21 		21.58
v 10.5061 		21 		21.9094
v 10.3778 		21 		22.2178
v 10.235 		21 		22.505
v 10.0778 		21 		22.7711
v 9.9061 		21 		23.0161
v 9.72 		21 		23.24
v 9.5133 		21 		23.45
v 9.2933 		21 		23.64
v 9.06 		21 		23.81
v 8.8133 		21 		23.96
v 8.5533 		21 		24.09
v 8.28 		21 		24.2
v 7.9872 		21 		24.2978
v 7.6822 		21 		24.3778
v 7.365 		21 		24.44
v 7.0356 		21 		24.4844
v 6.6939 		21 		24.5111
v 6.34 		21 		24.52
v 6.1278 		21 		24.5183
v 5.9178 		21 		24.5133
v 5.71 		21 		24.505
v 5.5044 		21 		24.4933
v 5.3011 		21 		24.4783
v 5.1 		21 		24.46
v 4.9078 		21 		24.435
v 4.7178 		21 		24.4
v 4.53 		21 		24.355
v 4.3444 		21 		24.3
v 4.1611 		21 		24.235
v 3.98 		21 		24.16
v 3.8078 		21 		24.0806
v 3.6378 		21 		23.9889
v 3.47 		21 		23.885
v 3.3044 		21 		23.7689
v 3.1411 		21 		23.6406
v 2.98 		21 		23.5
v 2.8278 		21 		23.3433
v 2.6778 		21 		23.1667
v 2.53 		21 		22.97
v 2.3844 		21 		22.7533
v 2.2411 		21 		22.5167
v 1.86 		21 		22.26
v 1.88 		21 		22.4606
v 1.9 		21 		22.6622
v 1.92 		21 		22.865
v 1.94 		21 		23.0689
v 1.96 		21 		23.2739
v 1.98 		21 		23.48
v 1.9922 		21 		23.6622
v 2.0022 		21 		23.8489
v 2.01 		21 		24.04
v 2.0156 		21 		24.2356
v 2.0189 		21 		24.4356
v 2.02 		21 		24.64
v 2.02 		21 		24.8444
v 2.02 		21 		25.0444
v 2.02 		21 		25.24
v 2.02 		21 		25.4311
v 2.02 		21 		25.6178
v 2.02 		21 		25.8
v 2.02 		21 		30.38
v -4.44 		21 		30.38
v -4.44 		21 		28.92
v -4.12 		21 		28.92
v -4.32 		21 		10.76
v -4.36 		21 		10.76
v -4.36 		21 		9.28
v 4.14 		21 		9.28
v 4.14 		21 		10.76
v 12.6833 		21 		10.7617
v -4.0189 		21 		28.9183
v -4.1622 		21 		10.7617
v 3.9828 		21 		10.7617
v 12.5333 		21 		10.7667
v -3.9156 		21 		28.9133
v -4.0089 		21 		10.7667
v 3.8311 		21 		10.7667
v 12.39 		21 		10.775
v 10.9428 		21 		12.5078
v 2.1 		21 		22.26
v -3.81 		21 		28.905
v -3.86 		21 		10.775
v 3.685 		21 		10.775
v 12.2533 		21 		10.7867
v 10.9511 		21 		12.3111
v -3.7022 		21 		28.8933
v -3.7156 		21 		10.7867
v 3.5444 		21 		10.7867
v 12.1233 		21 		10.8017
v -3.5922 		21 		28.8783
v -3.5756 		21 		10.8017
v 3.4094 		21 		10.8017
v 12 		21 		10.82
v -3.48 		21 		28.86
v -3.44 		21 		10.82
v 3.28 		21 		10.82
v 11.8833 		21 		10.8439
v -3.3678 		21 		28.8367
v -3.3156 		21 		10.8439
v 3.1561 		21 		10.8433
v 11.7733 		21 		10.8756
v -3.2578 		21 		28.8067
v -3.1956 		21 		10.8756
v 3.0378 		21 		10.8733
v 11.67 		21 		10.915
v -3.15 		21 		28.77
v -3.08 		21 		10.915
v 2.925 		21 		10.91
v 11.5733 		21 		10.9622
v -3.0444 		21 		28.7267
v -2.9689 		21 		10.9622
v 2.8178 		21 		10.9533
v 11.4833 		21 		11.0172
v -2.9411 		21 		28.6767
v -2.8622 		21 		11.0172
v 2.7161 		21 		11.0033
v 11.4 		21 		11.08
v -2.84 		21 		28.62
v -2.76 		21 		11.08
v 2.62 		21 		11.06
v 11.3233 		21 		11.1578
v -2.7428 		21 		28.5556
v -2.67 		21 		11.1517
v 2.5367 		21 		11.1311
v 11.2533 		21 		11.2444
v -2.5867 		21 		11.2333
v 2.46 		21 		11.2111
v 11.19 		21 		11.34
v -2.6511 		21 		28.4822
v 6.72 		21 		18.42
v -2.565 		21 		28.4
v -2.51 		21 		11.325
v 6.7167 		21 		18.7083
v -2.4844 		21 		28.3089
v -2.44 		21 		11.4267
v 6.7067 		21 		18.9867
v -2.4094 		21 		28.2089
v -2.3767 		21 		11.5383
v 6.69 		21 		19.255
v -2.32 		21 		11.66
v 6.6667 		21 		19.5133
v -2.34 		21 		28.1
v -2.265 		21 		11.7933
v 11.1333 		21 		11.4444
v -2.2789 		21 		27.9867
v -2.22 		21 		11.94
v 6.6367 		21 		19.7617
v -2.2289 		21 		27.86
v -2.185 		21 		12.1
v 6.6 		21 		20
v -2.19 		21 		27.72
v -2.16 		21 		12.2733
v 6.5561 		21 		20.2272
v -2.1622 		21 		27.5667
v -2.145 		21 		12.46
v 6.5044 		21 		20.4422
v -2.1456 		21 		27.4
v -2.14 		21 		12.66
v 6.445 		21 		20.645
v -2.14 		21 		27.22
v 2.39 		21 		11.3
v 6.3778 		21 		20.8356
v 2.3267 		21 		11.3978
v 6.3028 		21 		21.0139
v 2.27 		21 		11.5044
v 6.22 		21 		21.18
v 2.22 		21 		11.62
v 11.0833 		21 		11.5578
v 2.1772 		21 		11.7461
v 11.04 		21 		11.68
v 2.1422 		21 		11.8844
v 11.0094 		21 		11.8144
v 2.115 		21 		12.035
v 10.9844 		21 		11.9644
v 2.0956 		21 		12.1978
v 10.965 		21 		12.13
v 2.0839 		21 		12.3728
v 2.08 		21 		12.56
v 2.08 		21 		17.86
v 6.1283 		21 		21.3333
v 2.0833 		21 		18.1444
v 6.0267 		21 		21.4733
v 2.0933 		21 		18.4244
v 5.915 		21 		21.6
v 2.11 		21 		18.7
v 5.7933 		21 		21.7133
v 2.1333 		21 		18.9711
v 5.6617 		21 		21.8133
v 2.1633 		21 		19.2378
v 5.52 		21 		21.9
v 2.2 		21 		19.5
v 5.3744 		21 		21.9794
v 2.2444 		21 		19.7544
v 5.2178 		21 		22.0444
v 2.2978 		21 		19.9978
v 5.05 		21 		22.095
v 2.36 		21 		20.23
v 4.8711 		21 		22.1311
v 4.6811 		21 		22.1528
v 2.4311 		21 		20.4511
v 2.5111 		21 		20.6611
v 4.48 		21 		22.16
v 2.6 		21 		20.86
v 4.2594 		21 		22.15
v 2.6983 		21 		21.0528
v 4.0511 		21 		22.12
v 2.8067 		21 		21.2311
v 3.855 		21 		22.07
v 2.925 		21 		21.395
v 3.6711 		21 		22
v 3.0533 		21 		21.5444
v 3.4994 		21 		21.91
v 3.1917 		21 		21.6794
v 3.34 		21 		21.8
v 31.22 		31 		10.76
v 31.22 		31 		9.34
v 30.82 		31 		9.34
v 30.28 		31 		24.16
v 30.28 		31 		22.76
v 29.955 		31 		22.7444
v 23.28 		31 		22.76
v 23.28 		31 		24.16
v 20.56 		31 		17.9883
v 20.56 		31 		17.84
v 20.5294 		31 		17.6656
v 20.56 		31 		18.78
v 20.56 		31 		18.615
v 20.56 		31 		18.4533
v 20.56 		31 		19.66
v 20.56 		31 		19.53
v 20.56 		31 		19.3933
v 14.08 		31 		28.92
v 14.08 		31 		30.38
v 20.56 		31 		30.38
v 14.08 		31 		9.28
v 14.08 		31 		10.76
v 14.4 		31 		10.76
v 22.92 		31 		10.76
v 22.92 		31 		9.28
v 24.34 		31 		11.4172
v 24.16 		31 		11.7
v 21.7 		31 		15.64
v 24.7 		31 		10.915
v 24.52 		31 		11.1556
v 25.06 		31 		10.4972
v 24.88 		31 		10.6956
v 25.4256 		31 		10.1606
v 25.24 		31 		10.32
v 25.83 		31 		9.885
v 25.6222 		31 		10.0156
v 26.2789 		31 		9.6672
v 26.0489 		31 		9.7689
v 26.775 		31 		9.5067
v 26.52 		31 		9.58
v 27.335 		31 		9.4
v 27.0467 		31 		9.4467
v 27.9617 		31 		9.3467
v 27.64 		31 		9.3667
v 28.6533 		31 		9.34
v 28.3 		31 		9.34
v 29.8733 		31 		9.34
v 29.44 		31 		9.34
v 29.0333 		31 		9.34
v 30.3333 		31 		9.34
v 30.9972 		31 		10.7744
v 29.6333 		31 		22.6978
v 23.4983 		31 		22.7544
v 20.5044 		31 		17.4889
v 14.4 		31 		28.92
v 14.5017 		31 		10.7617
v 22.58 		31 		10.76
v 29.315 		31 		22.62
v 23.7 		31 		22.7378
v 20.56 		31 		18.14
v 14.5011 		31 		28.9183
v 14.6067 		31 		10.7667
v 22.4783 		31 		10.7617
v 29 		31 		22.5111
v 23.885 		31 		22.71
v 20.485 		31 		17.31
v 14.6044 		31 		28.9133
v 14.715 		31 		10.775
v 22.3733 		31 		10.7667
v 28.6883 		31 		22.3711
v 24.0533 		31 		22.6711
v 20.56 		31 		18.295
v 14.71 		31 		28.905
v 14.8267 		31 		10.7867
v 22.265 		31 		10.775
v 30.7689 		31 		10.8178
v 28.38 		31 		22.2
v 24.205 		31 		22.6211
v 20.4711 		31 		17.1289
v 14.8178 		31 		28.8933
v 14.9417 		31 		10.8017
v 22.1533 		31 		10.7867
v 30.535 		31 		10.89
v 28.0622 		31 		21.9944
v 24.34 		31 		22.56
v 14.9278 		31 		28.8783
v 15.06 		31 		10.82
v 22.0383 		31 		10.8017
v 30.2956 		31 		10.9911
v 27.7356 		31 		21.7511
v 24.45 		31 		22.4894
v 15.04 		31 		28.86
v 15.1717 		31 		10.8433
v 21.92 		31 		10.82
v 30.0506 		31 		11.1211
v 27.4 		31 		21.47
v 24.54 		31 		22.4111
v 20.56 		31 		18.9433
v 15.1522 		31 		28.8367
v 15.28 		31 		10.8733
v 21.8078 		31 		10.8433
v 27.0556 		31 		21.1511
v 24.61 		31 		22.325
v 20.56 		31 		19.1
v 15.2622 		31 		28.8067
v 15.385 		31 		10.91
v 21.6978 		31 		10.8733
v 29.8 		31 		11.28
v 20.4628 		31 		16.9456
v 15.37 		31 		28.77
v 15.4867 		31 		10.9533
v 21.59 		31 		10.91
v 29.5478 		31 		11.4694
v 26.7022 		31 		20.7944
v 20.56 		31 		19.25
v 15.4756 		31 		28.7267
v 15.585 		31 		11.0033
v 21.4844 		31 		10.9533
v 29.2978 		31 		11.6911
v 26.34 		31 		20.4
v 15.5789 		31 		28.6767
v 15.68 		31 		11.06
v 21.3811 		31 		11.0033
v 29.05 		31 		11.945
v 24.66 		31 		22.2311
v 15.68 		31 		28.62
v 15.7772 		31 		11.1306
v 21.28 		31 		11.06
v 28.8044 		31 		12.2311
v 24.69 		31 		22.1294
v 15.7772 		31 		28.5556
v 15.8689 		31 		11.2089
v 21.1828 		31 		11.1306
v 28.5611 		31 		12.5494
v 24.7 		31 		22.02
v 20.46 		31 		16.76
v 15.8689 		31 		28.4822
v 15.955 		31 		11.295
v 21.0911 		31 		11.2089
v 28.32 		31 		12.9
v 24.6 		31 		18.4
v 15.955 		31 		28.4
v 24.6961 		31 		21.95
v 16.0356 		31 		28.3089
v 16.0356 		31 		11.3889
v 20.6 		31 		14.8
v 24.6844 		31 		21.8733
v 16.1106 		31 		28.2089
v 16.1106 		31 		11.4906
v 24.665 		31 		21.79
v 16.18 		31 		28.1
v 16.18 		31 		11.6
v 24.6378 		31 		21.7
v 16.2411 		31 		27.9867
v 16.2411 		31 		11.7267
v 24.6028 		31 		21.6033
v 16.2911 		31 		27.86
v 16.2911 		31 		11.8667
v 24.56 		31 		21.5
v 16.33 		31 		12.02
v 24.5044 		31 		21.3939
v 16.33 		31 		27.72
v 16.3578 		31 		12.1867
v 16.3578 		31 		27.5667
v 16.3744 		31 		12.3667
v 24.4311 		31 		21.2756
v 16.3744 		31 		27.4
v 16.38 		31 		12.56
v 24.34 		31 		21.145
v 16.38 		31 		27.22
v 21.005 		31 		11.295
v 24.2311 		31 		21.0022
v 20.9244 		31 		11.3889
v 24.1044 		31 		20.8472
v 20.8494 		31 		11.4906
v 23.96 		31 		20.68
v 20.78 		31 		11.6
v 20.725 		31 		11.7267
v 20.6 		31 		12.56
v 20.68 		31 		11.8667
v 20.605 		31 		12.3667
v 20.645 		31 		12.02
v 20.62 		31 		12.1867
v 30.82 		21 		9.34
v 31.22 		21 		9.34
v 31.22 		21 		10.76
v 29.955 		21 		22.7444
v 30.28 		21 		22.76
v 30.28 		21 		24.16
v 23.28 		21 		24.16
v 23.28 		21 		22.76
v 20.5294 		21 		17.6656
v 20.56 		21 		17.84
v 20.56 		21 		17.9883
v 20.56 		21 		18.4533
v 20.56 		21 		18.615
v 20.56 		21 		18.78
v 20.56 		21 		19.3933
v 20.56 		21 		19.53
v 20.56 		21 		19.66
v 20.56 		21 		30.38
v 14.08 		21 		30.38
v 14.08 		21 		28.92
v 14.4 		21 		10.76
v 14.08 		21 		10.76
v 14.08 		21 		9.28
v 22.92 		21 		9.28
v 22.92 		21 		10.76
v 21.7 		21 		15.64
v 24.16 		21 		11.7
v 24.34 		21 		11.4172
v 24.52 		21 		11.1556
v 24.7 		21 		10.915
v 24.88 		21 		10.6956
v 25.06 		21 		10.4972
v 25.24 		21 		10.32
v 25.4256 		21 		10.1606
v 25.6222 		21 		10.0156
v 25.83 		21 		9.885
v 26.0489 		21 		9.7689
v 26.2789 		21 		9.6672
v 26.52 		21 		9.58
v 26.775 		21 		9.5067
v 27.0467 		21 		9.4467
v 27.335 		21 		9.4
v 27.64 		21 		9.3667
v 27.9617 		21 		9.3467
v 28.3 		21 		9.34
v 28.6533 		21 		9.34
v 29.0333 		21 		9.34
v 29.44 		21 		9.34
v 29.8733 		21 		9.34
v 30.3333 		21 		9.34
v 30.9972 		21 		10.7744
v 29.6333 		21 		22.6978
v 23.4983 		21 		22.7544
v 20.5044 		21 		17.4889
v 14.4 		21 		28.92
v 14.5017 		21 		10.7617
v 22.58 		21 		10.76
v 29.315 		21 		22.62
v 23.7 		21 		22.7378
v 20.56 		21 		18.14
v 14.5011 		21 		28.9183
v 14.6067 		21 		10.7667
v 22.4783 		21 		10.7617
v 29 		21 		22.5111
v 23.885 		21 		22.71
v 20.485 		21 		17.31
v 14.6044 		21 		28.9133
v 14.715 		21 		10.775
v 22.3733 		21 		10.7667
v 28.6883 		21 		22.3711
v 24.0533 		21 		22.6711
v 20.56 		21 		18.295
v 14.71 		21 		28.905
v 14.8267 		21 		10.7867
v 22.265 		21 		10.775
v 30.7689 		21 		10.8178
v 28.38 		21 		22.2
v 24.205 		21 		22.6211
v 20.4711 		21 		17.1289
v 14.8178 		21 		28.8933
v 14.9417 		21 		10.8017
v 22.1533 		21 		10.7867
v 30.535 		21 		10.89
v 28.0622 		21 		21.9944
v 24.34 		21 		22.56
v 14.9278 		21 		28.8783
v 15.06 		21 		10.82
v 22.0383 		21 		10.8017
v 30.2956 		21 		10.9911
v 27.7356 		21 		21.7511
v 24.45 		21 		22.4894
v 15.04 		21 		28.86
v 15.1717 		21 		10.8433
v 21.92 		21 		10.82
v 30.0506 		21 		11.1211
v 27.4 		21 		21.47
v 24.54 		21 		22.4111
v 20.56 		21 		18.9433
v 15.1522 		21 		28.8367
v 15.28 		21 		10.8733
v 21.8078 		21 		10.8433
v 27.0556 		21 		21.1511
v 24.61 		21 		22.325
v 20.56 		21 		19.1
v 15.2622 		21 		28.8067
v 15.385 		21 		10.91
v 21.6978 		21 		10.8733
v 29.8 		21 		11.28
v 20.4628 		21 		16.9456
v 15.37 		21 		28.77
v 15.4867 		21 		10.9533
v 21.59 		21 		10.91
v 29.5478 		21 		11.4694
v 26.7022 		21 		20.7944
v 20.56 		21 		19.25
v 15.4756 		21 		28.7267
v 15.585 		21 		11.0033
v 21.4844 		21 		10.9533
v 29.2978 		21 		11.6911
v 26.34 		21 		20.4
v 15.5789 		21 		28.6767
v 15.68 		21 		11.06
v 21.3811 		21 		11.0033
v 29.05 		21 		11.945
v 24.66 		21 		22.2311
v 15.68 		21 		28.62
v 15.7772 		21 		11.1306
v 21.28 		21 		11.06
v 28.8044 		21 		12.2311
v 24.69 		21 		22.1294
v 15.7772 		21 		28.5556
v 15.8689 		21 		11.2089
v 21.1828 		21 		11.1306
v 28.5611 		21 		12.5494
v 24.7 		21 		22.02
v 20.46 		21 		16.76
v 15.8689 		21 		28.4822
v 15.955 		21 		11.295
v 21.0911 		21 		11.2089
v 28.32 		21 		12.9
v 24.6 		21 		18.4
v 15.955 		21 		28.4
v 24.6961 		21 		21.95
v 16.0356 		21 		28.3089
v 16.0356 		21 		11.3889
v 20.6 		21 		14.8
v 24.6844 		21 		21.8733
v 16.1106 		21 		28.2089
v 16.1106 		21 		11.4906
v 24.665 		21 		21.79
v 16.18 		21 		28.1
v 16.18 		21 		11.6
v 24.6378 		21 		21.7
v 16.2411 		21 		27.9867
v 16.2411 		21 		11.7267
v 24.6028 		21 		21.6033
v 16.2911 		21 		27.86
v 16.2911 		21 		11.8667
v 24.56 		21 		21.5
v 16.33 		21 		12.02
v 24.5044 		21 		21.3939
v 16.33 		21 		27.72
v 16.3578 		21 		12.1867
v 16.3578 		21 		27.5667
v 16.3744 		21 		12.3667
v 24.4311 		21 		21.2756
v 16.3744 		21 		27.4
v 16.38 		21 		12.56
v 24.34 		21 		21.145
v 16.38 		21 		27.22
v 21.005 		21 		11.295
v 24.2311 		21 		21.0022
v 20.9244 		21 		11.3889
v 24.1044 		21 		20.8472
v 20.8494 		21 		11.4906
v 23.96 		21 		20.68
v 20.78 		21 		11.6
v 20.725 		21 		11.7267
v 20.6 		21 		12.56
v 20.68 		21 		11.8667
v 20.605 		21 		12.3667
v 20.645 		21 		12.02
v 20.62 		21 		12.1867
v 37.7433 		31 		18.0094
v 38.74 		31 		18.04
v 41.02 		31 		18.04
v 36.01 		31 		17.765
v 36.8333 		31 		17.9178
v 34.6233 		31 		17.2761
v 35.2733 		31 		17.5511
v 33.5894 		31 		16.5406
v 34.06 		31 		16.94
v 32.905 		31 		15.545
v 33.2044 		31 		16.0756
v 32.5628 		31 		14.2872
v 32.6911 		31 		14.9489
v 36.84 		31 		13.42
v 32.52 		31 		13.56
v 36.85 		31 		13.0367
v 32.5556 		31 		12.82
v 32.5289 		31 		13.1817
v 32.6622 		31 		12.1467
v 32.6 		31 		12.475
v 32.84 		31 		11.54
v 32.7422 		31 		11.835
v 33.0956 		31 		11
v 32.9606 		31 		11.2617
v 33.4089 		31 		10.5267
v 33.245 		31 		10.755
v 33.78 		31 		10.12
v 33.5872 		31 		10.315
v 34.1911 		31 		9.7689
v 33.9794 		31 		9.9356
v 34.6511 		31 		9.4889
v 34.415 		31 		9.62
v 35.16 		31 		9.28
v 34.8994 		31 		9.3756
v 35.7067 		31 		9.1356
v 35.43 		31 		9.2006
v 36.28 		31 		9.0489
v 35.99 		31 		9.085
v 36.88 		31 		9.02
v 36.5767 		31 		9.0272
v 37.3778 		31 		9.0333
v 37.1344 		31 		9.0233
v 37.8311 		31 		9.0733
v 37.61 		31 		9.05
v 38.24 		31 		9.14
v 38.0411 		31 		9.1033
v 38.6133 		31 		9.2444
v 38.43 		31 		9.1894
v 38.96 		31 		9.3711
v 38.79 		31 		9.305
v 39.28 		31 		9.52
v 39.1233 		31 		9.4428
v 39.58 		31 		9.7222
v 39.4317 		31 		9.6172
v 39.8667 		31 		9.9556
v 39.725 		31 		9.835
v 40.14 		31 		10.22
v 40.005 		31 		10.0839
v 40.4156 		31 		10.5044
v 40.2756 		31 		10.3578
v 40.7089 		31 		10.8244
v 40.56 		31 		10.66
v 41.02 		31 		11.18
v 40.8622 		31 		10.9978
v 47 		31 		9.28
v 41.84 		31 		9.28
v 41.26 		31 		11.18
v 46.9 		31 		10.76
v 47 		31 		10.76
v 45.2294 		31 		20.2222
v 45.24 		31 		19.8
v 45.24 		31 		12.72
v 45.145 		31 		21
v 45.1978 		31 		20.6222
v 44.9761 		31 		21.6889
v 45.0711 		31 		21.3556
v 44.73 		31 		22.2906
v 44.86 		31 		22
v 44.41 		31 		22.815
v 44.58 		31 		22.5622
v 44.01 		31 		23.2639
v 44.22 		31 		23.0489
v 43.5239 		31 		23.6322
v 43.78 		31 		23.46
v 42.955 		31 		23.93
v 43.2489 		31 		23.7889
v 42.3106 		31 		24.1656
v 42.6422 		31 		24.0556
v 41.5833 		31 		24.3394
v 41.96 		31 		24.26
v 40.77 		31 		24.455
v 41.1867 		31 		24.4044
v 39.8767 		31 		24.5128
v 40.3333 		31 		24.4911
v 39.0106 		31 		24.5156
v 39.4 		31 		24.52
v 38.255 		31 		24.48
v 38.6289 		31 		24.5022
v 37.5306 		31 		24.4089
v 37.8889 		31 		24.4489
v 36.8406 		31 		24.3017
v 37.18 		31 		24.36
v 36.205 		31 		24.155
v 36.5156 		31 		24.2333
v 35.6272 		31 		23.9683
v 35.9089 		31 		24.0667
v 35.1094 		31 		23.7411
v 35.36 		31 		23.86
v 34.665 		31 		23.47
v 34.8778 		31 		23.6111
v 34.2961 		31 		23.1544
v 34.4711 		31 		23.3178
v 33.9994 		31 		22.7939
v 34.14 		31 		22.98
v 33.795 		31 		22.385
v 33.8844 		31 		22.5956
v 33.6928 		31 		21.9272
v 33.7311 		31 		22.1622
v 33.7061 		31 		21.3567
v 33.68 		31 		21.68
v 33.915 		31 		20.81
v 33.7844 		31 		21.0667
v 34.3328 		31 		20.3967
v 34.0978 		31 		20.5867
v 34.9594 		31 		20.1117
v 34.62 		31 		20.24
v 35.795 		31 		19.925
v 35.3511 		31 		20.0067
v 36.8394 		31 		19.8317
v 36.2911 		31 		19.8667
v 37.4422 		31 		20.0311
v 37.44 		31 		19.82
v 36.8439 		31 		13.6744
v 36.88 		31 		12.6867
v 46.7506 		31 		10.7622
v 37.4489 		31 		20.2378
v 36.93 		31 		12.37
v 46.6089 		31 		10.7689
v 36.8556 		31 		13.9178
v 37 		31 		12.0867
v 45.2422 		31 		12.5322
v 37.46 		31 		20.44
v 36.875 		31 		14.15
v 37.09 		31 		11.8367
v 46.475 		31 		10.78
v 45.2489 		31 		12.3556
v 36.9022 		31 		14.3711
v 37.2 		31 		11.62
v 46.3489 		31 		10.7956
v 37.4756 		31 		20.6378
v 36.9372 		31 		14.5811
v 37.3389 		31 		11.4367
v 46.2306 		31 		10.8156
v 37.4956 		31 		20.8311
v 36.98 		31 		14.78
v 37.5022 		31 		11.2867
v 46.12 		31 		10.84
v 37.52 		31 		21.02
v 37.0322 		31 		14.9622
v 37.69 		31 		11.17
v 46.0111 		31 		10.8767
v 37.5567 		31 		21.1961
v 37.0956 		31 		15.1356
v 45.9111 		31 		10.92
v 37.6 		31 		21.3644
v 37.17 		31 		15.3
v 37.9022 		31 		11.0867
v 45.82 		31 		10.97
v 37.65 		31 		21.525
v 37.2556 		31 		15.4556
v 38.1389 		31 		11.0367
v 45.7378 		31 		11.0267
v 37.7067 		31 		21.6778
v 37.3522 		31 		15.6022
v 38.4 		31 		11.02
v 45.6644 		31 		11.09
v 37.77 		31 		21.8228
v 37.46 		31 		15.74
v 38.5967 		31 		11.0267
v 45.6 		31 		11.16
v 37.84 		31 		21.96
v 37.58 		31 		15.8683
v 38.7867 		31 		11.0467
v 45.5367 		31 		11.2378
v 37.9111 		31 		22.0883
v 37.7133 		31 		15.9867
v 38.97 		31 		11.08
v 37.9911 		31 		22.2067
v 37.86 		31 		16.095
v 39.1467 		31 		11.1267
v 45.48 		31 		11.3244
v 38.08 		31 		22.315
v 39.3167 		31 		11.1867
v 45.43 		31 		11.42
v 38.1778 		31 		22.4133
v 38.02 		31 		16.1933
v 39.48 		31 		11.26
v 45.3867 		31 		11.5244
v 38.2844 		31 		22.5017
v 38.1933 		31 		16.2817
v 39.6361 		31 		11.3522
v 45.35 		31 		11.6378
v 38.4 		31 		22.58
v 38.38 		31 		16.36
v 39.7844 		31 		11.4556
v 45.32 		31 		11.76
v 38.525 		31 		22.6533
v 38.5739 		31 		16.4333
v 39.925 		31 		11.57
v 45.2956 		31 		11.8922
v 38.66 		31 		22.7133
v 38.7822 		31 		16.4933
v 40.0578 		31 		11.6956
v 45.2756 		31 		12.0356
v 38.805 		31 		22.76
v 39.005 		31 		16.54
v 40.1828 		31 		11.8322
v 45.26 		31 		12.19
v 38.96 		31 		22.7933
v 39.2422 		31 		16.5733
v 40.3 		31 		11.98
v 39.125 		31 		22.8133
v 39.4939 		31 		16.5933
v 40.4089 		31 		12.1328
v 39.3 		31 		22.82
v 39.76 		31 		16.6
v 39.4806 		31 		22.8133
v 41.02 		31 		16.6
v 40.5089 		31 		12.2978
v 40.6 		31 		12.475
v 39.6489 		31 		22.7933
v 40.6822 		31 		12.6644
v 39.805 		31 		22.76
v 40.7556 		31 		12.8661
v 39.9489 		31 		22.7133
v 40.82 		31 		13.08
v 40.0806 		31 		22.6533
v 40.8811 		31 		13.2978
v 40.2 		31 		22.58
v 40.9311 		31 		13.5244
v 40.3144 		31 		22.495
v 40.97 		31 		13.76
v 40.4178 		31 		22.4
v 40.9978 		31 		14.0044
v 40.51 		31 		22.295
v 41.0144 		31 		14.2578
v 40.5911 		31 		22.18
v 41.02 		31 		14.52
v 40.6611 		31 		22.055
v 40.72 		31 		21.92
v 40.7767 		31 		21.7689
v 40.8267 		31 		21.6089
v 41.02 		31 		19.6
v 40.87 		31 		21.44
v 41.0183 		31 		19.83
v 40.9067 		31 		21.2622
v 41.0133 		31 		20.0533
v 40.9367 		31 		21.0756
v 41.005 		31 		20.27
v 40.96 		31 		20.88
v 40.9933 		31 		20.48
v 40.9783 		31 		20.6833
v 41.02 		21 		18.04
v 38.74 		21 		18.04
v 37.7433 		21 		18.0094
v 36.8333 		21 		17.9178
v 36.01 		21 		17.765
v 35.2733 		21 		17.5511
v 34.6233 		21 		17.2761
v 34.06 		21 		16.94
v 33.5894 		21 		16.5406
v 33.2044 		21 		16.0756
v 32.905 		21 		15.545
v 32.6911 		21 		14.9489
v 32.5628 		21 		14.2872
v 32.52 		21 		13.56
v 36.84 		21 		13.42
v 36.85 		21 		13.0367
v 32.5289 		21 		13.1817
v 32.5556 		21 		12.82
v 32.6 		21 		12.475
v 32.6622 		21 		12.1467
v 32.7422 		21 		11.835
v 32.84 		21 		11.54
v 32.9606 		21 		11.2617
v 33.0956 		21 		11
v 33.245 		21 		10.755
v 33.4089 		21 		10.5267
v 33.5872 		21 		10.315
v 33.78 		21 		10.12
v 33.9794 		21 		9.9356
v 34.1911 		21 		9.7689
v 34.415 		21 		9.62
v 34.6511 		21 		9.4889
v 34.8994 		21 		9.3756
v 35.16 		21 		9.28
v 35.43 		21 		9.2006
v 35.7067 		21 		9.1356
v 35.99 		21 		9.085
v 36.28 		21 		9.0489
v 36.5767 		21 		9.0272
v 36.88 		21 		9.02
v 37.1344 		21 		9.0233
v 37.3778 		21 		9.0333
v 37.61 		21 		9.05
v 37.8311 		21 		9.0733
v 38.0411 		21 		9.1033
v 38.24 		21 		9.14
v 38.43 		21 		9.1894
v 38.6133 		21 		9.2444
v 38.79 		21 		9.305
v 38.96 		21 		9.3711
v 39.1233 		21 		9.4428
v 39.28 		21 		9.52
v 39.4317 		21 		9.6172
v 39.58 		21 		9.7222
v 39.725 		21 		9.835
v 39.8667 		21 		9.9556
v 40.005 		21 		10.0839
v 40.14 		21 		10.22
v 40.2756 		21 		10.3578
v 40.4156 		21 		10.5044
v 40.56 		21 		10.66
v 40.7089 		21 		10.8244
v 40.8622 		21 		10.9978
v 41.02 		21 		11.18
v 41.26 		21 		11.18
v 41.84 		21 		9.28
v 47 		21 		9.28
v 47 		21 		10.76
v 46.9 		21 		10.76
v 45.24 		21 		12.72
v 45.24 		21 		19.8
v 45.2294 		21 		20.2222
v 45.1978 		21 		20.6222
v 45.145 		21 		21
v 45.0711 		21 		21.3556
v 44.9761 		21 		21.6889
v 44.86 		21 		22
v 44.73 		21 		22.2906
v 44.58 		21 		22.5622
v 44.41 		21 		22.815
v 44.22 		21 		23.0489
v 44.01 		21 		23.2639
v 43.78 		21 		23.46
v 43.5239 		21 		23.6322
v 43.2489 		21 		23.7889
v 42.955 		21 		23.93
v 42.6422 		21 		24.0556
v 42.3106 		21 		24.1656
v 41.96 		21 		24.26
v 41.5833 		21 		24.3394
v 41.1867 		21 		24.4044
v 40.77 		21 		24.455
v 40.3333 		21 		24.4911
v 39.8767 		21 		24.5128
v 39.4 		21 		24.52
v 39.0106 		21 		24.5156
v 38.6289 		21 		24.5022
v 38.255 		21 		24.48
v 37.8889 		21 		24.4489
v 37.5306 		21 		24.4089
v 37.18 		21 		24.36
v 36.8406 		21 		24.3017
v 36.5156 		21 		24.2333
v 36.205 		21 		24.155
v 35.9089 		21 		24.0667
v 35.6272 		21 		23.9683
v 35.36 		21 		23.86
v 35.1094 		21 		23.7411
v 34.8778 		21 		23.6111
v 34.665 		21 		23.47
v 34.4711 		21 		23.3178
v 34.2961 		21 		23.1544
v 34.14 		21 		22.98
v 33.9994 		21 		22.7939
v 33.8844 		21 		22.5956
v 33.795 		21 		22.385
v 33.7311 		21 		22.1622
v 33.6928 		21 		21.9272
v 33.68 		21 		21.68
v 33.7061 		21 		21.3567
v 33.7844 		21 		21.0667
v 33.915 		21 		20.81
v 34.0978 		21 		20.5867
v 34.3328 		21 		20.3967
v 34.62 		21 		20.24
v 34.9594 		21 		20.1117
v 35.3511 		21 		20.0067
v 35.795 		21 		19.925
v 36.2911 		21 		19.8667
v 36.8394 		21 		19.8317
v 37.44 		21 		19.82
v 37.4422 		21 		20.0311
v 36.8439 		21 		13.6744
v 36.88 		21 		12.6867
v 46.7506 		21 		10.7622
v 37.4489 		21 		20.2378
v 36.93 		21 		12.37
v 46.6089 		21 		10.7689
v 36.8556 		21 		13.9178
v 37 		21 		12.0867
v 45.2422 		21 		12.5322
v 37.46 		21 		20.44
v 36.875 		21 		14.15
v 37.09 		21 		11.8367
v 46.475 		21 		10.78
v 45.2489 		21 		12.3556
v 36.9022 		21 		14.3711
v 37.2 		21 		11.62
v 46.3489 		21 		10.7956
v 37.4756 		21 		20.6378
v 36.9372 		21 		14.5811
v 37.3389 		21 		11.4367
v 46.2306 		21 		10.8156
v 37.4956 		21 		20.8311
v 36.98 		21 		14.78
v 37.5022 		21 		11.2867
v 46.12 		21 		10.84
v 37.52 		21 		21.02
v 37.0322 		21 		14.9622
v 37.69 		21 		11.17
v 46.0111 		21 		10.8767
v 37.5567 		21 		21.1961
v 37.0956 		21 		15.1356
v 45.9111 		21 		10.92
v 37.6 		21 		21.3644
v 37.17 		21 		15.3
v 37.9022 		21 		11.0867
v 45.82 		21 		10.97
v 37.65 		21 		21.525
v 37.2556 		21 		15.4556
v 38.1389 		21 		11.0367
v 45.7378 		21 		11.0267
v 37.7067 		21 		21.6778
v 37.3522 		21 		15.6022
v 38.4 		21 		11.02
v 45.6644 		21 		11.09
v 37.77 		21 		21.8228
v 37.46 		21 		15.74
v 38.5967 		21 		11.0267
v 45.6 		21 		11.16
v 37.84 		21 		21.96
v 37.58 		21 		15.8683
v 38.7867 		21 		11.0467
v 45.5367 		21 		11.2378
v 37.9111 		21 		22.0883
v 37.7133 		21 		15.9867
v 38.97 		21 		11.08
v 37.9911 		21 		22.2067
v 37.86 		21 		16.095
v 39.1467 		21 		11.1267
v 45.48 		21 		11.3244
v 38.08 		21 		22.315
v 39.3167 		21 		11.1867
v 45.43 		21 		11.42
v 38.1778 		21 		22.4133
v 38.02 		21 		16.1933
v 39.48 		21 		11.26
v 45.3867 		21 		11.5244
v 38.2844 		21 		22.5017
v 38.1933 		21 		16.2817
v 39.6361 		21 		11.3522
v 45.35 		21 		11.6378
v 38.4 		21 		22.58
v 38.38 		21 		16.36
v 39.7844 		21 		11.4556
v 45.32 		21 		11.76
v 38.525 		21 		22.6533
v 38.5739 		21 		16.4333
v 39.925 		21 		11.57
v 45.2956 		21 		11.8922
v 38.66 		21 		22.7133
v 38.7822 		21 		16.4933
v 40.0578 		21 		11.6956
v 45.2756 		21 		12.0356
v 38.805 		21 		22.76
v 39.005 		21 		16.54
v 40.1828 		21 		11.8322
v 45.26 		21 		12.19
v 38.96 		21 		22.7933
v 39.2422 		21 		16.5733
v 40.3 		21 		11.98
v 39.125 		21 		22.8133
v 39.4939 		21 		16.5933
v 40.4089 		21 		12.1328
v 39.3 		21 		22.82
v 39.76 		21 		16.6
v 39.4806 		21 		22.8133
v 41.02 		21 		16.6
v 40.5089 		21 		12.2978
v 40.6 		21 		12.475
v 39.6489 		21 		22.7933
v 40.6822 		21 		12.6644
v 39.805 		21 		22.76
v 40.7556 		21 		12.8661
v 39.9489 		21 		22.7133
v 40.82 		21 		13.08
v 40.0806 		21 		22.6533
v 40.8811 		21 		13.2978
v 40.2 		21 		22.58
v 40.9311 		21 		13.5244
v 40.3144 		21 		22.495
v 40.97 		21 		13.76
v 40.4178 		21 		22.4
v 40.9978 		21 		14.0044
v 40.51 		21 		22.295
v 41.0144 		21 		14.2578
v 40.5911 		21 		22.18
v 41.02 		21 		14.52
v 40.6611 		21 		22.055
v 40.72 		21 		21.92
v 40.7767 		21 		21.7689
v 40.8267 		21 		21.6089
v 41.02 		21 		19.6
v 40.87 		21 		21.44
v 41.0183 		21 		19.83
v 40.9067 		21 		21.2622
v 41.0133 		21 		20.0533
v 40.9367 		21 		21.0756
v 41.005 		21 		20.27
v 40.96 		21 		20.88
v 40.9933 		21 		20.48
v 40.9783 		21 		20.6833
# 2706 vertices

g group_0_4634441

usemtl color_4634441
s 0

f 1 	2 	3
f 4 	5 	1
f 6 	7 	4
f 8 	9 	6
f 10 	11 	8
f 12 	13 	10
f 14 	15 	12
f 16 	17 	14
f 18 	19 	16
f 20 	21 	18
f 22 	23 	20
f 24 	25 	22
f 26 	27 	24
f 28 	29 	30
f 29 	28 	31
f 32 	33 	34
f 35 	36 	32
f 37 	38 	39
f 40 	41 	37
f 42 	43 	40
f 44 	45 	42
f 46 	47 	44
f 48 	49 	46
f 50 	51 	48
f 52 	53 	50
f 54 	55 	52
f 56 	57 	54
f 58 	59 	56
f 60 	61 	58
f 1 	3 	60
f 6 	4 	1
f 10 	8 	6
f 14 	12 	10
f 18 	16 	14
f 22 	20 	18
f 26 	24 	22
f 28 	30 	62
f 29 	31 	63
f 32 	34 	64
f 65 	35 	32
f 40 	37 	39
f 44 	42 	40
f 48 	46 	44
f 52 	50 	48
f 56 	54 	52
f 60 	58 	56
f 6 	1 	60
f 14 	10 	6
f 22 	18 	14
f 66 	26 	22
f 28 	62 	67
f 29 	63 	68
f 32 	64 	69
f 70 	65 	32
f 44 	40 	39
f 52 	48 	44
f 60 	56 	52
f 14 	6 	60
f 66 	22 	14
f 28 	67 	71
f 29 	68 	72
f 32 	69 	73
f 74 	70 	32
f 52 	44 	39
f 14 	60 	52
f 75 	66 	14
f 28 	71 	76
f 77 	29 	72
f 32 	73 	78
f 79 	74 	32
f 80 	75 	14
f 28 	76 	81
f 32 	78 	82
f 83 	79 	32
f 84 	80 	14
f 28 	81 	85
f 32 	82 	86
f 87 	83 	32
f 88 	84 	14
f 28 	85 	89
f 32 	86 	90
f 91 	87 	32
f 92 	88 	14
f 28 	89 	93
f 32 	90 	94
f 95 	91 	32
f 96 	92 	14
f 28 	93 	97
f 32 	94 	98
f 99 	95 	32
f 100 	96 	14
f 101 	28 	97
f 32 	98 	102
f 103 	99 	32
f 104 	100 	14
f 101 	97 	105
f 32 	102 	106
f 107 	103 	32
f 108 	104 	14
f 101 	105 	109
f 107 	32 	106
f 110 	108 	14
f 101 	109 	111
f 107 	106 	112
f 113 	110 	14
f 101 	111 	113
f 107 	112 	114
f 101 	113 	14
f 107 	114 	115
f 116 	101 	14
f 107 	115 	117
f 118 	116 	14
f 107 	117 	119
f 120 	118 	14
f 107 	119 	121
f 122 	120 	14
f 107 	121 	123
f 124 	122 	14
f 107 	123 	125
f 126 	124 	14
f 107 	125 	127
f 128 	126 	14
f 107 	127 	129
f 130 	128 	14
f 107 	129 	131
f 132 	130 	14
f 107 	131 	77
f 133 	132 	14
f 134 	107 	77
f 135 	133 	14
f 136 	134 	77
f 137 	135 	14
f 138 	136 	77
f 139 	137 	14
f 140 	138 	77
f 141 	139 	14
f 142 	140 	77
f 141 	14 	52
f 143 	142 	77
f 144 	141 	52
f 145 	143 	77
f 146 	144 	52
f 147 	145 	77
f 148 	146 	52
f 149 	147 	77
f 150 	148 	52
f 151 	149 	77
f 152 	150 	52
f 153 	151 	77
f 154 	152 	52
f 155 	153 	77
f 156 	154 	52
f 157 	155 	77
f 158 	156 	52
f 159 	157 	77
f 160 	158 	52
f 39 	159 	77
f 161 	160 	52
f 39 	77 	72
f 162 	161 	52
f 39 	72 	163
f 164 	162 	52
f 39 	163 	165
f 166 	164 	52
f 39 	165 	167
f 168 	166 	52
f 39 	167 	169
f 170 	168 	52
f 39 	169 	171
f 172 	170 	52
f 39 	171 	173
f 174 	172 	52
f 52 	39 	173
f 175 	174 	52
f 52 	173 	176
f 177 	175 	52
f 52 	176 	178
f 179 	177 	52
f 52 	178 	180
f 181 	179 	52
f 52 	180 	182
f 182 	181 	52
f 183 	184 	185
f 185 	186 	187
f 187 	188 	189
f 189 	190 	191
f 191 	192 	193
f 193 	194 	195
f 195 	196 	197
f 197 	198 	199
f 199 	200 	201
f 201 	202 	203
f 203 	204 	205
f 205 	206 	207
f 207 	208 	209
f 210 	211 	212
f 213 	212 	211
f 214 	215 	216
f 216 	217 	218
f 219 	220 	221
f 221 	222 	223
f 223 	224 	225
f 225 	226 	227
f 227 	228 	229
f 229 	230 	231
f 231 	232 	233
f 233 	234 	235
f 235 	236 	237
f 237 	238 	239
f 239 	240 	241
f 241 	242 	243
f 243 	183 	185
f 185 	187 	189
f 189 	191 	193
f 193 	195 	197
f 197 	199 	201
f 201 	203 	205
f 205 	207 	209
f 244 	210 	212
f 245 	213 	211
f 246 	214 	216
f 216 	218 	247
f 219 	221 	223
f 223 	225 	227
f 227 	229 	231
f 231 	233 	235
f 235 	237 	239
f 239 	241 	243
f 243 	185 	189
f 189 	193 	197
f 197 	201 	205
f 205 	209 	248
f 249 	244 	212
f 250 	245 	211
f 251 	246 	216
f 216 	247 	252
f 219 	223 	227
f 227 	231 	235
f 235 	239 	243
f 243 	189 	197
f 197 	205 	248
f 253 	249 	212
f 254 	250 	211
f 255 	251 	216
f 216 	252 	256
f 219 	227 	235
f 235 	243 	197
f 197 	248 	257
f 258 	253 	212
f 254 	211 	259
f 260 	255 	216
f 216 	256 	261
f 197 	257 	262
f 263 	258 	212
f 264 	260 	216
f 216 	261 	265
f 197 	262 	266
f 267 	263 	212
f 268 	264 	216
f 216 	265 	269
f 197 	266 	270
f 271 	267 	212
f 272 	268 	216
f 216 	269 	273
f 197 	270 	274
f 275 	271 	212
f 276 	272 	216
f 216 	273 	277
f 197 	274 	278
f 279 	275 	212
f 280 	276 	216
f 216 	277 	281
f 197 	278 	282
f 279 	212 	283
f 284 	280 	216
f 216 	281 	285
f 197 	282 	286
f 287 	279 	283
f 288 	284 	216
f 216 	285 	289
f 197 	286 	290
f 291 	287 	283
f 288 	216 	289
f 197 	290 	292
f 293 	291 	283
f 294 	288 	289
f 197 	292 	295
f 295 	293 	283
f 296 	294 	289
f 197 	295 	283
f 297 	296 	289
f 197 	283 	298
f 299 	297 	289
f 197 	298 	300
f 301 	299 	289
f 197 	300 	302
f 303 	301 	289
f 197 	302 	304
f 305 	303 	289
f 197 	304 	306
f 307 	305 	289
f 197 	306 	308
f 309 	307 	289
f 197 	308 	310
f 311 	309 	289
f 197 	310 	312
f 313 	311 	289
f 197 	312 	314
f 259 	313 	289
f 197 	314 	315
f 259 	289 	316
f 197 	315 	317
f 259 	316 	318
f 197 	317 	319
f 259 	318 	320
f 197 	319 	321
f 259 	320 	322
f 197 	321 	323
f 259 	322 	324
f 235 	197 	323
f 259 	324 	325
f 235 	323 	326
f 259 	325 	327
f 235 	326 	328
f 259 	327 	329
f 235 	328 	330
f 259 	329 	331
f 235 	330 	332
f 259 	331 	333
f 235 	332 	334
f 259 	333 	335
f 235 	334 	336
f 259 	335 	337
f 235 	336 	338
f 259 	337 	339
f 235 	338 	340
f 259 	339 	341
f 235 	340 	342
f 259 	341 	219
f 235 	342 	343
f 254 	259 	219
f 235 	343 	344
f 345 	254 	219
f 235 	344 	346
f 347 	345 	219
f 235 	346 	348
f 349 	347 	219
f 235 	348 	350
f 351 	349 	219
f 235 	350 	352
f 353 	351 	219
f 235 	352 	354
f 355 	353 	219
f 235 	354 	356
f 355 	219 	235
f 235 	356 	357
f 358 	355 	235
f 235 	357 	359
f 360 	358 	235
f 235 	359 	361
f 362 	360 	235
f 235 	361 	363
f 364 	362 	235
f 235 	363 	364
f 2 	1 	184
f 1 	185 	184
f 1 	5 	185
f 5 	186 	185
f 5 	4 	186
f 4 	187 	186
f 4 	7 	187
f 7 	188 	187
f 7 	6 	188
f 6 	189 	188
f 6 	9 	189
f 9 	190 	189
f 9 	8 	190
f 8 	191 	190
f 8 	11 	191
f 11 	192 	191
f 11 	10 	192
f 10 	193 	192
f 10 	13 	193
f 13 	194 	193
f 13 	12 	194
f 12 	195 	194
f 12 	15 	195
f 15 	196 	195
f 15 	14 	196
f 14 	197 	196
f 14 	17 	197
f 17 	198 	197
f 17 	16 	198
f 16 	199 	198
f 16 	19 	199
f 19 	200 	199
f 19 	18 	200
f 18 	201 	200
f 18 	21 	201
f 21 	202 	201
f 21 	20 	202
f 20 	203 	202
f 20 	23 	203
f 23 	204 	203
f 23 	22 	204
f 22 	205 	204
f 22 	25 	205
f 25 	206 	205
f 25 	24 	206
f 24 	207 	206
f 24 	27 	207
f 27 	208 	207
f 27 	26 	208
f 26 	209 	208
f 26 	66 	209
f 66 	248 	209
f 66 	75 	248
f 75 	257 	248
f 75 	80 	257
f 80 	262 	257
f 80 	84 	262
f 84 	266 	262
f 84 	88 	266
f 88 	270 	266
f 88 	92 	270
f 92 	274 	270
f 92 	96 	274
f 96 	278 	274
f 96 	100 	278
f 100 	282 	278
f 100 	104 	282
f 104 	286 	282
f 104 	108 	286
f 108 	290 	286
f 108 	110 	290
f 110 	292 	290
f 110 	113 	292
f 113 	295 	292
f 113 	111 	295
f 111 	293 	295
f 111 	109 	293
f 109 	291 	293
f 109 	105 	291
f 105 	287 	291
f 105 	97 	287
f 97 	279 	287
f 97 	93 	279
f 93 	275 	279
f 93 	89 	275
f 89 	271 	275
f 89 	85 	271
f 85 	267 	271
f 85 	81 	267
f 81 	263 	267
f 81 	76 	263
f 76 	258 	263
f 76 	71 	258
f 71 	253 	258
f 71 	67 	253
f 67 	249 	253
f 67 	62 	249
f 62 	244 	249
f 62 	30 	244
f 30 	210 	244
f 30 	29 	210
f 29 	211 	210
f 29 	77 	211
f 77 	259 	211
f 77 	131 	259
f 131 	313 	259
f 131 	129 	313
f 129 	311 	313
f 129 	127 	311
f 127 	309 	311
f 127 	125 	309
f 125 	307 	309
f 125 	123 	307
f 123 	305 	307
f 123 	121 	305
f 121 	303 	305
f 121 	119 	303
f 119 	301 	303
f 119 	117 	301
f 117 	299 	301
f 117 	115 	299
f 115 	297 	299
f 115 	114 	297
f 114 	296 	297
f 114 	112 	296
f 112 	294 	296
f 112 	106 	294
f 106 	288 	294
f 106 	102 	288
f 102 	284 	288
f 102 	98 	284
f 98 	280 	284
f 98 	94 	280
f 94 	276 	280
f 94 	90 	276
f 90 	272 	276
f 90 	86 	272
f 86 	268 	272
f 86 	82 	268
f 82 	264 	268
f 82 	78 	264
f 78 	260 	264
f 78 	73 	260
f 73 	255 	260
f 73 	69 	255
f 69 	251 	255
f 69 	64 	251
f 64 	246 	251
f 64 	34 	246
f 34 	214 	246
f 34 	33 	214
f 33 	215 	214
f 33 	32 	215
f 32 	216 	215
f 32 	36 	216
f 36 	217 	216
f 36 	35 	217
f 35 	218 	217
f 35 	65 	218
f 65 	247 	218
f 65 	70 	247
f 70 	252 	247
f 70 	74 	252
f 74 	256 	252
f 74 	79 	256
f 79 	261 	256
f 79 	83 	261
f 83 	265 	261
f 83 	87 	265
f 87 	269 	265
f 87 	91 	269
f 91 	273 	269
f 91 	95 	273
f 95 	277 	273
f 95 	99 	277
f 99 	281 	277
f 99 	103 	281
f 103 	285 	281
f 103 	107 	285
f 107 	289 	285
f 107 	134 	289
f 134 	316 	289
f 134 	136 	316
f 136 	318 	316
f 136 	138 	318
f 138 	320 	318
f 138 	140 	320
f 140 	322 	320
f 140 	142 	322
f 142 	324 	322
f 142 	143 	324
f 143 	325 	324
f 143 	145 	325
f 145 	327 	325
f 145 	147 	327
f 147 	329 	327
f 147 	149 	329
f 149 	331 	329
f 149 	151 	331
f 151 	333 	331
f 151 	153 	333
f 153 	335 	333
f 153 	155 	335
f 155 	337 	335
f 155 	157 	337
f 157 	339 	337
f 157 	159 	339
f 159 	341 	339
f 159 	39 	341
f 39 	219 	341
f 39 	38 	219
f 38 	220 	219
f 38 	37 	220
f 37 	221 	220
f 37 	41 	221
f 41 	222 	221
f 41 	40 	222
f 40 	223 	222
f 40 	43 	223
f 43 	224 	223
f 43 	42 	224
f 42 	225 	224
f 42 	45 	225
f 45 	226 	225
f 45 	44 	226
f 44 	227 	226
f 44 	47 	227
f 47 	228 	227
f 47 	46 	228
f 46 	229 	228
f 46 	49 	229
f 49 	230 	229
f 49 	48 	230
f 48 	231 	230
f 48 	51 	231
f 51 	232 	231
f 51 	50 	232
f 50 	233 	232
f 50 	53 	233
f 53 	234 	233
f 53 	52 	234
f 52 	235 	234
f 52 	55 	235
f 55 	236 	235
f 55 	54 	236
f 54 	237 	236
f 54 	57 	237
f 57 	238 	237
f 57 	56 	238
f 56 	239 	238
f 56 	59 	239
f 59 	240 	239
f 59 	58 	240
f 58 	241 	240
f 58 	61 	241
f 61 	242 	241
f 61 	60 	242
f 60 	243 	242
f 60 	3 	243
f 3 	183 	243
f 3 	2 	183
f 2 	184 	183
f 101 	116 	283
f 116 	298 	283
f 116 	118 	298
f 118 	300 	298
f 118 	120 	300
f 120 	302 	300
f 120 	122 	302
f 122 	304 	302
f 122 	124 	304
f 124 	306 	304
f 124 	126 	306
f 126 	308 	306
f 126 	128 	308
f 128 	310 	308
f 128 	130 	310
f 130 	312 	310
f 130 	132 	312
f 132 	314 	312
f 132 	133 	314
f 133 	315 	314
f 133 	135 	315
f 135 	317 	315
f 135 	137 	317
f 137 	319 	317
f 137 	139 	319
f 139 	321 	319
f 139 	141 	321
f 141 	323 	321
f 141 	144 	323
f 144 	326 	323
f 144 	146 	326
f 146 	328 	326
f 146 	148 	328
f 148 	330 	328
f 148 	150 	330
f 150 	332 	330
f 150 	152 	332
f 152 	334 	332
f 152 	154 	334
f 154 	336 	334
f 154 	156 	336
f 156 	338 	336
f 156 	158 	338
f 158 	340 	338
f 158 	160 	340
f 160 	342 	340
f 160 	161 	342
f 161 	343 	342
f 161 	162 	343
f 162 	344 	343
f 162 	164 	344
f 164 	346 	344
f 164 	166 	346
f 166 	348 	346
f 166 	168 	348
f 168 	350 	348
f 168 	170 	350
f 170 	352 	350
f 170 	172 	352
f 172 	354 	352
f 172 	174 	354
f 174 	356 	354
f 174 	175 	356
f 175 	357 	356
f 175 	177 	357
f 177 	359 	357
f 177 	179 	359
f 179 	361 	359
f 179 	181 	361
f 181 	363 	361
f 181 	182 	363
f 182 	364 	363
f 182 	180 	364
f 180 	362 	364
f 180 	178 	362
f 178 	360 	362
f 178 	176 	360
f 176 	358 	360
f 176 	173 	358
f 173 	355 	358
f 173 	171 	355
f 171 	353 	355
f 171 	169 	353
f 169 	351 	353
f 169 	167 	351
f 167 	349 	351
f 167 	165 	349
f 165 	347 	349
f 165 	163 	347
f 163 	345 	347
f 163 	72 	345
f 72 	254 	345
f 72 	68 	254
f 68 	250 	254
f 68 	63 	250
f 63 	245 	250
f 63 	31 	245
f 31 	213 	245
f 31 	28 	213
f 28 	212 	213
f 28 	101 	212
f 101 	283 	212
f 365 	366 	367
f 368 	369 	365
f 370 	371 	368
f 372 	373 	370
f 374 	375 	372
f 376 	377 	374
f 378 	379 	376
f 380 	381 	378
f 382 	383 	380
f 384 	385 	382
f 386 	387 	384
f 388 	389 	386
f 390 	391 	388
f 392 	393 	390
f 394 	395 	392
f 396 	397 	398
f 399 	400 	396
f 401 	402 	399
f 403 	404 	401
f 405 	406 	403
f 407 	408 	405
f 409 	410 	407
f 411 	412 	409
f 413 	414 	411
f 415 	416 	413
f 417 	418 	415
f 419 	420 	417
f 421 	422 	419
f 423 	424 	421
f 425 	426 	423
f 427 	428 	425
f 429 	430 	427
f 431 	432 	429
f 433 	434 	431
f 435 	436 	433
f 437 	438 	435
f 439 	440 	437
f 441 	442 	439
f 443 	444 	441
f 445 	446 	443
f 443 	446 	447
f 448 	449 	443
f 450 	451 	448
f 452 	453 	450
f 454 	455 	452
f 456 	457 	454
f 458 	459 	456
f 460 	461 	458
f 462 	463 	460
f 464 	465 	462
f 466 	467 	464
f 468 	469 	466
f 470 	471 	468
f 367 	472 	470
f 368 	365 	367
f 372 	370 	368
f 376 	374 	372
f 380 	378 	376
f 384 	382 	380
f 388 	386 	384
f 392 	390 	388
f 473 	394 	392
f 399 	396 	398
f 403 	401 	399
f 407 	405 	403
f 411 	409 	407
f 415 	413 	411
f 419 	417 	415
f 423 	421 	419
f 427 	425 	423
f 431 	429 	427
f 435 	433 	431
f 439 	437 	435
f 443 	441 	439
f 474 	445 	443
f 448 	443 	447
f 452 	450 	448
f 456 	454 	452
f 460 	458 	456
f 464 	462 	460
f 468 	466 	464
f 367 	470 	468
f 372 	368 	367
f 380 	376 	372
f 388 	384 	380
f 473 	392 	388
f 407 	403 	399
f 415 	411 	407
f 423 	419 	415
f 431 	427 	423
f 439 	435 	431
f 474 	443 	439
f 456 	452 	448
f 464 	460 	456
f 367 	468 	464
f 380 	372 	367
f 473 	388 	380
f 415 	407 	399
f 431 	423 	415
f 474 	439 	431
f 464 	456 	448
f 380 	367 	464
f 475 	473 	380
f 476 	474 	431
f 477 	475 	380
f 478 	476 	431
f 479 	477 	380
f 480 	478 	431
f 481 	479 	380
f 482 	480 	431
f 483 	481 	380
f 484 	482 	431
f 485 	483 	380
f 486 	484 	431
f 487 	485 	380
f 488 	486 	431
f 489 	487 	380
f 490 	488 	431
f 491 	489 	380
f 490 	431 	415
f 492 	491 	380
f 493 	490 	415
f 494 	492 	380
f 495 	493 	415
f 496 	494 	380
f 497 	495 	415
f 498 	496 	380
f 499 	497 	415
f 500 	498 	380
f 501 	499 	415
f 502 	500 	380
f 503 	501 	415
f 504 	502 	380
f 505 	503 	415
f 506 	504 	380
f 505 	415 	399
f 507 	506 	380
f 508 	505 	399
f 507 	380 	464
f 509 	508 	399
f 510 	507 	464
f 511 	509 	399
f 512 	510 	464
f 513 	511 	399
f 514 	512 	464
f 515 	513 	399
f 516 	514 	464
f 517 	515 	399
f 518 	516 	464
f 519 	517 	399
f 520 	518 	464
f 521 	519 	399
f 522 	520 	464
f 523 	521 	399
f 524 	522 	464
f 525 	523 	399
f 526 	524 	464
f 527 	525 	399
f 528 	526 	464
f 529 	527 	399
f 530 	528 	464
f 531 	529 	399
f 532 	530 	464
f 533 	531 	399
f 534 	532 	464
f 535 	533 	399
f 536 	534 	464
f 537 	535 	399
f 536 	464 	448
f 538 	537 	399
f 539 	536 	448
f 540 	538 	399
f 541 	539 	448
f 447 	540 	399
f 542 	541 	448
f 447 	399 	398
f 543 	542 	448
f 448 	447 	398
f 544 	543 	448
f 448 	398 	545
f 546 	544 	448
f 448 	545 	547
f 548 	546 	448
f 448 	547 	549
f 550 	548 	448
f 448 	549 	551
f 552 	550 	448
f 448 	551 	553
f 553 	552 	448
f 554 	555 	556
f 556 	557 	558
f 558 	559 	560
f 560 	561 	562
f 562 	563 	564
f 564 	565 	566
f 566 	567 	568
f 568 	569 	570
f 570 	571 	572
f 572 	573 	574
f 574 	575 	576
f 576 	577 	578
f 578 	579 	580
f 580 	581 	582
f 582 	583 	584
f 585 	586 	587
f 587 	588 	589
f 589 	590 	591
f 591 	592 	593
f 593 	594 	595
f 595 	596 	597
f 597 	598 	599
f 599 	600 	601
f 601 	602 	603
f 603 	604 	605
f 605 	606 	607
f 607 	608 	609
f 609 	610 	611
f 611 	612 	613
f 613 	614 	615
f 615 	616 	617
f 617 	618 	619
f 619 	620 	621
f 621 	622 	623
f 623 	624 	625
f 625 	626 	627
f 627 	628 	629
f 629 	630 	631
f 631 	632 	633
f 633 	634 	635
f 636 	634 	633
f 633 	637 	638
f 638 	639 	640
f 640 	641 	642
f 642 	643 	644
f 644 	645 	646
f 646 	647 	648
f 648 	649 	650
f 650 	651 	652
f 652 	653 	654
f 654 	655 	656
f 656 	657 	658
f 658 	659 	660
f 660 	661 	554
f 554 	556 	558
f 558 	560 	562
f 562 	564 	566
f 566 	568 	570
f 570 	572 	574
f 574 	576 	578
f 578 	580 	582
f 582 	584 	662
f 585 	587 	589
f 589 	591 	593
f 593 	595 	597
f 597 	599 	601
f 601 	603 	605
f 605 	607 	609
f 609 	611 	613
f 613 	615 	617
f 617 	619 	621
f 621 	623 	625
f 625 	627 	629
f 629 	631 	633
f 633 	635 	663
f 636 	633 	638
f 638 	640 	642
f 642 	644 	646
f 646 	648 	650
f 650 	652 	654
f 654 	656 	658
f 658 	660 	554
f 554 	558 	562
f 562 	566 	570
f 570 	574 	578
f 578 	582 	662
f 589 	593 	597
f 597 	601 	605
f 605 	609 	613
f 613 	617 	621
f 621 	625 	629
f 629 	633 	663
f 638 	642 	646
f 646 	650 	654
f 654 	658 	554
f 554 	562 	570
f 570 	578 	662
f 589 	597 	605
f 605 	613 	621
f 621 	629 	663
f 638 	646 	654
f 654 	554 	570
f 570 	662 	664
f 621 	663 	665
f 570 	664 	666
f 621 	665 	667
f 570 	666 	668
f 621 	667 	669
f 570 	668 	670
f 621 	669 	671
f 570 	670 	672
f 621 	671 	673
f 570 	672 	674
f 621 	673 	675
f 570 	674 	676
f 621 	675 	677
f 570 	676 	678
f 621 	677 	679
f 570 	678 	680
f 605 	621 	679
f 570 	680 	681
f 605 	679 	682
f 570 	681 	683
f 605 	682 	684
f 570 	683 	685
f 605 	684 	686
f 570 	685 	687
f 605 	686 	688
f 570 	687 	689
f 605 	688 	690
f 570 	689 	691
f 605 	690 	692
f 570 	691 	693
f 605 	692 	694
f 570 	693 	695
f 589 	605 	694
f 570 	695 	696
f 589 	694 	697
f 654 	570 	696
f 589 	697 	698
f 654 	696 	699
f 589 	698 	700
f 654 	699 	701
f 589 	700 	702
f 654 	701 	703
f 589 	702 	704
f 654 	703 	705
f 589 	704 	706
f 654 	705 	707
f 589 	706 	708
f 654 	707 	709
f 589 	708 	710
f 654 	709 	711
f 589 	710 	712
f 654 	711 	713
f 589 	712 	714
f 654 	713 	715
f 589 	714 	716
f 654 	715 	717
f 589 	716 	718
f 654 	717 	719
f 589 	718 	720
f 654 	719 	721
f 589 	720 	722
f 654 	721 	723
f 589 	722 	724
f 654 	723 	725
f 589 	724 	726
f 638 	654 	725
f 589 	726 	727
f 638 	725 	728
f 589 	727 	729
f 638 	728 	730
f 589 	729 	636
f 638 	730 	731
f 585 	589 	636
f 638 	731 	732
f 585 	636 	638
f 638 	732 	733
f 734 	585 	638
f 638 	733 	735
f 736 	734 	638
f 638 	735 	737
f 738 	736 	638
f 638 	737 	739
f 740 	738 	638
f 638 	739 	741
f 742 	740 	638
f 638 	741 	742
f 366 	365 	555
f 365 	556 	555
f 365 	369 	556
f 369 	557 	556
f 369 	368 	557
f 368 	558 	557
f 368 	371 	558
f 371 	559 	558
f 371 	370 	559
f 370 	560 	559
f 370 	373 	560
f 373 	561 	560
f 373 	372 	561
f 372 	562 	561
f 372 	375 	562
f 375 	563 	562
f 375 	374 	563
f 374 	564 	563
f 374 	377 	564
f 377 	565 	564
f 377 	376 	565
f 376 	566 	565
f 376 	379 	566
f 379 	567 	566
f 379 	378 	567
f 378 	568 	567
f 378 	381 	568
f 381 	569 	568
f 381 	380 	569
f 380 	570 	569
f 380 	383 	570
f 383 	571 	570
f 383 	382 	571
f 382 	572 	571
f 382 	385 	572
f 385 	573 	572
f 385 	384 	573
f 384 	574 	573
f 384 	387 	574
f 387 	575 	574
f 387 	386 	575
f 386 	576 	575
f 386 	389 	576
f 389 	577 	576
f 389 	388 	577
f 388 	578 	577
f 388 	391 	578
f 391 	579 	578
f 391 	390 	579
f 390 	580 	579
f 390 	393 	580
f 393 	581 	580
f 393 	392 	581
f 392 	582 	581
f 392 	395 	582
f 395 	583 	582
f 395 	394 	583
f 394 	584 	583
f 394 	473 	584
f 473 	662 	584
f 473 	475 	662
f 475 	664 	662
f 475 	477 	664
f 477 	666 	664
f 477 	479 	666
f 479 	668 	666
f 479 	481 	668
f 481 	670 	668
f 481 	483 	670
f 483 	672 	670
f 483 	485 	672
f 485 	674 	672
f 485 	487 	674
f 487 	676 	674
f 487 	489 	676
f 489 	678 	676
f 489 	491 	678
f 491 	680 	678
f 491 	492 	680
f 492 	681 	680
f 492 	494 	681
f 494 	683 	681
f 494 	496 	683
f 496 	685 	683
f 496 	498 	685
f 498 	687 	685
f 498 	500 	687
f 500 	689 	687
f 500 	502 	689
f 502 	691 	689
f 502 	504 	691
f 504 	693 	691
f 504 	506 	693
f 506 	695 	693
f 506 	507 	695
f 507 	696 	695
f 507 	510 	696
f 510 	699 	696
f 510 	512 	699
f 512 	701 	699
f 512 	514 	701
f 514 	703 	701
f 514 	516 	703
f 516 	705 	703
f 516 	518 	705
f 518 	707 	705
f 518 	520 	707
f 520 	709 	707
f 520 	522 	709
f 522 	711 	709
f 522 	524 	711
f 524 	713 	711
f 524 	526 	713
f 526 	715 	713
f 526 	528 	715
f 528 	717 	715
f 528 	530 	717
f 530 	719 	717
f 530 	532 	719
f 532 	721 	719
f 532 	534 	721
f 534 	723 	721
f 534 	536 	723
f 536 	725 	723
f 536 	539 	725
f 539 	728 	725
f 539 	541 	728
f 541 	730 	728
f 541 	542 	730
f 542 	731 	730
f 542 	543 	731
f 543 	732 	731
f 543 	544 	732
f 544 	733 	732
f 544 	546 	733
f 546 	735 	733
f 546 	548 	735
f 548 	737 	735
f 548 	550 	737
f 550 	739 	737
f 550 	552 	739
f 552 	741 	739
f 552 	553 	741
f 553 	742 	741
f 553 	551 	742
f 551 	740 	742
f 551 	549 	740
f 549 	738 	740
f 549 	547 	738
f 547 	736 	738
f 547 	545 	736
f 545 	734 	736
f 545 	398 	734
f 398 	585 	734
f 398 	397 	585
f 397 	586 	585
f 397 	396 	586
f 396 	587 	586
f 396 	400 	587
f 400 	588 	587
f 400 	399 	588
f 399 	589 	588
f 399 	402 	589
f 402 	590 	589
f 402 	401 	590
f 401 	591 	590
f 401 	404 	591
f 404 	592 	591
f 404 	403 	592
f 403 	593 	592
f 403 	406 	593
f 406 	594 	593
f 406 	405 	594
f 405 	595 	594
f 405 	408 	595
f 408 	596 	595
f 408 	407 	596
f 407 	597 	596
f 407 	410 	597
f 410 	598 	597
f 410 	409 	598
f 409 	599 	598
f 409 	412 	599
f 412 	600 	599
f 412 	411 	600
f 411 	601 	600
f 411 	414 	601
f 414 	602 	601
f 414 	413 	602
f 413 	603 	602
f 413 	416 	603
f 416 	604 	603
f 416 	415 	604
f 415 	605 	604
f 415 	418 	605
f 418 	606 	605
f 418 	417 	606
f 417 	607 	606
f 417 	420 	607
f 420 	608 	607
f 420 	419 	608
f 419 	609 	608
f 419 	422 	609
f 422 	610 	609
f 422 	421 	610
f 421 	611 	610
f 421 	424 	611
f 424 	612 	611
f 424 	423 	612
f 423 	613 	612
f 423 	426 	613
f 426 	614 	613
f 426 	425 	614
f 425 	615 	614
f 425 	428 	615
f 428 	616 	615
f 428 	427 	616
f 427 	617 	616
f 427 	430 	617
f 430 	618 	617
f 430 	429 	618
f 429 	619 	618
f 429 	432 	619
f 432 	620 	619
f 432 	431 	620
f 431 	621 	620
f 431 	434 	621
f 434 	622 	621
f 434 	433 	622
f 433 	623 	622
f 433 	436 	623
f 436 	624 	623
f 436 	435 	624
f 435 	625 	624
f 435 	438 	625
f 438 	626 	625
f 438 	437 	626
f 437 	627 	626
f 437 	440 	627
f 440 	628 	627
f 440 	439 	628
f 439 	629 	628
f 439 	442 	629
f 442 	630 	629
f 442 	441 	630
f 441 	631 	630
f 441 	444 	631
f 444 	632 	631
f 444 	443 	632
f 443 	633 	632
f 443 	449 	633
f 449 	637 	633
f 449 	448 	637
f 448 	638 	637
f 448 	451 	638
f 451 	639 	638
f 451 	450 	639
f 450 	640 	639
f 450 	453 	640
f 453 	641 	640
f 453 	452 	641
f 452 	642 	641
f 452 	455 	642
f 455 	643 	642
f 455 	454 	643
f 454 	644 	643
f 454 	457 	644
f 457 	645 	644
f 457 	456 	645
f 456 	646 	645
f 456 	459 	646
f 459 	647 	646
f 459 	458 	647
f 458 	648 	647
f 458 	461 	648
f 461 	649 	648
f 461 	460 	649
f 460 	650 	649
f 460 	463 	650
f 463 	651 	650
f 463 	462 	651
f 462 	652 	651
f 462 	465 	652
f 465 	653 	652
f 465 	464 	653
f 464 	654 	653
f 464 	467 	654
f 467 	655 	654
f 467 	466 	655
f 466 	656 	655
f 466 	469 	656
f 469 	657 	656
f 469 	468 	657
f 468 	658 	657
f 468 	471 	658
f 471 	659 	658
f 471 	470 	659
f 470 	660 	659
f 470 	472 	660
f 472 	661 	660
f 472 	367 	661
f 367 	554 	661
f 367 	366 	554
f 366 	555 	554
f 497 	499 	686
f 499 	688 	686
f 499 	501 	688
f 501 	690 	688
f 501 	503 	690
f 503 	692 	690
f 503 	505 	692
f 505 	694 	692
f 505 	508 	694
f 508 	697 	694
f 508 	509 	697
f 509 	698 	697
f 509 	511 	698
f 511 	700 	698
f 511 	513 	700
f 513 	702 	700
f 513 	515 	702
f 515 	704 	702
f 515 	517 	704
f 517 	706 	704
f 517 	519 	706
f 519 	708 	706
f 519 	521 	708
f 521 	710 	708
f 521 	523 	710
f 523 	712 	710
f 523 	525 	712
f 525 	714 	712
f 525 	527 	714
f 527 	716 	714
f 527 	529 	716
f 529 	718 	716
f 529 	531 	718
f 531 	720 	718
f 531 	533 	720
f 533 	722 	720
f 533 	535 	722
f 535 	724 	722
f 535 	537 	724
f 537 	726 	724
f 537 	538 	726
f 538 	727 	726
f 538 	540 	727
f 540 	729 	727
f 540 	447 	729
f 447 	636 	729
f 447 	446 	636
f 446 	634 	636
f 446 	445 	634
f 445 	635 	634
f 445 	474 	635
f 474 	663 	635
f 474 	476 	663
f 476 	665 	663
f 476 	478 	665
f 478 	667 	665
f 478 	480 	667
f 480 	669 	667
f 480 	482 	669
f 482 	671 	669
f 482 	484 	671
f 484 	673 	671
f 484 	486 	673
f 486 	675 	673
f 486 	488 	675
f 488 	677 	675
f 488 	490 	677
f 490 	679 	677
f 490 	493 	679
f 493 	682 	679
f 493 	495 	682
f 495 	684 	682
f 495 	497 	684
f 497 	686 	684
f 743 	744 	745
f 746 	747 	743
f 748 	749 	746
f 750 	751 	748
f 752 	753 	750
f 754 	755 	752
f 756 	757 	754
f 758 	759 	756
f 760 	761 	758
f 762 	763 	760
f 764 	765 	762
f 766 	767 	764
f 768 	769 	766
f 770 	771 	768
f 772 	773 	770
f 774 	775 	772
f 776 	777 	774
f 778 	779 	776
f 780 	781 	778
f 782 	783 	780
f 784 	785 	782
f 786 	787 	784
f 788 	789 	786
f 790 	791 	788
f 792 	793 	790
f 794 	795 	796
f 797 	798 	794
f 799 	800 	797
f 801 	802 	799
f 803 	804 	801
f 805 	806 	803
f 807 	808 	805
f 809 	810 	807
f 811 	812 	809
f 813 	814 	811
f 815 	816 	813
f 817 	818 	815
f 819 	820 	817
f 821 	822 	819
f 823 	824 	821
f 825 	826 	823
f 827 	828 	825
f 829 	830 	827
f 831 	832 	829
f 833 	834 	831
f 835 	836 	833
f 837 	838 	835
f 839 	840 	837
f 841 	842 	839
f 843 	844 	841
f 845 	846 	843
f 847 	848 	845
f 849 	850 	847
f 851 	852 	849
f 853 	854 	851
f 855 	856 	853
f 857 	858 	855
f 859 	860 	857
f 861 	862 	859
f 863 	864 	861
f 865 	866 	863
f 867 	868 	865
f 869 	870 	867
f 871 	872 	869
f 873 	874 	871
f 875 	876 	873
f 877 	878 	875
f 879 	880 	881
f 882 	883 	879
f 884 	885 	882
f 886 	887 	884
f 888 	889 	886
f 890 	891 	888
f 892 	893 	890
f 894 	895 	892
f 896 	897 	894
f 898 	899 	896
f 900 	901 	898
f 902 	903 	900
f 904 	905 	902
f 906 	907 	904
f 908 	909 	906
f 910 	911 	908
f 912 	913 	910
f 914 	915 	912
f 916 	917 	914
f 918 	919 	916
f 920 	921 	918
f 922 	923 	920
f 924 	925 	922
f 745 	926 	924
f 746 	743 	745
f 750 	748 	746
f 754 	752 	750
f 758 	756 	754
f 762 	760 	758
f 766 	764 	762
f 770 	768 	766
f 774 	772 	770
f 778 	776 	774
f 782 	780 	778
f 786 	784 	782
f 790 	788 	786
f 794 	796 	927
f 799 	797 	794
f 803 	801 	799
f 807 	805 	803
f 811 	809 	807
f 815 	813 	811
f 819 	817 	815
f 823 	821 	819
f 827 	825 	823
f 831 	829 	827
f 835 	833 	831
f 839 	837 	835
f 843 	841 	839
f 847 	845 	843
f 851 	849 	847
f 855 	853 	851
f 859 	857 	855
f 863 	861 	859
f 867 	865 	863
f 871 	869 	867
f 875 	873 	871
f 928 	877 	875
f 879 	881 	929
f 884 	882 	879
f 888 	886 	884
f 892 	890 	888
f 896 	894 	892
f 900 	898 	896
f 904 	902 	900
f 908 	906 	904
f 912 	910 	908
f 916 	914 	912
f 920 	918 	916
f 924 	922 	920
f 746 	745 	924
f 754 	750 	746
f 762 	758 	754
f 770 	766 	762
f 778 	774 	770
f 786 	782 	778
f 792 	790 	786
f 794 	927 	930
f 803 	799 	794
f 811 	807 	803
f 819 	815 	811
f 827 	823 	819
f 835 	831 	827
f 843 	839 	835
f 851 	847 	843
f 859 	855 	851
f 867 	863 	859
f 875 	871 	867
f 931 	928 	875
f 879 	929 	932
f 888 	884 	879
f 896 	892 	888
f 904 	900 	896
f 912 	908 	904
f 920 	916 	912
f 746 	924 	920
f 762 	754 	746
f 778 	770 	762
f 792 	786 	778
f 794 	930 	933
f 811 	803 	794
f 827 	819 	811
f 843 	835 	827
f 859 	851 	843
f 875 	867 	859
f 879 	932 	934
f 896 	888 	879
f 912 	904 	896
f 746 	920 	912
f 778 	762 	746
f 935 	792 	778
f 811 	794 	933
f 843 	827 	811
f 875 	859 	843
f 896 	879 	934
f 746 	912 	896
f 936 	935 	778
f 811 	933 	937
f 931 	875 	843
f 896 	934 	938
f 939 	936 	778
f 811 	937 	940
f 941 	931 	843
f 896 	938 	942
f 943 	939 	778
f 811 	940 	944
f 945 	941 	843
f 896 	942 	946
f 947 	943 	778
f 811 	944 	948
f 949 	945 	843
f 896 	946 	950
f 951 	947 	778
f 811 	948 	952
f 953 	949 	843
f 896 	950 	954
f 955 	951 	778
f 811 	952 	956
f 957 	953 	843
f 896 	954 	958
f 811 	956 	959
f 960 	957 	843
f 896 	958 	961
f 811 	959 	962
f 963 	960 	843
f 896 	961 	964
f 843 	811 	962
f 965 	963 	843
f 896 	964 	966
f 843 	962 	967
f 968 	965 	843
f 896 	966 	969
f 843 	967 	970
f 971 	968 	843
f 896 	969 	972
f 843 	970 	973
f 974 	971 	843
f 896 	972 	975
f 843 	973 	976
f 977 	974 	843
f 746 	896 	975
f 843 	976 	978
f 979 	977 	843
f 746 	975 	980
f 843 	978 	981
f 982 	979 	843
f 746 	980 	983
f 843 	981 	984
f 985 	982 	843
f 746 	983 	986
f 843 	984 	987
f 746 	986 	988
f 843 	987 	989
f 746 	988 	990
f 843 	989 	991
f 746 	990 	992
f 843 	991 	993
f 746 	992 	994
f 843 	993 	995
f 746 	994 	996
f 843 	995 	997
f 746 	996 	998
f 843 	997 	999
f 746 	998 	1000
f 843 	999 	1001
f 746 	1000 	1002
f 843 	1001 	1003
f 746 	1002 	1004
f 843 	1003 	1005
f 746 	1004 	1006
f 843 	1005 	1007
f 746 	1006 	1008
f 843 	1007 	1009
f 746 	1008 	1010
f 843 	1009 	1011
f 746 	1010 	1012
f 843 	1011 	1013
f 746 	1012 	1014
f 843 	1013 	1015
f 746 	1014 	1016
f 843 	1015 	1017
f 746 	1016 	1018
f 843 	1017 	1019
f 746 	1018 	1020
f 843 	1019 	1021
f 746 	1020 	1022
f 843 	1021 	1023
f 746 	1022 	1024
f 843 	1023 	1025
f 746 	1024 	1026
f 843 	1025 	1027
f 746 	1026 	1028
f 843 	1027 	1029
f 746 	1028 	1030
f 843 	1029 	1031
f 746 	1030 	1032
f 843 	1031 	1033
f 746 	1032 	1034
f 843 	1033 	1035
f 778 	746 	1034
f 985 	843 	1035
f 778 	1034 	1036
f 985 	1035 	1037
f 778 	1036 	1038
f 985 	1037 	1039
f 778 	1038 	1040
f 985 	1039 	1041
f 778 	1040 	1042
f 985 	1041 	1043
f 778 	1042 	1044
f 985 	1043 	1045
f 778 	1044 	1046
f 985 	1045 	1047
f 778 	1046 	1048
f 985 	1047 	1049
f 778 	1048 	1050
f 985 	1049 	955
f 778 	1050 	1051
f 985 	955 	778
f 778 	1051 	1052
f 1053 	985 	778
f 778 	1052 	1054
f 1054 	1053 	778
f 1055 	1056 	1057
f 1057 	1058 	1059
f 1059 	1060 	1061
f 1061 	1062 	1063
f 1063 	1064 	1065
f 1065 	1066 	1067
f 1067 	1068 	1069
f 1069 	1070 	1071
f 1071 	1072 	1073
f 1073 	1074 	1075
f 1075 	1076 	1077
f 1077 	1078 	1079
f 1079 	1080 	1081
f 1081 	1082 	1083
f 1083 	1084 	1085
f 1085 	1086 	1087
f 1087 	1088 	1089
f 1089 	1090 	1091
f 1091 	1092 	1093
f 1093 	1094 	1095
f 1095 	1096 	1097
f 1097 	1098 	1099
f 1099 	1100 	1101
f 1101 	1102 	1103
f 1103 	1104 	1105
f 1106 	1107 	1108
f 1108 	1109 	1110
f 1110 	1111 	1112
f 1112 	1113 	1114
f 1114 	1115 	1116
f 1116 	1117 	1118
f 1118 	1119 	1120
f 1120 	1121 	1122
f 1122 	1123 	1124
f 1124 	1125 	1126
f 1126 	1127 	1128
f 1128 	1129 	1130
f 1130 	1131 	1132
f 1132 	1133 	1134
f 1134 	1135 	1136
f 1136 	1137 	1138
f 1138 	1139 	1140
f 1140 	1141 	1142
f 1142 	1143 	1144
f 1144 	1145 	1146
f 1146 	1147 	1148
f 1148 	1149 	1150
f 1150 	1151 	1152
f 1152 	1153 	1154
f 1154 	1155 	1156
f 1156 	1157 	1158
f 1158 	1159 	1160
f 1160 	1161 	1162
f 1162 	1163 	1164
f 1164 	1165 	1166
f 1166 	1167 	1168
f 1168 	1169 	1170
f 1170 	1171 	1172
f 1172 	1173 	1174
f 1174 	1175 	1176
f 1176 	1177 	1178
f 1178 	1179 	1180
f 1180 	1181 	1182
f 1182 	1183 	1184
f 1184 	1185 	1186
f 1186 	1187 	1188
f 1188 	1189 	1190
f 1191 	1192 	1193
f 1193 	1194 	1195
f 1195 	1196 	1197
f 1197 	1198 	1199
f 1199 	1200 	1201
f 1201 	1202 	1203
f 1203 	1204 	1205
f 1205 	1206 	1207
f 1207 	1208 	1209
f 1209 	1210 	1211
f 1211 	1212 	1213
f 1213 	1214 	1215
f 1215 	1216 	1217
f 1217 	1218 	1219
f 1219 	1220 	1221
f 1221 	1222 	1223
f 1223 	1224 	1225
f 1225 	1226 	1227
f 1227 	1228 	1229
f 1229 	1230 	1231
f 1231 	1232 	1233
f 1233 	1234 	1235
f 1235 	1236 	1237
f 1237 	1238 	1055
f 1055 	1057 	1059
f 1059 	1061 	1063
f 1063 	1065 	1067
f 1067 	1069 	1071
f 1071 	1073 	1075
f 1075 	1077 	1079
f 1079 	1081 	1083
f 1083 	1085 	1087
f 1087 	1089 	1091
f 1091 	1093 	1095
f 1095 	1097 	1099
f 1099 	1101 	1103
f 1239 	1106 	1108
f 1108 	1110 	1112
f 1112 	1114 	1116
f 1116 	1118 	1120
f 1120 	1122 	1124
f 1124 	1126 	1128
f 1128 	1130 	1132
f 1132 	1134 	1136
f 1136 	1138 	1140
f 1140 	1142 	1144
f 1144 	1146 	1148
f 1148 	1150 	1152
f 1152 	1154 	1156
f 1156 	1158 	1160
f 1160 	1162 	1164
f 1164 	1166 	1168
f 1168 	1170 	1172
f 1172 	1174 	1176
f 1176 	1178 	1180
f 1180 	1182 	1184
f 1184 	1186 	1188
f 1188 	1190 	1240
f 1241 	1191 	1193
f 1193 	1195 	1197
f 1197 	1199 	1201
f 1201 	1203 	1205
f 1205 	1207 	1209
f 1209 	1211 	1213
f 1213 	1215 	1217
f 1217 	1219 	1221
f 1221 	1223 	1225
f 1225 	1227 	1229
f 1229 	1231 	1233
f 1233 	1235 	1237
f 1237 	1055 	1059
f 1059 	1063 	1067
f 1067 	1071 	1075
f 1075 	1079 	1083
f 1083 	1087 	1091
f 1091 	1095 	1099
f 1099 	1103 	1105
f 1242 	1239 	1108
f 1108 	1112 	1116
f 1116 	1120 	1124
f 1124 	1128 	1132
f 1132 	1136 	1140
f 1140 	1144 	1148
f 1148 	1152 	1156
f 1156 	1160 	1164
f 1164 	1168 	1172
f 1172 	1176 	1180
f 1180 	1184 	1188
f 1188 	1240 	1243
f 1244 	1241 	1193
f 1193 	1197 	1201
f 1201 	1205 	1209
f 1209 	1213 	1217
f 1217 	1221 	1225
f 1225 	1229 	1233
f 1233 	1237 	1059
f 1059 	1067 	1075
f 1075 	1083 	1091
f 1091 	1099 	1105
f 1245 	1242 	1108
f 1108 	1116 	1124
f 1124 	1132 	1140
f 1140 	1148 	1156
f 1156 	1164 	1172
f 1172 	1180 	1188
f 1246 	1244 	1193
f 1193 	1201 	1209
f 1209 	1217 	1225
f 1225 	1233 	1059
f 1059 	1075 	1091
f 1091 	1105 	1247
f 1245 	1108 	1124
f 1124 	1140 	1156
f 1156 	1172 	1188
f 1246 	1193 	1209
f 1209 	1225 	1059
f 1091 	1247 	1248
f 1249 	1245 	1124
f 1156 	1188 	1243
f 1250 	1246 	1209
f 1091 	1248 	1251
f 1252 	1249 	1124
f 1156 	1243 	1253
f 1254 	1250 	1209
f 1091 	1251 	1255
f 1256 	1252 	1124
f 1156 	1253 	1257
f 1258 	1254 	1209
f 1091 	1255 	1259
f 1260 	1256 	1124
f 1156 	1257 	1261
f 1262 	1258 	1209
f 1091 	1259 	1263
f 1264 	1260 	1124
f 1156 	1261 	1265
f 1266 	1262 	1209
f 1091 	1263 	1267
f 1268 	1264 	1124
f 1156 	1265 	1269
f 1270 	1266 	1209
f 1271 	1268 	1124
f 1156 	1269 	1272
f 1273 	1270 	1209
f 1274 	1271 	1124
f 1156 	1272 	1275
f 1276 	1273 	1209
f 1274 	1124 	1156
f 1156 	1275 	1277
f 1278 	1276 	1209
f 1279 	1274 	1156
f 1156 	1277 	1280
f 1281 	1278 	1209
f 1282 	1279 	1156
f 1156 	1280 	1283
f 1284 	1281 	1209
f 1285 	1282 	1156
f 1156 	1283 	1286
f 1287 	1284 	1209
f 1288 	1285 	1156
f 1156 	1286 	1289
f 1287 	1209 	1059
f 1290 	1288 	1156
f 1156 	1289 	1291
f 1292 	1287 	1059
f 1293 	1290 	1156
f 1156 	1291 	1294
f 1295 	1292 	1059
f 1296 	1293 	1156
f 1156 	1294 	1297
f 1298 	1295 	1059
f 1299 	1296 	1156
f 1300 	1298 	1059
f 1301 	1299 	1156
f 1302 	1300 	1059
f 1303 	1301 	1156
f 1304 	1302 	1059
f 1305 	1303 	1156
f 1306 	1304 	1059
f 1307 	1305 	1156
f 1308 	1306 	1059
f 1309 	1307 	1156
f 1310 	1308 	1059
f 1311 	1309 	1156
f 1312 	1310 	1059
f 1313 	1311 	1156
f 1314 	1312 	1059
f 1315 	1313 	1156
f 1316 	1314 	1059
f 1317 	1315 	1156
f 1318 	1316 	1059
f 1319 	1317 	1156
f 1320 	1318 	1059
f 1321 	1319 	1156
f 1322 	1320 	1059
f 1323 	1321 	1156
f 1324 	1322 	1059
f 1325 	1323 	1156
f 1326 	1324 	1059
f 1327 	1325 	1156
f 1328 	1326 	1059
f 1329 	1327 	1156
f 1330 	1328 	1059
f 1331 	1329 	1156
f 1332 	1330 	1059
f 1333 	1331 	1156
f 1334 	1332 	1059
f 1335 	1333 	1156
f 1336 	1334 	1059
f 1337 	1335 	1156
f 1338 	1336 	1059
f 1339 	1337 	1156
f 1340 	1338 	1059
f 1341 	1339 	1156
f 1342 	1340 	1059
f 1343 	1341 	1156
f 1344 	1342 	1059
f 1345 	1343 	1156
f 1346 	1344 	1059
f 1347 	1345 	1156
f 1346 	1059 	1091
f 1347 	1156 	1297
f 1348 	1346 	1091
f 1349 	1347 	1297
f 1350 	1348 	1091
f 1351 	1349 	1297
f 1352 	1350 	1091
f 1353 	1351 	1297
f 1354 	1352 	1091
f 1355 	1353 	1297
f 1356 	1354 	1091
f 1357 	1355 	1297
f 1358 	1356 	1091
f 1359 	1357 	1297
f 1360 	1358 	1091
f 1361 	1359 	1297
f 1362 	1360 	1091
f 1267 	1361 	1297
f 1363 	1362 	1091
f 1091 	1267 	1297
f 1364 	1363 	1091
f 1091 	1297 	1365
f 1366 	1364 	1091
f 1091 	1365 	1366
f 743 	747 	1057
f 747 	1058 	1057
f 747 	746 	1058
f 746 	1059 	1058
f 746 	749 	1059
f 749 	1060 	1059
f 749 	748 	1060
f 748 	1061 	1060
f 748 	751 	1061
f 751 	1062 	1061
f 751 	750 	1062
f 750 	1063 	1062
f 750 	753 	1063
f 753 	1064 	1063
f 753 	752 	1064
f 752 	1065 	1064
f 752 	755 	1065
f 755 	1066 	1065
f 755 	754 	1066
f 754 	1067 	1066
f 754 	757 	1067
f 757 	1068 	1067
f 757 	756 	1068
f 756 	1069 	1068
f 756 	759 	1069
f 759 	1070 	1069
f 759 	758 	1070
f 758 	1071 	1070
f 758 	761 	1071
f 761 	1072 	1071
f 761 	760 	1072
f 760 	1073 	1072
f 760 	763 	1073
f 763 	1074 	1073
f 763 	762 	1074
f 762 	1075 	1074
f 762 	765 	1075
f 765 	1076 	1075
f 765 	764 	1076
f 764 	1077 	1076
f 764 	767 	1077
f 767 	1078 	1077
f 767 	766 	1078
f 766 	1079 	1078
f 766 	769 	1079
f 769 	1080 	1079
f 769 	768 	1080
f 768 	1081 	1080
f 768 	771 	1081
f 771 	1082 	1081
f 771 	770 	1082
f 770 	1083 	1082
f 770 	773 	1083
f 773 	1084 	1083
f 773 	772 	1084
f 772 	1085 	1084
f 772 	775 	1085
f 775 	1086 	1085
f 775 	774 	1086
f 774 	1087 	1086
f 774 	777 	1087
f 777 	1088 	1087
f 777 	776 	1088
f 776 	1089 	1088
f 776 	779 	1089
f 779 	1090 	1089
f 779 	778 	1090
f 778 	1091 	1090
f 778 	781 	1091
f 781 	1092 	1091
f 781 	780 	1092
f 780 	1093 	1092
f 780 	783 	1093
f 783 	1094 	1093
f 783 	782 	1094
f 782 	1095 	1094
f 782 	785 	1095
f 785 	1096 	1095
f 785 	784 	1096
f 784 	1097 	1096
f 784 	787 	1097
f 787 	1098 	1097
f 787 	786 	1098
f 786 	1099 	1098
f 786 	789 	1099
f 789 	1100 	1099
f 789 	788 	1100
f 788 	1101 	1100
f 788 	791 	1101
f 791 	1102 	1101
f 791 	790 	1102
f 790 	1103 	1102
f 790 	793 	1103
f 793 	1104 	1103
f 793 	792 	1104
f 792 	1105 	1104
f 792 	935 	1105
f 935 	1247 	1105
f 935 	936 	1247
f 936 	1248 	1247
f 936 	939 	1248
f 939 	1251 	1248
f 939 	943 	1251
f 943 	1255 	1251
f 943 	947 	1255
f 947 	1259 	1255
f 947 	951 	1259
f 951 	1263 	1259
f 951 	955 	1263
f 955 	1267 	1263
f 955 	1049 	1267
f 1049 	1361 	1267
f 1049 	1047 	1361
f 1047 	1359 	1361
f 1047 	1045 	1359
f 1045 	1357 	1359
f 1045 	1043 	1357
f 1043 	1355 	1357
f 1043 	1041 	1355
f 1041 	1353 	1355
f 1041 	1039 	1353
f 1039 	1351 	1353
f 1039 	1037 	1351
f 1037 	1349 	1351
f 1037 	1035 	1349
f 1035 	1347 	1349
f 1035 	1033 	1347
f 1033 	1345 	1347
f 1033 	1031 	1345
f 1031 	1343 	1345
f 1031 	1029 	1343
f 1029 	1341 	1343
f 1029 	1027 	1341
f 1027 	1339 	1341
f 1027 	1025 	1339
f 1025 	1337 	1339
f 1025 	1023 	1337
f 1023 	1335 	1337
f 1023 	1021 	1335
f 1021 	1333 	1335
f 1021 	1019 	1333
f 1019 	1331 	1333
f 1019 	1017 	1331
f 1017 	1329 	1331
f 1017 	1015 	1329
f 1015 	1327 	1329
f 1015 	1013 	1327
f 1013 	1325 	1327
f 1013 	1011 	1325
f 1011 	1323 	1325
f 1011 	1009 	1323
f 1009 	1321 	1323
f 1009 	1007 	1321
f 1007 	1319 	1321
f 1007 	1005 	1319
f 1005 	1317 	1319
f 1005 	1003 	1317
f 1003 	1315 	1317
f 1003 	1001 	1315
f 1001 	1313 	1315
f 1001 	999 	1313
f 999 	1311 	1313
f 999 	997 	1311
f 997 	1309 	1311
f 997 	995 	1309
f 995 	1307 	1309
f 995 	993 	1307
f 993 	1305 	1307
f 993 	991 	1305
f 991 	1303 	1305
f 991 	989 	1303
f 989 	1301 	1303
f 989 	987 	1301
f 987 	1299 	1301
f 987 	984 	1299
f 984 	1296 	1299
f 984 	981 	1296
f 981 	1293 	1296
f 981 	978 	1293
f 978 	1290 	1293
f 978 	976 	1290
f 976 	1288 	1290
f 976 	973 	1288
f 973 	1285 	1288
f 973 	970 	1285
f 970 	1282 	1285
f 970 	967 	1282
f 967 	1279 	1282
f 967 	962 	1279
f 962 	1274 	1279
f 962 	959 	1274
f 959 	1271 	1274
f 959 	956 	1271
f 956 	1268 	1271
f 956 	952 	1268
f 952 	1264 	1268
f 952 	948 	1264
f 948 	1260 	1264
f 948 	944 	1260
f 944 	1256 	1260
f 944 	940 	1256
f 940 	1252 	1256
f 940 	937 	1252
f 937 	1249 	1252
f 937 	933 	1249
f 933 	1245 	1249
f 933 	930 	1245
f 930 	1242 	1245
f 930 	927 	1242
f 927 	1239 	1242
f 927 	796 	1239
f 796 	1106 	1239
f 796 	795 	1106
f 795 	1107 	1106
f 795 	794 	1107
f 794 	1108 	1107
f 794 	798 	1108
f 798 	1109 	1108
f 798 	797 	1109
f 797 	1110 	1109
f 797 	800 	1110
f 800 	1111 	1110
f 800 	799 	1111
f 799 	1112 	1111
f 799 	802 	1112
f 802 	1113 	1112
f 802 	801 	1113
f 801 	1114 	1113
f 801 	804 	1114
f 804 	1115 	1114
f 804 	803 	1115
f 803 	1116 	1115
f 803 	806 	1116
f 806 	1117 	1116
f 806 	805 	1117
f 805 	1118 	1117
f 805 	808 	1118
f 808 	1119 	1118
f 808 	807 	1119
f 807 	1120 	1119
f 807 	810 	1120
f 810 	1121 	1120
f 810 	809 	1121
f 809 	1122 	1121
f 809 	812 	1122
f 812 	1123 	1122
f 812 	811 	1123
f 811 	1124 	1123
f 811 	814 	1124
f 814 	1125 	1124
f 814 	813 	1125
f 813 	1126 	1125
f 813 	816 	1126
f 816 	1127 	1126
f 816 	815 	1127
f 815 	1128 	1127
f 815 	818 	1128
f 818 	1129 	1128
f 818 	817 	1129
f 817 	1130 	1129
f 817 	820 	1130
f 820 	1131 	1130
f 820 	819 	1131
f 819 	1132 	1131
f 819 	822 	1132
f 822 	1133 	1132
f 822 	821 	1133
f 821 	1134 	1133
f 821 	824 	1134
f 824 	1135 	1134
f 824 	823 	1135
f 823 	1136 	1135
f 823 	826 	1136
f 826 	1137 	1136
f 826 	825 	1137
f 825 	1138 	1137
f 825 	828 	1138
f 828 	1139 	1138
f 828 	827 	1139
f 827 	1140 	1139
f 827 	830 	1140
f 830 	1141 	1140
f 830 	829 	1141
f 829 	1142 	1141
f 829 	832 	1142
f 832 	1143 	1142
f 832 	831 	1143
f 831 	1144 	1143
f 831 	834 	1144
f 834 	1145 	1144
f 834 	833 	1145
f 833 	1146 	1145
f 833 	836 	1146
f 836 	1147 	1146
f 836 	835 	1147
f 835 	1148 	1147
f 835 	838 	1148
f 838 	1149 	1148
f 838 	837 	1149
f 837 	1150 	1149
f 837 	840 	1150
f 840 	1151 	1150
f 840 	839 	1151
f 839 	1152 	1151
f 839 	842 	1152
f 842 	1153 	1152
f 842 	841 	1153
f 841 	1154 	1153
f 841 	844 	1154
f 844 	1155 	1154
f 844 	843 	1155
f 843 	1156 	1155
f 843 	846 	1156
f 846 	1157 	1156
f 846 	845 	1157
f 845 	1158 	1157
f 845 	848 	1158
f 848 	1159 	1158
f 848 	847 	1159
f 847 	1160 	1159
f 847 	850 	1160
f 850 	1161 	1160
f 850 	849 	1161
f 849 	1162 	1161
f 849 	852 	1162
f 852 	1163 	1162
f 852 	851 	1163
f 851 	1164 	1163
f 851 	854 	1164
f 854 	1165 	1164
f 854 	853 	1165
f 853 	1166 	1165
f 853 	856 	1166
f 856 	1167 	1166
f 856 	855 	1167
f 855 	1168 	1167
f 855 	858 	1168
f 858 	1169 	1168
f 858 	857 	1169
f 857 	1170 	1169
f 857 	860 	1170
f 860 	1171 	1170
f 860 	859 	1171
f 859 	1172 	1171
f 859 	862 	1172
f 862 	1173 	1172
f 862 	861 	1173
f 861 	1174 	1173
f 861 	864 	1174
f 864 	1175 	1174
f 864 	863 	1175
f 863 	1176 	1175
f 863 	866 	1176
f 866 	1177 	1176
f 866 	865 	1177
f 865 	1178 	1177
f 865 	868 	1178
f 868 	1179 	1178
f 868 	867 	1179
f 867 	1180 	1179
f 867 	870 	1180
f 870 	1181 	1180
f 870 	869 	1181
f 869 	1182 	1181
f 869 	872 	1182
f 872 	1183 	1182
f 872 	871 	1183
f 871 	1184 	1183
f 871 	874 	1184
f 874 	1185 	1184
f 874 	873 	1185
f 873 	1186 	1185
f 873 	876 	1186
f 876 	1187 	1186
f 876 	875 	1187
f 875 	1188 	1187
f 875 	878 	1188
f 878 	1189 	1188
f 878 	877 	1189
f 877 	1190 	1189
f 877 	928 	1190
f 928 	1240 	1190
f 928 	931 	1240
f 931 	1243 	1240
f 931 	941 	1243
f 941 	1253 	1243
f 941 	945 	1253
f 945 	1257 	1253
f 945 	949 	1257
f 949 	1261 	1257
f 949 	953 	1261
f 953 	1265 	1261
f 953 	957 	1265
f 957 	1269 	1265
f 957 	960 	1269
f 960 	1272 	1269
f 960 	963 	1272
f 963 	1275 	1272
f 963 	965 	1275
f 965 	1277 	1275
f 965 	968 	1277
f 968 	1280 	1277
f 968 	971 	1280
f 971 	1283 	1280
f 971 	974 	1283
f 974 	1286 	1283
f 974 	977 	1286
f 977 	1289 	1286
f 977 	979 	1289
f 979 	1291 	1289
f 979 	982 	1291
f 982 	1294 	1291
f 982 	985 	1294
f 985 	1297 	1294
f 985 	1053 	1297
f 1053 	1365 	1297
f 1053 	1054 	1365
f 1054 	1366 	1365
f 1054 	1052 	1366
f 1052 	1364 	1366
f 1052 	1051 	1364
f 1051 	1363 	1364
f 1051 	1050 	1363
f 1050 	1362 	1363
f 1050 	1048 	1362
f 1048 	1360 	1362
f 1048 	1046 	1360
f 1046 	1358 	1360
f 1046 	1044 	1358
f 1044 	1356 	1358
f 1044 	1042 	1356
f 1042 	1354 	1356
f 1042 	1040 	1354
f 1040 	1352 	1354
f 1040 	1038 	1352
f 1038 	1350 	1352
f 1038 	1036 	1350
f 1036 	1348 	1350
f 1036 	1034 	1348
f 1034 	1346 	1348
f 1034 	1032 	1346
f 1032 	1344 	1346
f 1032 	1030 	1344
f 1030 	1342 	1344
f 1030 	1028 	1342
f 1028 	1340 	1342
f 1028 	1026 	1340
f 1026 	1338 	1340
f 1026 	1024 	1338
f 1024 	1336 	1338
f 1024 	1022 	1336
f 1022 	1334 	1336
f 1022 	1020 	1334
f 1020 	1332 	1334
f 1020 	1018 	1332
f 1018 	1330 	1332
f 1018 	1016 	1330
f 1016 	1328 	1330
f 1016 	1014 	1328
f 1014 	1326 	1328
f 1014 	1012 	1326
f 1012 	1324 	1326
f 1012 	1010 	1324
f 1010 	1322 	1324
f 1010 	1008 	1322
f 1008 	1320 	1322
f 1008 	1006 	1320
f 1006 	1318 	1320
f 1006 	1004 	1318
f 1004 	1316 	1318
f 1004 	1002 	1316
f 1002 	1314 	1316
f 1002 	1000 	1314
f 1000 	1312 	1314
f 1000 	998 	1312
f 998 	1310 	1312
f 998 	996 	1310
f 996 	1308 	1310
f 996 	994 	1308
f 994 	1306 	1308
f 994 	992 	1306
f 992 	1304 	1306
f 992 	990 	1304
f 990 	1302 	1304
f 990 	988 	1302
f 988 	1300 	1302
f 988 	986 	1300
f 986 	1298 	1300
f 986 	983 	1298
f 983 	1295 	1298
f 983 	980 	1295
f 980 	1292 	1295
f 980 	975 	1292
f 975 	1287 	1292
f 975 	972 	1287
f 972 	1284 	1287
f 972 	969 	1284
f 969 	1281 	1284
f 969 	966 	1281
f 966 	1278 	1281
f 966 	964 	1278
f 964 	1276 	1278
f 964 	961 	1276
f 961 	1273 	1276
f 961 	958 	1273
f 958 	1270 	1273
f 958 	954 	1270
f 954 	1266 	1270
f 954 	950 	1266
f 950 	1262 	1266
f 950 	946 	1262
f 946 	1258 	1262
f 946 	942 	1258
f 942 	1254 	1258
f 942 	938 	1254
f 938 	1250 	1254
f 938 	934 	1250
f 934 	1246 	1250
f 934 	932 	1246
f 932 	1244 	1246
f 932 	929 	1244
f 929 	1241 	1244
f 929 	881 	1241
f 881 	1191 	1241
f 881 	880 	1191
f 880 	1192 	1191
f 880 	879 	1192
f 879 	1193 	1192
f 879 	883 	1193
f 883 	1194 	1193
f 883 	882 	1194
f 882 	1195 	1194
f 882 	885 	1195
f 885 	1196 	1195
f 885 	884 	1196
f 884 	1197 	1196
f 884 	887 	1197
f 887 	1198 	1197
f 887 	886 	1198
f 886 	1199 	1198
f 886 	889 	1199
f 889 	1200 	1199
f 889 	888 	1200
f 888 	1201 	1200
f 888 	891 	1201
f 891 	1202 	1201
f 891 	890 	1202
f 890 	1203 	1202
f 890 	893 	1203
f 893 	1204 	1203
f 893 	892 	1204
f 892 	1205 	1204
f 892 	895 	1205
f 895 	1206 	1205
f 895 	894 	1206
f 894 	1207 	1206
f 894 	897 	1207
f 897 	1208 	1207
f 897 	896 	1208
f 896 	1209 	1208
f 896 	899 	1209
f 899 	1210 	1209
f 899 	898 	1210
f 898 	1211 	1210
f 898 	901 	1211
f 901 	1212 	1211
f 901 	900 	1212
f 900 	1213 	1212
f 900 	903 	1213
f 903 	1214 	1213
f 903 	902 	1214
f 902 	1215 	1214
f 902 	905 	1215
f 905 	1216 	1215
f 905 	904 	1216
f 904 	1217 	1216
f 904 	907 	1217
f 907 	1218 	1217
f 907 	906 	1218
f 906 	1219 	1218
f 906 	909 	1219
f 909 	1220 	1219
f 909 	908 	1220
f 908 	1221 	1220
f 908 	911 	1221
f 911 	1222 	1221
f 911 	910 	1222
f 910 	1223 	1222
f 910 	913 	1223
f 913 	1224 	1223
f 913 	912 	1224
f 912 	1225 	1224
f 912 	915 	1225
f 915 	1226 	1225
f 915 	914 	1226
f 914 	1227 	1226
f 914 	917 	1227
f 917 	1228 	1227
f 917 	916 	1228
f 916 	1229 	1228
f 916 	919 	1229
f 919 	1230 	1229
f 919 	918 	1230
f 918 	1231 	1230
f 918 	921 	1231
f 921 	1232 	1231
f 921 	920 	1232
f 920 	1233 	1232
f 920 	923 	1233
f 923 	1234 	1233
f 923 	922 	1234
f 922 	1235 	1234
f 922 	925 	1235
f 925 	1236 	1235
f 925 	924 	1236
f 924 	1237 	1236
f 924 	926 	1237
f 926 	1238 	1237
f 926 	745 	1238
f 745 	1055 	1238
f 745 	744 	1055
f 744 	1056 	1055
f 744 	743 	1056
f 743 	1057 	1056
f 1367 	1368 	1369
f 1370 	1371 	1372
f 1373 	1374 	1370
f 1375 	1376 	1373
f 1377 	1378 	1375
f 1379 	1380 	1377
f 1381 	1382 	1379
f 1383 	1384 	1381
f 1385 	1386 	1383
f 1387 	1388 	1385
f 1389 	1390 	1387
f 1391 	1392 	1389
f 1393 	1394 	1391
f 1395 	1396 	1393
f 1397 	1398 	1395
f 1399 	1400 	1397
f 1401 	1402 	1399
f 1403 	1404 	1401
f 1405 	1406 	1403
f 1407 	1408 	1405
f 1409 	1410 	1407
f 1411 	1412 	1409
f 1413 	1414 	1411
f 1415 	1416 	1413
f 1417 	1418 	1415
f 1419 	1420 	1421
f 1422 	1423 	1419
f 1424 	1425 	1422
f 1426 	1427 	1424
f 1428 	1429 	1426
f 1430 	1431 	1428
f 1432 	1433 	1430
f 1434 	1435 	1436
f 1437 	1438 	1439
f 1440 	1441 	1437
f 1442 	1443 	1444
f 1445 	1446 	1442
f 1447 	1367 	1369
f 1373 	1370 	1372
f 1377 	1375 	1373
f 1381 	1379 	1377
f 1385 	1383 	1381
f 1389 	1387 	1385
f 1393 	1391 	1389
f 1397 	1395 	1393
f 1401 	1399 	1397
f 1405 	1403 	1401
f 1409 	1407 	1405
f 1413 	1411 	1409
f 1417 	1415 	1413
f 1422 	1419 	1421
f 1426 	1424 	1422
f 1430 	1428 	1426
f 1436 	1432 	1430
f 1439 	1434 	1436
f 1448 	1440 	1437
f 1442 	1444 	1449
f 1450 	1445 	1442
f 1451 	1447 	1369
f 1377 	1373 	1372
f 1385 	1381 	1377
f 1393 	1389 	1385
f 1401 	1397 	1393
f 1409 	1405 	1401
f 1417 	1413 	1409
f 1426 	1422 	1421
f 1436 	1430 	1426
f 1437 	1439 	1436
f 1452 	1448 	1437
f 1442 	1449 	1453
f 1454 	1450 	1442
f 1455 	1451 	1369
f 1377 	1372 	1456
f 1393 	1385 	1377
f 1409 	1401 	1393
f 1457 	1417 	1409
f 1436 	1426 	1421
f 1458 	1452 	1437
f 1442 	1453 	1459
f 1460 	1454 	1442
f 1461 	1455 	1369
f 1377 	1456 	1462
f 1409 	1393 	1377
f 1463 	1458 	1437
f 1442 	1459 	1464
f 1465 	1460 	1442
f 1466 	1461 	1369
f 1467 	1463 	1437
f 1442 	1464 	1468
f 1469 	1465 	1442
f 1470 	1466 	1369
f 1471 	1467 	1437
f 1442 	1468 	1472
f 1473 	1469 	1442
f 1474 	1470 	1369
f 1475 	1471 	1437
f 1442 	1472 	1476
f 1477 	1473 	1442
f 1478 	1474 	1369
f 1479 	1475 	1437
f 1442 	1476 	1480
f 1481 	1477 	1442
f 1482 	1478 	1369
f 1483 	1479 	1437
f 1442 	1480 	1484
f 1485 	1481 	1442
f 1486 	1482 	1369
f 1487 	1483 	1437
f 1442 	1484 	1488
f 1489 	1485 	1442
f 1490 	1486 	1369
f 1491 	1487 	1437
f 1442 	1488 	1492
f 1493 	1489 	1442
f 1494 	1490 	1369
f 1495 	1491 	1437
f 1442 	1492 	1496
f 1497 	1493 	1442
f 1498 	1494 	1369
f 1499 	1495 	1437
f 1442 	1496 	1500
f 1501 	1497 	1442
f 1502 	1498 	1369
f 1499 	1437 	1436
f 1442 	1500 	1503
f 1504 	1501 	1442
f 1505 	1502 	1369
f 1506 	1499 	1436
f 1504 	1442 	1503
f 1505 	1369 	1507
f 1508 	1506 	1436
f 1504 	1503 	1509
f 1505 	1507 	1510
f 1511 	1508 	1436
f 1504 	1509 	1512
f 1505 	1510 	1513
f 1514 	1511 	1436
f 1504 	1512 	1515
f 1505 	1513 	1516
f 1514 	1436 	1421
f 1504 	1515 	1517
f 1505 	1516 	1518
f 1519 	1514 	1421
f 1504 	1517 	1520
f 1521 	1505 	1518
f 1522 	1519 	1421
f 1504 	1520 	1523
f 1521 	1518 	1524
f 1525 	1522 	1421
f 1504 	1523 	1526
f 1521 	1524 	1527
f 1528 	1525 	1421
f 1504 	1526 	1529
f 1521 	1527 	1530
f 1531 	1528 	1421
f 1504 	1529 	1532
f 1521 	1530 	1533
f 1534 	1531 	1421
f 1504 	1532 	1535
f 1521 	1533 	1536
f 1537 	1534 	1421
f 1538 	1504 	1535
f 1521 	1536 	1539
f 1535 	1537 	1421
f 1540 	1538 	1535
f 1521 	1539 	1541
f 1535 	1421 	1457
f 1542 	1540 	1535
f 1521 	1541 	1543
f 1535 	1457 	1409
f 1544 	1542 	1535
f 1545 	1521 	1543
f 1546 	1544 	1535
f 1547 	1545 	1543
f 1548 	1546 	1535
f 1549 	1547 	1543
f 1550 	1548 	1535
f 1551 	1549 	1543
f 1552 	1550 	1535
f 1553 	1551 	1543
f 1554 	1552 	1535
f 1462 	1553 	1543
f 1555 	1554 	1535
f 1377 	1462 	1543
f 1556 	1555 	1535
f 1377 	1543 	1557
f 1558 	1556 	1535
f 1377 	1557 	1559
f 1560 	1558 	1535
f 1377 	1559 	1561
f 1562 	1560 	1535
f 1377 	1561 	1563
f 1564 	1562 	1535
f 1377 	1563 	1565
f 1566 	1564 	1535
f 1377 	1565 	1567
f 1568 	1566 	1535
f 1377 	1567 	1569
f 1570 	1568 	1535
f 1377 	1569 	1571
f 1572 	1570 	1535
f 1377 	1571 	1573
f 1574 	1572 	1535
f 1377 	1573 	1575
f 1574 	1535 	1409
f 1377 	1575 	1576
f 1577 	1574 	1409
f 1409 	1377 	1576
f 1578 	1577 	1409
f 1409 	1576 	1579
f 1580 	1578 	1409
f 1409 	1579 	1581
f 1582 	1580 	1409
f 1409 	1581 	1583
f 1584 	1582 	1409
f 1409 	1583 	1585
f 1586 	1584 	1409
f 1409 	1585 	1587
f 1588 	1586 	1409
f 1409 	1587 	1589
f 1590 	1588 	1409
f 1409 	1589 	1591
f 1591 	1590 	1409
f 1592 	1593 	1594
f 1595 	1596 	1597
f 1597 	1598 	1599
f 1599 	1600 	1601
f 1601 	1602 	1603
f 1603 	1604 	1605
f 1605 	1606 	1607
f 1607 	1608 	1609
f 1609 	1610 	1611
f 1611 	1612 	1613
f 1613 	1614 	1615
f 1615 	1616 	1617
f 1617 	1618 	1619
f 1619 	1620 	1621
f 1621 	1622 	1623
f 1623 	1624 	1625
f 1625 	1626 	1627
f 1627 	1628 	1629
f 1629 	1630 	1631
f 1631 	1632 	1633
f 1633 	1634 	1635
f 1635 	1636 	1637
f 1637 	1638 	1639
f 1639 	1640 	1641
f 1641 	1642 	1643
f 1644 	1645 	1646
f 1646 	1647 	1648
f 1648 	1649 	1650
f 1650 	1651 	1652
f 1652 	1653 	1654
f 1654 	1655 	1656
f 1656 	1657 	1658
f 1659 	1660 	1661
f 1662 	1663 	1664
f 1664 	1665 	1666
f 1667 	1668 	1669
f 1669 	1670 	1671
f 1592 	1594 	1672
f 1595 	1597 	1599
f 1599 	1601 	1603
f 1603 	1605 	1607
f 1607 	1609 	1611
f 1611 	1613 	1615
f 1615 	1617 	1619
f 1619 	1621 	1623
f 1623 	1625 	1627
f 1627 	1629 	1631
f 1631 	1633 	1635
f 1635 	1637 	1639
f 1639 	1641 	1643
f 1644 	1646 	1648
f 1648 	1650 	1652
f 1652 	1654 	1656
f 1656 	1658 	1659
f 1659 	1661 	1662
f 1664 	1666 	1673
f 1674 	1667 	1669
f 1669 	1671 	1675
f 1592 	1672 	1676
f 1595 	1599 	1603
f 1603 	1607 	1611
f 1611 	1615 	1619
f 1619 	1623 	1627
f 1627 	1631 	1635
f 1635 	1639 	1643
f 1644 	1648 	1652
f 1652 	1656 	1659
f 1659 	1662 	1664
f 1664 	1673 	1677
f 1678 	1674 	1669
f 1669 	1675 	1679
f 1592 	1676 	1680
f 1681 	1595 	1603
f 1603 	1611 	1619
f 1619 	1627 	1635
f 1635 	1643 	1682
f 1644 	1652 	1659
f 1664 	1677 	1683
f 1684 	1678 	1669
f 1669 	1679 	1685
f 1592 	1680 	1686
f 1687 	1681 	1603
f 1603 	1619 	1635
f 1664 	1683 	1688
f 1689 	1684 	1669
f 1669 	1685 	1690
f 1592 	1686 	1691
f 1664 	1688 	1692
f 1693 	1689 	1669
f 1669 	1690 	1694
f 1592 	1691 	1695
f 1664 	1692 	1696
f 1697 	1693 	1669
f 1669 	1694 	1698
f 1592 	1695 	1699
f 1664 	1696 	1700
f 1701 	1697 	1669
f 1669 	1698 	1702
f 1592 	1699 	1703
f 1664 	1700 	1704
f 1705 	1701 	1669
f 1669 	1702 	1706
f 1592 	1703 	1707
f 1664 	1704 	1708
f 1709 	1705 	1669
f 1669 	1706 	1710
f 1592 	1707 	1711
f 1664 	1708 	1712
f 1713 	1709 	1669
f 1669 	1710 	1714
f 1592 	1711 	1715
f 1664 	1712 	1716
f 1717 	1713 	1669
f 1669 	1714 	1718
f 1592 	1715 	1719
f 1664 	1716 	1720
f 1721 	1717 	1669
f 1669 	1718 	1722
f 1592 	1719 	1723
f 1664 	1720 	1724
f 1725 	1721 	1669
f 1669 	1722 	1726
f 1592 	1723 	1727
f 1659 	1664 	1724
f 1728 	1725 	1669
f 1669 	1726 	1729
f 1592 	1727 	1730
f 1659 	1724 	1731
f 1728 	1669 	1729
f 1732 	1592 	1730
f 1659 	1731 	1733
f 1734 	1728 	1729
f 1735 	1732 	1730
f 1659 	1733 	1736
f 1737 	1734 	1729
f 1738 	1735 	1730
f 1659 	1736 	1739
f 1740 	1737 	1729
f 1741 	1738 	1730
f 1644 	1659 	1739
f 1742 	1740 	1729
f 1743 	1741 	1730
f 1644 	1739 	1744
f 1745 	1742 	1729
f 1743 	1730 	1746
f 1644 	1744 	1747
f 1748 	1745 	1729
f 1749 	1743 	1746
f 1644 	1747 	1750
f 1751 	1748 	1729
f 1752 	1749 	1746
f 1644 	1750 	1753
f 1754 	1751 	1729
f 1755 	1752 	1746
f 1644 	1753 	1756
f 1757 	1754 	1729
f 1758 	1755 	1746
f 1644 	1756 	1759
f 1760 	1757 	1729
f 1761 	1758 	1746
f 1644 	1759 	1762
f 1760 	1729 	1763
f 1764 	1761 	1746
f 1644 	1762 	1760
f 1760 	1763 	1765
f 1766 	1764 	1746
f 1682 	1644 	1760
f 1760 	1765 	1767
f 1768 	1766 	1746
f 1635 	1682 	1760
f 1760 	1767 	1769
f 1768 	1746 	1770
f 1760 	1769 	1771
f 1768 	1770 	1772
f 1760 	1771 	1773
f 1768 	1772 	1774
f 1760 	1773 	1775
f 1768 	1774 	1776
f 1760 	1775 	1777
f 1768 	1776 	1778
f 1760 	1777 	1779
f 1768 	1778 	1687
f 1760 	1779 	1780
f 1768 	1687 	1603
f 1760 	1780 	1781
f 1782 	1768 	1603
f 1760 	1781 	1783
f 1784 	1782 	1603
f 1760 	1783 	1785
f 1786 	1784 	1603
f 1760 	1785 	1787
f 1788 	1786 	1603
f 1760 	1787 	1789
f 1790 	1788 	1603
f 1760 	1789 	1791
f 1792 	1790 	1603
f 1760 	1791 	1793
f 1794 	1792 	1603
f 1760 	1793 	1795
f 1796 	1794 	1603
f 1760 	1795 	1797
f 1798 	1796 	1603
f 1760 	1797 	1799
f 1800 	1798 	1603
f 1635 	1760 	1799
f 1801 	1800 	1603
f 1635 	1799 	1802
f 1801 	1603 	1635
f 1635 	1802 	1803
f 1804 	1801 	1635
f 1635 	1803 	1805
f 1806 	1804 	1635
f 1635 	1805 	1807
f 1808 	1806 	1635
f 1635 	1807 	1809
f 1810 	1808 	1635
f 1635 	1809 	1811
f 1812 	1810 	1635
f 1635 	1811 	1813
f 1814 	1812 	1635
f 1635 	1813 	1815
f 1816 	1814 	1635
f 1635 	1815 	1816
f 1368 	1367 	1593
f 1367 	1594 	1593
f 1367 	1447 	1594
f 1447 	1672 	1594
f 1447 	1451 	1672
f 1451 	1676 	1672
f 1451 	1455 	1676
f 1455 	1680 	1676
f 1455 	1461 	1680
f 1461 	1686 	1680
f 1461 	1466 	1686
f 1466 	1691 	1686
f 1466 	1470 	1691
f 1470 	1695 	1691
f 1470 	1474 	1695
f 1474 	1699 	1695
f 1474 	1478 	1699
f 1478 	1703 	1699
f 1478 	1482 	1703
f 1482 	1707 	1703
f 1482 	1486 	1707
f 1486 	1711 	1707
f 1486 	1490 	1711
f 1490 	1715 	1711
f 1490 	1494 	1715
f 1494 	1719 	1715
f 1494 	1498 	1719
f 1498 	1723 	1719
f 1498 	1502 	1723
f 1502 	1727 	1723
f 1502 	1505 	1727
f 1505 	1730 	1727
f 1505 	1521 	1730
f 1521 	1746 	1730
f 1521 	1545 	1746
f 1545 	1770 	1746
f 1545 	1547 	1770
f 1547 	1772 	1770
f 1547 	1549 	1772
f 1549 	1774 	1772
f 1549 	1551 	1774
f 1551 	1776 	1774
f 1551 	1553 	1776
f 1553 	1778 	1776
f 1553 	1462 	1778
f 1462 	1687 	1778
f 1462 	1456 	1687
f 1456 	1681 	1687
f 1456 	1372 	1681
f 1372 	1595 	1681
f 1372 	1371 	1595
f 1371 	1596 	1595
f 1371 	1370 	1596
f 1370 	1597 	1596
f 1370 	1374 	1597
f 1374 	1598 	1597
f 1374 	1373 	1598
f 1373 	1599 	1598
f 1373 	1376 	1599
f 1376 	1600 	1599
f 1376 	1375 	1600
f 1375 	1601 	1600
f 1375 	1378 	1601
f 1378 	1602 	1601
f 1378 	1377 	1602
f 1377 	1603 	1602
f 1377 	1380 	1603
f 1380 	1604 	1603
f 1380 	1379 	1604
f 1379 	1605 	1604
f 1379 	1382 	1605
f 1382 	1606 	1605
f 1382 	1381 	1606
f 1381 	1607 	1606
f 1381 	1384 	1607
f 1384 	1608 	1607
f 1384 	1383 	1608
f 1383 	1609 	1608
f 1383 	1386 	1609
f 1386 	1610 	1609
f 1386 	1385 	1610
f 1385 	1611 	1610
f 1385 	1388 	1611
f 1388 	1612 	1611
f 1388 	1387 	1612
f 1387 	1613 	1612
f 1387 	1390 	1613
f 1390 	1614 	1613
f 1390 	1389 	1614
f 1389 	1615 	1614
f 1389 	1392 	1615
f 1392 	1616 	1615
f 1392 	1391 	1616
f 1391 	1617 	1616
f 1391 	1394 	1617
f 1394 	1618 	1617
f 1394 	1393 	1618
f 1393 	1619 	1618
f 1393 	1396 	1619
f 1396 	1620 	1619
f 1396 	1395 	1620
f 1395 	1621 	1620
f 1395 	1398 	1621
f 1398 	1622 	1621
f 1398 	1397 	1622
f 1397 	1623 	1622
f 1397 	1400 	1623
f 1400 	1624 	1623
f 1400 	1399 	1624
f 1399 	1625 	1624
f 1399 	1402 	1625
f 1402 	1626 	1625
f 1402 	1401 	1626
f 1401 	1627 	1626
f 1401 	1404 	1627
f 1404 	1628 	1627
f 1404 	1403 	1628
f 1403 	1629 	1628
f 1403 	1406 	1629
f 1406 	1630 	1629
f 1406 	1405 	1630
f 1405 	1631 	1630
f 1405 	1408 	1631
f 1408 	1632 	1631
f 1408 	1407 	1632
f 1407 	1633 	1632
f 1407 	1410 	1633
f 1410 	1634 	1633
f 1410 	1409 	1634
f 1409 	1635 	1634
f 1409 	1412 	1635
f 1412 	1636 	1635
f 1412 	1411 	1636
f 1411 	1637 	1636
f 1411 	1414 	1637
f 1414 	1638 	1637
f 1414 	1413 	1638
f 1413 	1639 	1638
f 1413 	1416 	1639
f 1416 	1640 	1639
f 1416 	1415 	1640
f 1415 	1641 	1640
f 1415 	1418 	1641
f 1418 	1642 	1641
f 1418 	1417 	1642
f 1417 	1643 	1642
f 1417 	1457 	1643
f 1457 	1682 	1643
f 1457 	1421 	1682
f 1421 	1644 	1682
f 1421 	1420 	1644
f 1420 	1645 	1644
f 1420 	1419 	1645
f 1419 	1646 	1645
f 1419 	1423 	1646
f 1423 	1647 	1646
f 1423 	1422 	1647
f 1422 	1648 	1647
f 1422 	1425 	1648
f 1425 	1649 	1648
f 1425 	1424 	1649
f 1424 	1650 	1649
f 1424 	1427 	1650
f 1427 	1651 	1650
f 1427 	1426 	1651
f 1426 	1652 	1651
f 1426 	1429 	1652
f 1429 	1653 	1652
f 1429 	1428 	1653
f 1428 	1654 	1653
f 1428 	1431 	1654
f 1431 	1655 	1654
f 1431 	1430 	1655
f 1430 	1656 	1655
f 1430 	1433 	1656
f 1433 	1657 	1656
f 1433 	1432 	1657
f 1432 	1658 	1657
f 1432 	1436 	1658
f 1436 	1659 	1658
f 1436 	1435 	1659
f 1435 	1660 	1659
f 1435 	1434 	1660
f 1434 	1661 	1660
f 1434 	1439 	1661
f 1439 	1662 	1661
f 1439 	1438 	1662
f 1438 	1663 	1662
f 1438 	1437 	1663
f 1437 	1664 	1663
f 1437 	1441 	1664
f 1441 	1665 	1664
f 1441 	1440 	1665
f 1440 	1666 	1665
f 1440 	1448 	1666
f 1448 	1673 	1666
f 1448 	1452 	1673
f 1452 	1677 	1673
f 1452 	1458 	1677
f 1458 	1683 	1677
f 1458 	1463 	1683
f 1463 	1688 	1683
f 1463 	1467 	1688
f 1467 	1692 	1688
f 1467 	1471 	1692
f 1471 	1696 	1692
f 1471 	1475 	1696
f 1475 	1700 	1696
f 1475 	1479 	1700
f 1479 	1704 	1700
f 1479 	1483 	1704
f 1483 	1708 	1704
f 1483 	1487 	1708
f 1487 	1712 	1708
f 1487 	1491 	1712
f 1491 	1716 	1712
f 1491 	1495 	1716
f 1495 	1720 	1716
f 1495 	1499 	1720
f 1499 	1724 	1720
f 1499 	1506 	1724
f 1506 	1731 	1724
f 1506 	1508 	1731
f 1508 	1733 	1731
f 1508 	1511 	1733
f 1511 	1736 	1733
f 1511 	1514 	1736
f 1514 	1739 	1736
f 1514 	1519 	1739
f 1519 	1744 	1739
f 1519 	1522 	1744
f 1522 	1747 	1744
f 1522 	1525 	1747
f 1525 	1750 	1747
f 1525 	1528 	1750
f 1528 	1753 	1750
f 1528 	1531 	1753
f 1531 	1756 	1753
f 1531 	1534 	1756
f 1534 	1759 	1756
f 1534 	1537 	1759
f 1537 	1762 	1759
f 1537 	1535 	1762
f 1535 	1760 	1762
f 1535 	1532 	1760
f 1532 	1757 	1760
f 1532 	1529 	1757
f 1529 	1754 	1757
f 1529 	1526 	1754
f 1526 	1751 	1754
f 1526 	1523 	1751
f 1523 	1748 	1751
f 1523 	1520 	1748
f 1520 	1745 	1748
f 1520 	1517 	1745
f 1517 	1742 	1745
f 1517 	1515 	1742
f 1515 	1740 	1742
f 1515 	1512 	1740
f 1512 	1737 	1740
f 1512 	1509 	1737
f 1509 	1734 	1737
f 1509 	1503 	1734
f 1503 	1728 	1734
f 1503 	1500 	1728
f 1500 	1725 	1728
f 1500 	1496 	1725
f 1496 	1721 	1725
f 1496 	1492 	1721
f 1492 	1717 	1721
f 1492 	1488 	1717
f 1488 	1713 	1717
f 1488 	1484 	1713
f 1484 	1709 	1713
f 1484 	1480 	1709
f 1480 	1705 	1709
f 1480 	1476 	1705
f 1476 	1701 	1705
f 1476 	1472 	1701
f 1472 	1697 	1701
f 1472 	1468 	1697
f 1468 	1693 	1697
f 1468 	1464 	1693
f 1464 	1689 	1693
f 1464 	1459 	1689
f 1459 	1684 	1689
f 1459 	1453 	1684
f 1453 	1678 	1684
f 1453 	1449 	1678
f 1449 	1674 	1678
f 1449 	1444 	1674
f 1444 	1667 	1674
f 1444 	1443 	1667
f 1443 	1668 	1667
f 1443 	1442 	1668
f 1442 	1669 	1668
f 1442 	1446 	1669
f 1446 	1670 	1669
f 1446 	1445 	1670
f 1445 	1671 	1670
f 1445 	1450 	1671
f 1450 	1675 	1671
f 1450 	1454 	1675
f 1454 	1679 	1675
f 1454 	1460 	1679
f 1460 	1685 	1679
f 1460 	1465 	1685
f 1465 	1690 	1685
f 1465 	1469 	1690
f 1469 	1694 	1690
f 1469 	1473 	1694
f 1473 	1698 	1694
f 1473 	1477 	1698
f 1477 	1702 	1698
f 1477 	1481 	1702
f 1481 	1706 	1702
f 1481 	1485 	1706
f 1485 	1710 	1706
f 1485 	1489 	1710
f 1489 	1714 	1710
f 1489 	1493 	1714
f 1493 	1718 	1714
f 1493 	1497 	1718
f 1497 	1722 	1718
f 1497 	1501 	1722
f 1501 	1726 	1722
f 1501 	1504 	1726
f 1504 	1729 	1726
f 1504 	1538 	1729
f 1538 	1763 	1729
f 1538 	1540 	1763
f 1540 	1765 	1763
f 1540 	1542 	1765
f 1542 	1767 	1765
f 1542 	1544 	1767
f 1544 	1769 	1767
f 1544 	1546 	1769
f 1546 	1771 	1769
f 1546 	1548 	1771
f 1548 	1773 	1771
f 1548 	1550 	1773
f 1550 	1775 	1773
f 1550 	1552 	1775
f 1552 	1777 	1775
f 1552 	1554 	1777
f 1554 	1779 	1777
f 1554 	1555 	1779
f 1555 	1780 	1779
f 1555 	1556 	1780
f 1556 	1781 	1780
f 1556 	1558 	1781
f 1558 	1783 	1781
f 1558 	1560 	1783
f 1560 	1785 	1783
f 1560 	1562 	1785
f 1562 	1787 	1785
f 1562 	1564 	1787
f 1564 	1789 	1787
f 1564 	1566 	1789
f 1566 	1791 	1789
f 1566 	1568 	1791
f 1568 	1793 	1791
f 1568 	1570 	1793
f 1570 	1795 	1793
f 1570 	1572 	1795
f 1572 	1797 	1795
f 1572 	1574 	1797
f 1574 	1799 	1797
f 1574 	1577 	1799
f 1577 	1802 	1799
f 1577 	1578 	1802
f 1578 	1803 	1802
f 1578 	1580 	1803
f 1580 	1805 	1803
f 1580 	1582 	1805
f 1582 	1807 	1805
f 1582 	1584 	1807
f 1584 	1809 	1807
f 1584 	1586 	1809
f 1586 	1811 	1809
f 1586 	1588 	1811
f 1588 	1813 	1811
f 1588 	1590 	1813
f 1590 	1815 	1813
f 1590 	1591 	1815
f 1591 	1816 	1815
f 1591 	1589 	1816
f 1589 	1814 	1816
f 1589 	1587 	1814
f 1587 	1812 	1814
f 1587 	1585 	1812
f 1585 	1810 	1812
f 1585 	1583 	1810
f 1583 	1808 	1810
f 1583 	1581 	1808
f 1581 	1806 	1808
f 1581 	1579 	1806
f 1579 	1804 	1806
f 1579 	1576 	1804
f 1576 	1801 	1804
f 1576 	1575 	1801
f 1575 	1800 	1801
f 1575 	1573 	1800
f 1573 	1798 	1800
f 1573 	1571 	1798
f 1571 	1796 	1798
f 1571 	1569 	1796
f 1569 	1794 	1796
f 1569 	1567 	1794
f 1567 	1792 	1794
f 1567 	1565 	1792
f 1565 	1790 	1792
f 1565 	1563 	1790
f 1563 	1788 	1790
f 1563 	1561 	1788
f 1561 	1786 	1788
f 1561 	1559 	1786
f 1559 	1784 	1786
f 1559 	1557 	1784
f 1557 	1782 	1784
f 1557 	1543 	1782
f 1543 	1768 	1782
f 1543 	1541 	1768
f 1541 	1766 	1768
f 1541 	1539 	1766
f 1539 	1764 	1766
f 1539 	1536 	1764
f 1536 	1761 	1764
f 1536 	1533 	1761
f 1533 	1758 	1761
f 1533 	1530 	1758
f 1530 	1755 	1758
f 1530 	1527 	1755
f 1527 	1752 	1755
f 1527 	1524 	1752
f 1524 	1749 	1752
f 1524 	1518 	1749
f 1518 	1743 	1749
f 1518 	1516 	1743
f 1516 	1741 	1743
f 1516 	1513 	1741
f 1513 	1738 	1741
f 1513 	1510 	1738
f 1510 	1735 	1738
f 1510 	1507 	1735
f 1507 	1732 	1735
f 1507 	1369 	1732
f 1369 	1592 	1732
f 1369 	1368 	1592
f 1368 	1593 	1592
f 1817 	1818 	1819
f 1820 	1821 	1822
f 1823 	1824 	1820
f 1825 	1826 	1827
f 1828 	1829 	1830
f 1831 	1832 	1833
f 1834 	1835 	1836
f 1837 	1838 	1839
f 1840 	1841 	1837
f 1842 	1843 	1844
f 1845 	1846 	1842
f 1847 	1848 	1845
f 1849 	1850 	1847
f 1851 	1852 	1849
f 1853 	1854 	1851
f 1855 	1856 	1853
f 1857 	1858 	1855
f 1859 	1860 	1857
f 1861 	1862 	1859
f 1863 	1864 	1865
f 1819 	1866 	1863
f 1867 	1817 	1819
f 1820 	1822 	1868
f 1869 	1823 	1820
f 1825 	1827 	1870
f 1871 	1834 	1836
f 1837 	1839 	1872
f 1873 	1840 	1837
f 1845 	1842 	1844
f 1849 	1847 	1845
f 1853 	1851 	1849
f 1857 	1855 	1853
f 1861 	1859 	1857
f 1867 	1819 	1863
f 1820 	1868 	1874
f 1875 	1869 	1820
f 1876 	1825 	1870
f 1877 	1871 	1836
f 1837 	1872 	1878
f 1879 	1873 	1837
f 1849 	1845 	1844
f 1857 	1853 	1849
f 1865 	1861 	1857
f 1867 	1863 	1865
f 1820 	1874 	1880
f 1881 	1875 	1820
f 1876 	1870 	1882
f 1883 	1877 	1836
f 1837 	1878 	1884
f 1885 	1879 	1837
f 1857 	1849 	1844
f 1867 	1865 	1857
f 1820 	1880 	1886
f 1887 	1881 	1820
f 1888 	1876 	1882
f 1889 	1883 	1836
f 1837 	1884 	1890
f 1891 	1885 	1837
f 1892 	1867 	1857
f 1820 	1886 	1893
f 1894 	1887 	1820
f 1888 	1882 	1895
f 1896 	1889 	1836
f 1837 	1890 	1897
f 1898 	1891 	1837
f 1899 	1892 	1857
f 1820 	1893 	1900
f 1901 	1894 	1820
f 1830 	1888 	1895
f 1902 	1896 	1836
f 1837 	1897 	1903
f 1904 	1898 	1837
f 1905 	1899 	1857
f 1820 	1900 	1906
f 1907 	1901 	1820
f 1828 	1830 	1895
f 1908 	1902 	1836
f 1837 	1903 	1909
f 1910 	1904 	1837
f 1911 	1905 	1857
f 1820 	1906 	1912
f 1913 	1907 	1820
f 1914 	1828 	1895
f 1915 	1908 	1836
f 1837 	1909 	1916
f 1917 	1910 	1837
f 1911 	1857 	1844
f 1820 	1912 	1918
f 1919 	1913 	1820
f 1920 	1914 	1895
f 1921 	1915 	1836
f 1837 	1916 	1922
f 1923 	1917 	1837
f 1924 	1911 	1844
f 1919 	1820 	1918
f 1920 	1895 	1925
f 1926 	1921 	1836
f 1837 	1922 	1927
f 1928 	1923 	1837
f 1929 	1924 	1844
f 1919 	1918 	1930
f 1931 	1920 	1925
f 1932 	1926 	1836
f 1837 	1927 	1933
f 1934 	1928 	1837
f 1935 	1929 	1844
f 1919 	1930 	1936
f 1833 	1931 	1925
f 1937 	1932 	1836
f 1837 	1933 	1938
f 1939 	1934 	1837
f 1940 	1935 	1844
f 1941 	1919 	1936
f 1831 	1833 	1925
f 1942 	1937 	1836
f 1837 	1938 	1943
f 1944 	1939 	1837
f 1945 	1940 	1844
f 1946 	1941 	1936
f 1836 	1831 	1925
f 1947 	1942 	1836
f 1837 	1943 	1948
f 1949 	1944 	1837
f 1950 	1945 	1844
f 1951 	1946 	1936
f 1836 	1925 	1952
f 1953 	1947 	1836
f 1837 	1948 	1954
f 1955 	1949 	1837
f 1956 	1950 	1844
f 1951 	1936 	1957
f 1958 	1953 	1836
f 1955 	1837 	1954
f 1957 	1956 	1844
f 1959 	1951 	1957
f 1960 	1958 	1836
f 1955 	1954 	1961
f 1957 	1844 	1962
f 1963 	1959 	1957
f 1964 	1960 	1836
f 1955 	1961 	1965
f 1966 	1963 	1957
f 1967 	1964 	1836
f 1955 	1965 	1968
f 1969 	1966 	1957
f 1970 	1967 	1836
f 1955 	1968 	1971
f 1972 	1969 	1957
f 1973 	1970 	1836
f 1955 	1971 	1974
f 1975 	1972 	1957
f 1973 	1836 	1952
f 1955 	1974 	1976
f 1977 	1975 	1957
f 1978 	1973 	1952
f 1955 	1976 	1979
f 1977 	1957 	1962
f 1980 	1978 	1952
f 1955 	1979 	1981
f 1982 	1977 	1962
f 1983 	1980 	1952
f 1955 	1981 	1984
f 1985 	1982 	1962
f 1986 	1983 	1952
f 1987 	1955 	1984
f 1988 	1985 	1962
f 1984 	1986 	1952
f 1989 	1987 	1984
f 1990 	1988 	1962
f 1991 	1989 	1984
f 1992 	1990 	1962
f 1993 	1991 	1984
f 1952 	1992 	1962
f 1994 	1993 	1984
f 1952 	1962 	1995
f 1996 	1994 	1984
f 1952 	1995 	1997
f 1998 	1996 	1984
f 1984 	1952 	1997
f 1999 	1998 	1984
f 1984 	1997 	1999
f 2000 	2001 	2002
f 2003 	2004 	2005
f 2005 	2006 	2007
f 2008 	2009 	2010
f 2011 	2012 	2013
f 2014 	2015 	2016
f 2017 	2018 	2019
f 2020 	2021 	2022
f 2022 	2023 	2024
f 2025 	2026 	2027
f 2027 	2028 	2029
f 2029 	2030 	2031
f 2031 	2032 	2033
f 2033 	2034 	2035
f 2035 	2036 	2037
f 2037 	2038 	2039
f 2039 	2040 	2041
f 2041 	2042 	2043
f 2043 	2044 	2045
f 2046 	2047 	2048
f 2048 	2049 	2000
f 2000 	2002 	2050
f 2051 	2003 	2005
f 2005 	2007 	2052
f 2053 	2008 	2010
f 2017 	2019 	2054
f 2055 	2020 	2022
f 2022 	2024 	2056
f 2025 	2027 	2029
f 2029 	2031 	2033
f 2033 	2035 	2037
f 2037 	2039 	2041
f 2041 	2043 	2045
f 2048 	2000 	2050
f 2057 	2051 	2005
f 2005 	2052 	2058
f 2053 	2010 	2059
f 2017 	2054 	2060
f 2061 	2055 	2022
f 2022 	2056 	2062
f 2025 	2029 	2033
f 2033 	2037 	2041
f 2041 	2045 	2046
f 2046 	2048 	2050
f 2063 	2057 	2005
f 2005 	2058 	2064
f 2065 	2053 	2059
f 2017 	2060 	2066
f 2067 	2061 	2022
f 2022 	2062 	2068
f 2025 	2033 	2041
f 2041 	2046 	2050
f 2069 	2063 	2005
f 2005 	2064 	2070
f 2065 	2059 	2071
f 2017 	2066 	2072
f 2073 	2067 	2022
f 2022 	2068 	2074
f 2041 	2050 	2075
f 2076 	2069 	2005
f 2005 	2070 	2077
f 2078 	2065 	2071
f 2017 	2072 	2079
f 2080 	2073 	2022
f 2022 	2074 	2081
f 2041 	2075 	2082
f 2083 	2076 	2005
f 2005 	2077 	2084
f 2078 	2071 	2011
f 2017 	2079 	2085
f 2086 	2080 	2022
f 2022 	2081 	2087
f 2041 	2082 	2088
f 2089 	2083 	2005
f 2005 	2084 	2090
f 2078 	2011 	2013
f 2017 	2085 	2091
f 2092 	2086 	2022
f 2022 	2087 	2093
f 2041 	2088 	2094
f 2095 	2089 	2005
f 2005 	2090 	2096
f 2078 	2013 	2097
f 2017 	2091 	2098
f 2099 	2092 	2022
f 2022 	2093 	2100
f 2025 	2041 	2094
f 2101 	2095 	2005
f 2005 	2096 	2102
f 2078 	2097 	2103
f 2017 	2098 	2104
f 2105 	2099 	2022
f 2022 	2100 	2106
f 2025 	2094 	2107
f 2101 	2005 	2102
f 2108 	2078 	2103
f 2017 	2104 	2109
f 2110 	2105 	2022
f 2022 	2106 	2111
f 2025 	2107 	2112
f 2113 	2101 	2102
f 2108 	2103 	2114
f 2017 	2109 	2115
f 2116 	2110 	2022
f 2022 	2111 	2117
f 2025 	2112 	2118
f 2119 	2113 	2102
f 2108 	2114 	2014
f 2017 	2115 	2120
f 2121 	2116 	2022
f 2022 	2117 	2122
f 2025 	2118 	2123
f 2119 	2102 	2124
f 2108 	2014 	2016
f 2017 	2120 	2125
f 2126 	2121 	2022
f 2022 	2122 	2127
f 2025 	2123 	2128
f 2119 	2124 	2129
f 2108 	2016 	2017
f 2017 	2125 	2130
f 2131 	2126 	2022
f 2022 	2127 	2132
f 2025 	2128 	2133
f 2119 	2129 	2134
f 2135 	2108 	2017
f 2017 	2130 	2136
f 2137 	2131 	2022
f 2022 	2132 	2138
f 2025 	2133 	2139
f 2140 	2119 	2134
f 2017 	2136 	2141
f 2137 	2022 	2138
f 2025 	2139 	2140
f 2140 	2134 	2142
f 2017 	2141 	2143
f 2144 	2137 	2138
f 2145 	2025 	2140
f 2140 	2142 	2146
f 2017 	2143 	2147
f 2148 	2144 	2138
f 2140 	2146 	2149
f 2017 	2147 	2150
f 2151 	2148 	2138
f 2140 	2149 	2152
f 2017 	2150 	2153
f 2154 	2151 	2138
f 2140 	2152 	2155
f 2017 	2153 	2156
f 2157 	2154 	2138
f 2140 	2155 	2158
f 2135 	2017 	2156
f 2159 	2157 	2138
f 2140 	2158 	2160
f 2135 	2156 	2161
f 2162 	2159 	2138
f 2145 	2140 	2160
f 2135 	2161 	2163
f 2164 	2162 	2138
f 2145 	2160 	2165
f 2135 	2163 	2166
f 2167 	2164 	2138
f 2145 	2165 	2168
f 2135 	2166 	2169
f 2167 	2138 	2170
f 2145 	2168 	2171
f 2135 	2169 	2167
f 2167 	2170 	2172
f 2145 	2171 	2173
f 2167 	2172 	2174
f 2145 	2173 	2175
f 2167 	2174 	2176
f 2145 	2175 	2135
f 2167 	2176 	2177
f 2178 	2145 	2135
f 2167 	2177 	2179
f 2180 	2178 	2135
f 2167 	2179 	2181
f 2180 	2135 	2167
f 2167 	2181 	2182
f 2182 	2180 	2167
f 1817 	1867 	2002
f 1867 	2050 	2002
f 1867 	1892 	2050
f 1892 	2075 	2050
f 1892 	1899 	2075
f 1899 	2082 	2075
f 1899 	1905 	2082
f 1905 	2088 	2082
f 1905 	1911 	2088
f 1911 	2094 	2088
f 1911 	1924 	2094
f 1924 	2107 	2094
f 1924 	1929 	2107
f 1929 	2112 	2107
f 1929 	1935 	2112
f 1935 	2118 	2112
f 1935 	1940 	2118
f 1940 	2123 	2118
f 1940 	1945 	2123
f 1945 	2128 	2123
f 1945 	1950 	2128
f 1950 	2133 	2128
f 1950 	1956 	2133
f 1956 	2139 	2133
f 1956 	1957 	2139
f 1957 	2140 	2139
f 1957 	1936 	2140
f 1936 	2119 	2140
f 1936 	1930 	2119
f 1930 	2113 	2119
f 1930 	1918 	2113
f 1918 	2101 	2113
f 1918 	1912 	2101
f 1912 	2095 	2101
f 1912 	1906 	2095
f 1906 	2089 	2095
f 1906 	1900 	2089
f 1900 	2083 	2089
f 1900 	1893 	2083
f 1893 	2076 	2083
f 1893 	1886 	2076
f 1886 	2069 	2076
f 1886 	1880 	2069
f 1880 	2063 	2069
f 1880 	1874 	2063
f 1874 	2057 	2063
f 1874 	1868 	2057
f 1868 	2051 	2057
f 1868 	1822 	2051
f 1822 	2003 	2051
f 1822 	1821 	2003
f 1821 	2004 	2003
f 1821 	1820 	2004
f 1820 	2005 	2004
f 1820 	1824 	2005
f 1824 	2006 	2005
f 1824 	1823 	2006
f 1823 	2007 	2006
f 1823 	1869 	2007
f 1869 	2052 	2007
f 1869 	1875 	2052
f 1875 	2058 	2052
f 1875 	1881 	2058
f 1881 	2064 	2058
f 1881 	1887 	2064
f 1887 	2070 	2064
f 1887 	1894 	2070
f 1894 	2077 	2070
f 1894 	1901 	2077
f 1901 	2084 	2077
f 1901 	1907 	2084
f 1907 	2090 	2084
f 1907 	1913 	2090
f 1913 	2096 	2090
f 1913 	1919 	2096
f 1919 	2102 	2096
f 1919 	1941 	2102
f 1941 	2124 	2102
f 1941 	1946 	2124
f 1946 	2129 	2124
f 1946 	1951 	2129
f 1951 	2134 	2129
f 1951 	1959 	2134
f 1959 	2142 	2134
f 1959 	1963 	2142
f 1963 	2146 	2142
f 1963 	1966 	2146
f 1966 	2149 	2146
f 1966 	1969 	2149
f 1969 	2152 	2149
f 1969 	1972 	2152
f 1972 	2155 	2152
f 1972 	1975 	2155
f 1975 	2158 	2155
f 1975 	1977 	2158
f 1977 	2160 	2158
f 1977 	1982 	2160
f 1982 	2165 	2160
f 1982 	1985 	2165
f 1985 	2168 	2165
f 1985 	1988 	2168
f 1988 	2171 	2168
f 1988 	1990 	2171
f 1990 	2173 	2171
f 1990 	1992 	2173
f 1992 	2175 	2173
f 1992 	1952 	2175
f 1952 	2135 	2175
f 1952 	1925 	2135
f 1925 	2108 	2135
f 1925 	1895 	2108
f 1895 	2078 	2108
f 1895 	1882 	2078
f 1882 	2065 	2078
f 1882 	1870 	2065
f 1870 	2053 	2065
f 1870 	1827 	2053
f 1827 	2008 	2053
f 1827 	1826 	2008
f 1826 	2009 	2008
f 1826 	1825 	2009
f 1825 	2010 	2009
f 1825 	1876 	2010
f 1876 	2059 	2010
f 1876 	1888 	2059
f 1888 	2071 	2059
f 1888 	1830 	2071
f 1830 	2011 	2071
f 1830 	1829 	2011
f 1829 	2012 	2011
f 1829 	1828 	2012
f 1828 	2013 	2012
f 1828 	1914 	2013
f 1914 	2097 	2013
f 1914 	1920 	2097
f 1920 	2103 	2097
f 1920 	1931 	2103
f 1931 	2114 	2103
f 1931 	1833 	2114
f 1833 	2014 	2114
f 1833 	1832 	2014
f 1832 	2015 	2014
f 1832 	1831 	2015
f 1831 	2016 	2015
f 1831 	1836 	2016
f 1836 	2017 	2016
f 1836 	1835 	2017
f 1835 	2018 	2017
f 1835 	1834 	2018
f 1834 	2019 	2018
f 1834 	1871 	2019
f 1871 	2054 	2019
f 1871 	1877 	2054
f 1877 	2060 	2054
f 1877 	1883 	2060
f 1883 	2066 	2060
f 1883 	1889 	2066
f 1889 	2072 	2066
f 1889 	1896 	2072
f 1896 	2079 	2072
f 1896 	1902 	2079
f 1902 	2085 	2079
f 1902 	1908 	2085
f 1908 	2091 	2085
f 1908 	1915 	2091
f 1915 	2098 	2091
f 1915 	1921 	2098
f 1921 	2104 	2098
f 1921 	1926 	2104
f 1926 	2109 	2104
f 1926 	1932 	2109
f 1932 	2115 	2109
f 1932 	1937 	2115
f 1937 	2120 	2115
f 1937 	1942 	2120
f 1942 	2125 	2120
f 1942 	1947 	2125
f 1947 	2130 	2125
f 1947 	1953 	2130
f 1953 	2136 	2130
f 1953 	1958 	2136
f 1958 	2141 	2136
f 1958 	1960 	2141
f 1960 	2143 	2141
f 1960 	1964 	2143
f 1964 	2147 	2143
f 1964 	1967 	2147
f 1967 	2150 	2147
f 1967 	1970 	2150
f 1970 	2153 	2150
f 1970 	1973 	2153
f 1973 	2156 	2153
f 1973 	1978 	2156
f 1978 	2161 	2156
f 1978 	1980 	2161
f 1980 	2163 	2161
f 1980 	1983 	2163
f 1983 	2166 	2163
f 1983 	1986 	2166
f 1986 	2169 	2166
f 1986 	1984 	2169
f 1984 	2167 	2169
f 1984 	1981 	2167
f 1981 	2164 	2167
f 1981 	1979 	2164
f 1979 	2162 	2164
f 1979 	1976 	2162
f 1976 	2159 	2162
f 1976 	1974 	2159
f 1974 	2157 	2159
f 1974 	1971 	2157
f 1971 	2154 	2157
f 1971 	1968 	2154
f 1968 	2151 	2154
f 1968 	1965 	2151
f 1965 	2148 	2151
f 1965 	1961 	2148
f 1961 	2144 	2148
f 1961 	1954 	2144
f 1954 	2137 	2144
f 1954 	1948 	2137
f 1948 	2131 	2137
f 1948 	1943 	2131
f 1943 	2126 	2131
f 1943 	1938 	2126
f 1938 	2121 	2126
f 1938 	1933 	2121
f 1933 	2116 	2121
f 1933 	1927 	2116
f 1927 	2110 	2116
f 1927 	1922 	2110
f 1922 	2105 	2110
f 1922 	1916 	2105
f 1916 	2099 	2105
f 1916 	1909 	2099
f 1909 	2092 	2099
f 1909 	1903 	2092
f 1903 	2086 	2092
f 1903 	1897 	2086
f 1897 	2080 	2086
f 1897 	1890 	2080
f 1890 	2073 	2080
f 1890 	1884 	2073
f 1884 	2067 	2073
f 1884 	1878 	2067
f 1878 	2061 	2067
f 1878 	1872 	2061
f 1872 	2055 	2061
f 1872 	1839 	2055
f 1839 	2020 	2055
f 1839 	1838 	2020
f 1838 	2021 	2020
f 1838 	1837 	2021
f 1837 	2022 	2021
f 1837 	1841 	2022
f 1841 	2023 	2022
f 1841 	1840 	2023
f 1840 	2024 	2023
f 1840 	1873 	2024
f 1873 	2056 	2024
f 1873 	1879 	2056
f 1879 	2062 	2056
f 1879 	1885 	2062
f 1885 	2068 	2062
f 1885 	1891 	2068
f 1891 	2074 	2068
f 1891 	1898 	2074
f 1898 	2081 	2074
f 1898 	1904 	2081
f 1904 	2087 	2081
f 1904 	1910 	2087
f 1910 	2093 	2087
f 1910 	1917 	2093
f 1917 	2100 	2093
f 1917 	1923 	2100
f 1923 	2106 	2100
f 1923 	1928 	2106
f 1928 	2111 	2106
f 1928 	1934 	2111
f 1934 	2117 	2111
f 1934 	1939 	2117
f 1939 	2122 	2117
f 1939 	1944 	2122
f 1944 	2127 	2122
f 1944 	1949 	2127
f 1949 	2132 	2127
f 1949 	1955 	2132
f 1955 	2138 	2132
f 1955 	1987 	2138
f 1987 	2170 	2138
f 1987 	1989 	2170
f 1989 	2172 	2170
f 1989 	1991 	2172
f 1991 	2174 	2172
f 1991 	1993 	2174
f 1993 	2176 	2174
f 1993 	1994 	2176
f 1994 	2177 	2176
f 1994 	1996 	2177
f 1996 	2179 	2177
f 1996 	1998 	2179
f 1998 	2181 	2179
f 1998 	1999 	2181
f 1999 	2182 	2181
f 1999 	1997 	2182
f 1997 	2180 	2182
f 1997 	1995 	2180
f 1995 	2178 	2180
f 1995 	1962 	2178
f 1962 	2145 	2178
f 1962 	1844 	2145
f 1844 	2025 	2145
f 1844 	1843 	2025
f 1843 	2026 	2025
f 1843 	1842 	2026
f 1842 	2027 	2026
f 1842 	1846 	2027
f 1846 	2028 	2027
f 1846 	1845 	2028
f 1845 	2029 	2028
f 1845 	1848 	2029
f 1848 	2030 	2029
f 1848 	1847 	2030
f 1847 	2031 	2030
f 1847 	1850 	2031
f 1850 	2032 	2031
f 1850 	1849 	2032
f 1849 	2033 	2032
f 1849 	1852 	2033
f 1852 	2034 	2033
f 1852 	1851 	2034
f 1851 	2035 	2034
f 1851 	1854 	2035
f 1854 	2036 	2035
f 1854 	1853 	2036
f 1853 	2037 	2036
f 1853 	1856 	2037
f 1856 	2038 	2037
f 1856 	1855 	2038
f 1855 	2039 	2038
f 1855 	1858 	2039
f 1858 	2040 	2039
f 1858 	1857 	2040
f 1857 	2041 	2040
f 1857 	1860 	2041
f 1860 	2042 	2041
f 1860 	1859 	2042
f 1859 	2043 	2042
f 1859 	1862 	2043
f 1862 	2044 	2043
f 1862 	1861 	2044
f 1861 	2045 	2044
f 1861 	1865 	2045
f 1865 	2046 	2045
f 1865 	1864 	2046
f 1864 	2047 	2046
f 1864 	1863 	2047
f 1863 	2048 	2047
f 1863 	1866 	2048
f 1866 	2049 	2048
f 1866 	1819 	2049
f 1819 	2000 	2049
f 1819 	1818 	2000
f 1818 	2001 	2000
f 1818 	1817 	2001
f 1817 	2002 	2001
f 2183 	2184 	2185
f 2186 	2187 	2183
f 2188 	2189 	2186
f 2190 	2191 	2188
f 2192 	2193 	2190
f 2194 	2195 	2192
f 2196 	2197 	2194
f 2197 	2196 	2198
f 2199 	2200 	2197
f 2201 	2202 	2199
f 2203 	2204 	2201
f 2205 	2206 	2203
f 2207 	2208 	2205
f 2209 	2210 	2207
f 2211 	2212 	2209
f 2213 	2214 	2211
f 2215 	2216 	2213
f 2217 	2218 	2215
f 2219 	2220 	2217
f 2221 	2222 	2219
f 2223 	2224 	2221
f 2225 	2226 	2223
f 2227 	2228 	2225
f 2229 	2230 	2227
f 2231 	2232 	2229
f 2233 	2234 	2231
f 2235 	2236 	2233
f 2237 	2238 	2235
f 2239 	2240 	2237
f 2241 	2242 	2239
f 2243 	2244 	2241
f 2245 	2246 	2243
f 2247 	2248 	2249
f 2250 	2251 	2247
f 2252 	2253 	2254
f 2255 	2256 	2252
f 2257 	2258 	2255
f 2259 	2260 	2257
f 2261 	2262 	2259
f 2263 	2264 	2261
f 2265 	2266 	2263
f 2267 	2268 	2265
f 2269 	2270 	2267
f 2271 	2272 	2269
f 2273 	2274 	2271
f 2275 	2276 	2273
f 2277 	2278 	2275
f 2279 	2280 	2277
f 2281 	2282 	2279
f 2283 	2284 	2281
f 2285 	2286 	2283
f 2287 	2288 	2285
f 2289 	2290 	2287
f 2291 	2292 	2289
f 2293 	2294 	2291
f 2295 	2296 	2293
f 2297 	2298 	2295
f 2299 	2300 	2297
f 2301 	2302 	2299
f 2303 	2304 	2301
f 2305 	2306 	2303
f 2307 	2308 	2305
f 2309 	2310 	2307
f 2311 	2312 	2309
f 2313 	2314 	2311
f 2186 	2183 	2185
f 2190 	2188 	2186
f 2194 	2192 	2190
f 2315 	2196 	2194
f 2197 	2198 	2316
f 2201 	2199 	2197
f 2205 	2203 	2201
f 2209 	2207 	2205
f 2213 	2211 	2209
f 2217 	2215 	2213
f 2221 	2219 	2217
f 2225 	2223 	2221
f 2229 	2227 	2225
f 2233 	2231 	2229
f 2237 	2235 	2233
f 2241 	2239 	2237
f 2245 	2243 	2241
f 2317 	2250 	2247
f 2255 	2252 	2254
f 2259 	2257 	2255
f 2263 	2261 	2259
f 2267 	2265 	2263
f 2271 	2269 	2267
f 2275 	2273 	2271
f 2279 	2277 	2275
f 2283 	2281 	2279
f 2287 	2285 	2283
f 2291 	2289 	2287
f 2295 	2293 	2291
f 2299 	2297 	2295
f 2303 	2301 	2299
f 2307 	2305 	2303
f 2311 	2309 	2307
f 2318 	2313 	2311
f 2190 	2186 	2185
f 2315 	2194 	2190
f 2197 	2316 	2319
f 2205 	2201 	2197
f 2213 	2209 	2205
f 2221 	2217 	2213
f 2229 	2225 	2221
f 2237 	2233 	2229
f 2245 	2241 	2237
f 2320 	2317 	2247
f 2259 	2255 	2254
f 2267 	2263 	2259
f 2275 	2271 	2267
f 2283 	2279 	2275
f 2291 	2287 	2283
f 2299 	2295 	2291
f 2307 	2303 	2299
f 2318 	2311 	2307
f 2321 	2315 	2190
f 2197 	2319 	2322
f 2213 	2205 	2197
f 2229 	2221 	2213
f 2245 	2237 	2229
f 2320 	2247 	2249
f 2259 	2254 	2323
f 2275 	2267 	2259
f 2291 	2283 	2275
f 2307 	2299 	2291
f 2324 	2318 	2307
f 2325 	2321 	2190
f 2197 	2322 	2326
f 2229 	2213 	2197
f 2327 	2320 	2249
f 2259 	2323 	2328
f 2291 	2275 	2259
f 2324 	2307 	2291
f 2329 	2325 	2190
f 2197 	2326 	2330
f 2331 	2327 	2249
f 2332 	2324 	2291
f 2333 	2329 	2190
f 2197 	2330 	2334
f 2335 	2331 	2249
f 2336 	2332 	2291
f 2337 	2333 	2190
f 2197 	2334 	2338
f 2339 	2335 	2249
f 2340 	2336 	2291
f 2341 	2337 	2190
f 2197 	2338 	2342
f 2343 	2339 	2249
f 2344 	2340 	2291
f 2345 	2341 	2190
f 2229 	2197 	2342
f 2346 	2343 	2249
f 2347 	2344 	2291
f 2348 	2345 	2190
f 2229 	2342 	2349
f 2350 	2346 	2249
f 2351 	2347 	2291
f 2352 	2348 	2190
f 2229 	2349 	2353
f 2354 	2350 	2249
f 2355 	2351 	2291
f 2356 	2352 	2190
f 2229 	2353 	2357
f 2358 	2354 	2249
f 2359 	2355 	2291
f 2360 	2356 	2190
f 2229 	2357 	2361
f 2362 	2358 	2249
f 2363 	2359 	2291
f 2364 	2360 	2190
f 2229 	2361 	2365
f 2366 	2362 	2249
f 2367 	2363 	2291
f 2368 	2364 	2190
f 2229 	2365 	2369
f 2366 	2249 	2245
f 2370 	2367 	2291
f 2371 	2368 	2190
f 2229 	2369 	2372
f 2373 	2366 	2245
f 2374 	2370 	2291
f 2371 	2190 	2185
f 2229 	2372 	2375
f 2376 	2373 	2245
f 2377 	2374 	2291
f 2378 	2371 	2185
f 2229 	2375 	2379
f 2380 	2376 	2245
f 2381 	2377 	2291
f 2382 	2378 	2185
f 2229 	2379 	2383
f 2384 	2380 	2245
f 2385 	2381 	2291
f 2386 	2382 	2185
f 2229 	2383 	2387
f 2388 	2384 	2245
f 2389 	2385 	2291
f 2390 	2386 	2185
f 2229 	2387 	2391
f 2392 	2388 	2245
f 2393 	2389 	2291
f 2394 	2390 	2185
f 2229 	2391 	2395
f 2396 	2392 	2245
f 2397 	2393 	2291
f 2398 	2394 	2185
f 2229 	2395 	2399
f 2400 	2396 	2245
f 2401 	2397 	2291
f 2402 	2398 	2185
f 2229 	2399 	2403
f 2328 	2400 	2245
f 2404 	2401 	2291
f 2405 	2402 	2185
f 2229 	2403 	2406
f 2259 	2328 	2245
f 2407 	2404 	2291
f 2408 	2405 	2185
f 2245 	2229 	2406
f 2409 	2407 	2291
f 2410 	2408 	2185
f 2245 	2406 	2411
f 2409 	2291 	2259
f 2245 	2411 	2412
f 2413 	2409 	2259
f 2245 	2412 	2414
f 2415 	2413 	2259
f 2245 	2414 	2416
f 2417 	2415 	2259
f 2245 	2416 	2418
f 2419 	2417 	2259
f 2245 	2418 	2420
f 2421 	2419 	2259
f 2245 	2420 	2422
f 2423 	2421 	2259
f 2245 	2422 	2424
f 2425 	2423 	2259
f 2245 	2424 	2426
f 2427 	2425 	2259
f 2245 	2426 	2428
f 2429 	2427 	2259
f 2245 	2428 	2430
f 2431 	2429 	2259
f 2259 	2245 	2430
f 2432 	2431 	2259
f 2259 	2430 	2410
f 2433 	2432 	2259
f 2259 	2410 	2185
f 2434 	2433 	2259
f 2259 	2185 	2435
f 2436 	2434 	2259
f 2259 	2435 	2437
f 2438 	2436 	2259
f 2259 	2437 	2439
f 2440 	2438 	2259
f 2259 	2439 	2441
f 2442 	2440 	2259
f 2259 	2441 	2443
f 2444 	2442 	2259
f 2259 	2443 	2444
f 2445 	2446 	2447
f 2447 	2448 	2449
f 2449 	2450 	2451
f 2451 	2452 	2453
f 2453 	2454 	2455
f 2455 	2456 	2457
f 2457 	2458 	2459
f 2460 	2459 	2458
f 2458 	2461 	2462
f 2462 	2463 	2464
f 2464 	2465 	2466
f 2466 	2467 	2468
f 2468 	2469 	2470
f 2470 	2471 	2472
f 2472 	2473 	2474
f 2474 	2475 	2476
f 2476 	2477 	2478
f 2478 	2479 	2480
f 2480 	2481 	2482
f 2482 	2483 	2484
f 2484 	2485 	2486
f 2486 	2487 	2488
f 2488 	2489 	2490
f 2490 	2491 	2492
f 2492 	2493 	2494
f 2494 	2495 	2496
f 2496 	2497 	2498
f 2498 	2499 	2500
f 2500 	2501 	2502
f 2502 	2503 	2504
f 2504 	2505 	2506
f 2506 	2507 	2508
f 2509 	2510 	2511
f 2511 	2512 	2513
f 2514 	2515 	2516
f 2516 	2517 	2518
f 2518 	2519 	2520
f 2520 	2521 	2522
f 2522 	2523 	2524
f 2524 	2525 	2526
f 2526 	2527 	2528
f 2528 	2529 	2530
f 2530 	2531 	2532
f 2532 	2533 	2534
f 2534 	2535 	2536
f 2536 	2537 	2538
f 2538 	2539 	2540
f 2540 	2541 	2542
f 2542 	2543 	2544
f 2544 	2545 	2546
f 2546 	2547 	2548
f 2548 	2549 	2550
f 2550 	2551 	2552
f 2552 	2553 	2554
f 2554 	2555 	2556
f 2556 	2557 	2558
f 2558 	2559 	2560
f 2560 	2561 	2562
f 2562 	2563 	2564
f 2564 	2565 	2566
f 2566 	2567 	2568
f 2568 	2569 	2570
f 2570 	2571 	2572
f 2572 	2573 	2574
f 2574 	2575 	2576
f 2445 	2447 	2449
f 2449 	2451 	2453
f 2453 	2455 	2457
f 2457 	2459 	2577
f 2578 	2460 	2458
f 2458 	2462 	2464
f 2464 	2466 	2468
f 2468 	2470 	2472
f 2472 	2474 	2476
f 2476 	2478 	2480
f 2480 	2482 	2484
f 2484 	2486 	2488
f 2488 	2490 	2492
f 2492 	2494 	2496
f 2496 	2498 	2500
f 2500 	2502 	2504
f 2504 	2506 	2508
f 2511 	2513 	2579
f 2514 	2516 	2518
f 2518 	2520 	2522
f 2522 	2524 	2526
f 2526 	2528 	2530
f 2530 	2532 	2534
f 2534 	2536 	2538
f 2538 	2540 	2542
f 2542 	2544 	2546
f 2546 	2548 	2550
f 2550 	2552 	2554
f 2554 	2556 	2558
f 2558 	2560 	2562
f 2562 	2564 	2566
f 2566 	2568 	2570
f 2570 	2572 	2574
f 2574 	2576 	2580
f 2445 	2449 	2453
f 2453 	2457 	2577
f 2581 	2578 	2458
f 2458 	2464 	2468
f 2468 	2472 	2476
f 2476 	2480 	2484
f 2484 	2488 	2492
f 2492 	2496 	2500
f 2500 	2504 	2508
f 2511 	2579 	2582
f 2514 	2518 	2522
f 2522 	2526 	2530
f 2530 	2534 	2538
f 2538 	2542 	2546
f 2546 	2550 	2554
f 2554 	2558 	2562
f 2562 	2566 	2570
f 2570 	2574 	2580
f 2453 	2577 	2583
f 2584 	2581 	2458
f 2458 	2468 	2476
f 2476 	2484 	2492
f 2492 	2500 	2508
f 2509 	2511 	2582
f 2585 	2514 	2522
f 2522 	2530 	2538
f 2538 	2546 	2554
f 2554 	2562 	2570
f 2570 	2580 	2586
f 2453 	2583 	2587
f 2588 	2584 	2458
f 2458 	2476 	2492
f 2509 	2582 	2589
f 2590 	2585 	2522
f 2522 	2538 	2554
f 2554 	2570 	2586
f 2453 	2587 	2591
f 2592 	2588 	2458
f 2509 	2589 	2593
f 2554 	2586 	2594
f 2453 	2591 	2595
f 2596 	2592 	2458
f 2509 	2593 	2597
f 2554 	2594 	2598
f 2453 	2595 	2599
f 2600 	2596 	2458
f 2509 	2597 	2601
f 2554 	2598 	2602
f 2453 	2599 	2603
f 2604 	2600 	2458
f 2509 	2601 	2605
f 2554 	2602 	2606
f 2453 	2603 	2607
f 2604 	2458 	2492
f 2509 	2605 	2608
f 2554 	2606 	2609
f 2453 	2607 	2610
f 2611 	2604 	2492
f 2509 	2608 	2612
f 2554 	2609 	2613
f 2453 	2610 	2614
f 2615 	2611 	2492
f 2509 	2612 	2616
f 2554 	2613 	2617
f 2453 	2614 	2618
f 2619 	2615 	2492
f 2509 	2616 	2620
f 2554 	2617 	2621
f 2453 	2618 	2622
f 2623 	2619 	2492
f 2509 	2620 	2624
f 2554 	2621 	2625
f 2453 	2622 	2626
f 2627 	2623 	2492
f 2509 	2624 	2628
f 2554 	2625 	2629
f 2453 	2626 	2630
f 2631 	2627 	2492
f 2508 	2509 	2628
f 2554 	2629 	2632
f 2453 	2630 	2633
f 2634 	2631 	2492
f 2508 	2628 	2635
f 2554 	2632 	2636
f 2445 	2453 	2633
f 2637 	2634 	2492
f 2508 	2635 	2638
f 2554 	2636 	2639
f 2445 	2633 	2640
f 2641 	2637 	2492
f 2508 	2638 	2642
f 2554 	2639 	2643
f 2445 	2640 	2644
f 2645 	2641 	2492
f 2508 	2642 	2646
f 2554 	2643 	2647
f 2445 	2644 	2648
f 2649 	2645 	2492
f 2508 	2646 	2650
f 2554 	2647 	2651
f 2445 	2648 	2652
f 2653 	2649 	2492
f 2508 	2650 	2654
f 2554 	2651 	2655
f 2445 	2652 	2656
f 2657 	2653 	2492
f 2508 	2654 	2658
f 2554 	2655 	2659
f 2445 	2656 	2660
f 2661 	2657 	2492
f 2508 	2658 	2662
f 2554 	2659 	2663
f 2445 	2660 	2664
f 2665 	2661 	2492
f 2508 	2662 	2590
f 2554 	2663 	2666
f 2445 	2664 	2667
f 2668 	2665 	2492
f 2508 	2590 	2522
f 2554 	2666 	2669
f 2445 	2667 	2670
f 2668 	2492 	2508
f 2554 	2669 	2671
f 2445 	2670 	2672
f 2673 	2668 	2508
f 2522 	2554 	2671
f 2674 	2673 	2508
f 2522 	2671 	2675
f 2676 	2674 	2508
f 2522 	2675 	2677
f 2678 	2676 	2508
f 2522 	2677 	2679
f 2680 	2678 	2508
f 2522 	2679 	2681
f 2682 	2680 	2508
f 2522 	2681 	2683
f 2684 	2682 	2508
f 2522 	2683 	2685
f 2686 	2684 	2508
f 2522 	2685 	2687
f 2688 	2686 	2508
f 2522 	2687 	2689
f 2690 	2688 	2508
f 2522 	2689 	2691
f 2692 	2690 	2508
f 2522 	2691 	2693
f 2692 	2508 	2522
f 2522 	2693 	2694
f 2672 	2692 	2522
f 2522 	2694 	2695
f 2445 	2672 	2522
f 2522 	2695 	2696
f 2697 	2445 	2522
f 2522 	2696 	2698
f 2699 	2697 	2522
f 2522 	2698 	2700
f 2701 	2699 	2522
f 2522 	2700 	2702
f 2703 	2701 	2522
f 2522 	2702 	2704
f 2705 	2703 	2522
f 2522 	2704 	2706
f 2706 	2705 	2522
f 2409 	2413 	2671
f 2413 	2675 	2671
f 2413 	2415 	2675
f 2415 	2677 	2675
f 2415 	2417 	2677
f 2417 	2679 	2677
f 2417 	2419 	2679
f 2419 	2681 	2679
f 2419 	2421 	2681
f 2421 	2683 	2681
f 2421 	2423 	2683
f 2423 	2685 	2683
f 2423 	2425 	2685
f 2425 	2687 	2685
f 2425 	2427 	2687
f 2427 	2689 	2687
f 2427 	2429 	2689
f 2429 	2691 	2689
f 2429 	2431 	2691
f 2431 	2693 	2691
f 2431 	2432 	2693
f 2432 	2694 	2693
f 2432 	2433 	2694
f 2433 	2695 	2694
f 2433 	2434 	2695
f 2434 	2696 	2695
f 2434 	2436 	2696
f 2436 	2698 	2696
f 2436 	2438 	2698
f 2438 	2700 	2698
f 2438 	2440 	2700
f 2440 	2702 	2700
f 2440 	2442 	2702
f 2442 	2704 	2702
f 2442 	2444 	2704
f 2444 	2706 	2704
f 2444 	2443 	2706
f 2443 	2705 	2706
f 2443 	2441 	2705
f 2441 	2703 	2705
f 2441 	2439 	2703
f 2439 	2701 	2703
f 2439 	2437 	2701
f 2437 	2699 	2701
f 2437 	2435 	2699
f 2435 	2697 	2699
f 2435 	2185 	2697
f 2185 	2445 	2697
f 2185 	2184 	2445
f 2184 	2446 	2445
f 2184 	2183 	2446
f 2183 	2447 	2446
f 2183 	2187 	2447
f 2187 	2448 	2447
f 2187 	2186 	2448
f 2186 	2449 	2448
f 2186 	2189 	2449
f 2189 	2450 	2449
f 2189 	2188 	2450
f 2188 	2451 	2450
f 2188 	2191 	2451
f 2191 	2452 	2451
f 2191 	2190 	2452
f 2190 	2453 	2452
f 2190 	2193 	2453
f 2193 	2454 	2453
f 2193 	2192 	2454
f 2192 	2455 	2454
f 2192 	2195 	2455
f 2195 	2456 	2455
f 2195 	2194 	2456
f 2194 	2457 	2456
f 2194 	2197 	2457
f 2197 	2458 	2457
f 2197 	2200 	2458
f 2200 	2461 	2458
f 2200 	2199 	2461
f 2199 	2462 	2461
f 2199 	2202 	2462
f 2202 	2463 	2462
f 2202 	2201 	2463
f 2201 	2464 	2463
f 2201 	2204 	2464
f 2204 	2465 	2464
f 2204 	2203 	2465
f 2203 	2466 	2465
f 2203 	2206 	2466
f 2206 	2467 	2466
f 2206 	2205 	2467
f 2205 	2468 	2467
f 2205 	2208 	2468
f 2208 	2469 	2468
f 2208 	2207 	2469
f 2207 	2470 	2469
f 2207 	2210 	2470
f 2210 	2471 	2470
f 2210 	2209 	2471
f 2209 	2472 	2471
f 2209 	2212 	2472
f 2212 	2473 	2472
f 2212 	2211 	2473
f 2211 	2474 	2473
f 2211 	2214 	2474
f 2214 	2475 	2474
f 2214 	2213 	2475
f 2213 	2476 	2475
f 2213 	2216 	2476
f 2216 	2477 	2476
f 2216 	2215 	2477
f 2215 	2478 	2477
f 2215 	2218 	2478
f 2218 	2479 	2478
f 2218 	2217 	2479
f 2217 	2480 	2479
f 2217 	2220 	2480
f 2220 	2481 	2480
f 2220 	2219 	2481
f 2219 	2482 	2481
f 2219 	2222 	2482
f 2222 	2483 	2482
f 2222 	2221 	2483
f 2221 	2484 	2483
f 2221 	2224 	2484
f 2224 	2485 	2484
f 2224 	2223 	2485
f 2223 	2486 	2485
f 2223 	2226 	2486
f 2226 	2487 	2486
f 2226 	2225 	2487
f 2225 	2488 	2487
f 2225 	2228 	2488
f 2228 	2489 	2488
f 2228 	2227 	2489
f 2227 	2490 	2489
f 2227 	2230 	2490
f 2230 	2491 	2490
f 2230 	2229 	2491
f 2229 	2492 	2491
f 2229 	2232 	2492
f 2232 	2493 	2492
f 2232 	2231 	2493
f 2231 	2494 	2493
f 2231 	2234 	2494
f 2234 	2495 	2494
f 2234 	2233 	2495
f 2233 	2496 	2495
f 2233 	2236 	2496
f 2236 	2497 	2496
f 2236 	2235 	2497
f 2235 	2498 	2497
f 2235 	2238 	2498
f 2238 	2499 	2498
f 2238 	2237 	2499
f 2237 	2500 	2499
f 2237 	2240 	2500
f 2240 	2501 	2500
f 2240 	2239 	2501
f 2239 	2502 	2501
f 2239 	2242 	2502
f 2242 	2503 	2502
f 2242 	2241 	2503
f 2241 	2504 	2503
f 2241 	2244 	2504
f 2244 	2505 	2504
f 2244 	2243 	2505
f 2243 	2506 	2505
f 2243 	2246 	2506
f 2246 	2507 	2506
f 2246 	2245 	2507
f 2245 	2508 	2507
f 2245 	2249 	2508
f 2249 	2509 	2508
f 2249 	2248 	2509
f 2248 	2510 	2509
f 2248 	2247 	2510
f 2247 	2511 	2510
f 2247 	2251 	2511
f 2251 	2512 	2511
f 2251 	2250 	2512
f 2250 	2513 	2512
f 2250 	2317 	2513
f 2317 	2579 	2513
f 2317 	2320 	2579
f 2320 	2582 	2579
f 2320 	2327 	2582
f 2327 	2589 	2582
f 2327 	2331 	2589
f 2331 	2593 	2589
f 2331 	2335 	2593
f 2335 	2597 	2593
f 2335 	2339 	2597
f 2339 	2601 	2597
f 2339 	2343 	2601
f 2343 	2605 	2601
f 2343 	2346 	2605
f 2346 	2608 	2605
f 2346 	2350 	2608
f 2350 	2612 	2608
f 2350 	2354 	2612
f 2354 	2616 	2612
f 2354 	2358 	2616
f 2358 	2620 	2616
f 2358 	2362 	2620
f 2362 	2624 	2620
f 2362 	2366 	2624
f 2366 	2628 	2624
f 2366 	2373 	2628
f 2373 	2635 	2628
f 2373 	2376 	2635
f 2376 	2638 	2635
f 2376 	2380 	2638
f 2380 	2642 	2638
f 2380 	2384 	2642
f 2384 	2646 	2642
f 2384 	2388 	2646
f 2388 	2650 	2646
f 2388 	2392 	2650
f 2392 	2654 	2650
f 2392 	2396 	2654
f 2396 	2658 	2654
f 2396 	2400 	2658
f 2400 	2662 	2658
f 2400 	2328 	2662
f 2328 	2590 	2662
f 2328 	2323 	2590
f 2323 	2585 	2590
f 2323 	2254 	2585
f 2254 	2514 	2585
f 2254 	2253 	2514
f 2253 	2515 	2514
f 2253 	2252 	2515
f 2252 	2516 	2515
f 2252 	2256 	2516
f 2256 	2517 	2516
f 2256 	2255 	2517
f 2255 	2518 	2517
f 2255 	2258 	2518
f 2258 	2519 	2518
f 2258 	2257 	2519
f 2257 	2520 	2519
f 2257 	2260 	2520
f 2260 	2521 	2520
f 2260 	2259 	2521
f 2259 	2522 	2521
f 2259 	2262 	2522
f 2262 	2523 	2522
f 2262 	2261 	2523
f 2261 	2524 	2523
f 2261 	2264 	2524
f 2264 	2525 	2524
f 2264 	2263 	2525
f 2263 	2526 	2525
f 2263 	2266 	2526
f 2266 	2527 	2526
f 2266 	2265 	2527
f 2265 	2528 	2527
f 2265 	2268 	2528
f 2268 	2529 	2528
f 2268 	2267 	2529
f 2267 	2530 	2529
f 2267 	2270 	2530
f 2270 	2531 	2530
f 2270 	2269 	2531
f 2269 	2532 	2531
f 2269 	2272 	2532
f 2272 	2533 	2532
f 2272 	2271 	2533
f 2271 	2534 	2533
f 2271 	2274 	2534
f 2274 	2535 	2534
f 2274 	2273 	2535
f 2273 	2536 	2535
f 2273 	2276 	2536
f 2276 	2537 	2536
f 2276 	2275 	2537
f 2275 	2538 	2537
f 2275 	2278 	2538
f 2278 	2539 	2538
f 2278 	2277 	2539
f 2277 	2540 	2539
f 2277 	2280 	2540
f 2280 	2541 	2540
f 2280 	2279 	2541
f 2279 	2542 	2541
f 2279 	2282 	2542
f 2282 	2543 	2542
f 2282 	2281 	2543
f 2281 	2544 	2543
f 2281 	2284 	2544
f 2284 	2545 	2544
f 2284 	2283 	2545
f 2283 	2546 	2545
f 2283 	2286 	2546
f 2286 	2547 	2546
f 2286 	2285 	2547
f 2285 	2548 	2547
f 2285 	2288 	2548
f 2288 	2549 	2548
f 2288 	2287 	2549
f 2287 	2550 	2549
f 2287 	2290 	2550
f 2290 	2551 	2550
f 2290 	2289 	2551
f 2289 	2552 	2551
f 2289 	2292 	2552
f 2292 	2553 	2552
f 2292 	2291 	2553
f 2291 	2554 	2553
f 2291 	2294 	2554
f 2294 	2555 	2554
f 2294 	2293 	2555
f 2293 	2556 	2555
f 2293 	2296 	2556
f 2296 	2557 	2556
f 2296 	2295 	2557
f 2295 	2558 	2557
f 2295 	2298 	2558
f 2298 	2559 	2558
f 2298 	2297 	2559
f 2297 	2560 	2559
f 2297 	2300 	2560
f 2300 	2561 	2560
f 2300 	2299 	2561
f 2299 	2562 	2561
f 2299 	2302 	2562
f 2302 	2563 	2562
f 2302 	2301 	2563
f 2301 	2564 	2563
f 2301 	2304 	2564
f 2304 	2565 	2564
f 2304 	2303 	2565
f 2303 	2566 	2565
f 2303 	2306 	2566
f 2306 	2567 	2566
f 2306 	2305 	2567
f 2305 	2568 	2567
f 2305 	2308 	2568
f 2308 	2569 	2568
f 2308 	2307 	2569
f 2307 	2570 	2569
f 2307 	2310 	2570
f 2310 	2571 	2570
f 2310 	2309 	2571
f 2309 	2572 	2571
f 2309 	2312 	2572
f 2312 	2573 	2572
f 2312 	2311 	2573
f 2311 	2574 	2573
f 2311 	2314 	2574
f 2314 	2575 	2574
f 2314 	2313 	2575
f 2313 	2576 	2575
f 2313 	2318 	2576
f 2318 	2580 	2576
f 2318 	2324 	2580
f 2324 	2586 	2580
f 2324 	2332 	2586
f 2332 	2594 	2586
f 2332 	2336 	2594
f 2336 	2598 	2594
f 2336 	2340 	2598
f 2340 	2602 	2598
f 2340 	2344 	2602
f 2344 	2606 	2602
f 2344 	2347 	2606
f 2347 	2609 	2606
f 2347 	2351 	2609
f 2351 	2613 	2609
f 2351 	2355 	2613
f 2355 	2617 	2613
f 2355 	2359 	2617
f 2359 	2621 	2617
f 2359 	2363 	2621
f 2363 	2625 	2621
f 2363 	2367 	2625
f 2367 	2629 	2625
f 2367 	2370 	2629
f 2370 	2632 	2629
f 2370 	2374 	2632
f 2374 	2636 	2632
f 2374 	2377 	2636
f 2377 	2639 	2636
f 2377 	2381 	2639
f 2381 	2643 	2639
f 2381 	2385 	2643
f 2385 	2647 	2643
f 2385 	2389 	2647
f 2389 	2651 	2647
f 2389 	2393 	2651
f 2393 	2655 	2651
f 2393 	2397 	2655
f 2397 	2659 	2655
f 2397 	2401 	2659
f 2401 	2663 	2659
f 2401 	2404 	2663
f 2404 	2666 	2663
f 2404 	2407 	2666
f 2407 	2669 	2666
f 2407 	2409 	2669
f 2409 	2671 	2669
f 2315 	2321 	2577
f 2321 	2583 	2577
f 2321 	2325 	2583
f 2325 	2587 	2583
f 2325 	2329 	2587
f 2329 	2591 	2587
f 2329 	2333 	2591
f 2333 	2595 	2591
f 2333 	2337 	2595
f 2337 	2599 	2595
f 2337 	2341 	2599
f 2341 	2603 	2599
f 2341 	2345 	2603
f 2345 	2607 	2603
f 2345 	2348 	2607
f 2348 	2610 	2607
f 2348 	2352 	2610
f 2352 	2614 	2610
f 2352 	2356 	2614
f 2356 	2618 	2614
f 2356 	2360 	2618
f 2360 	2622 	2618
f 2360 	2364 	2622
f 2364 	2626 	2622
f 2364 	2368 	2626
f 2368 	2630 	2626
f 2368 	2371 	2630
f 2371 	2633 	2630
f 2371 	2378 	2633
f 2378 	2640 	2633
f 2378 	2382 	2640
f 2382 	2644 	2640
f 2382 	2386 	2644
f 2386 	2648 	2644
f 2386 	2390 	2648
f 2390 	2652 	2648
f 2390 	2394 	2652
f 2394 	2656 	2652
f 2394 	2398 	2656
f 2398 	2660 	2656
f 2398 	2402 	2660
f 2402 	2664 	2660
f 2402 	2405 	2664
f 2405 	2667 	2664
f 2405 	2408 	2667
f 2408 	2670 	2667
f 2408 	2410 	2670
f 2410 	2672 	2670
f 2410 	2430 	2672
f 2430 	2692 	2672
f 2430 	2428 	2692
f 2428 	2690 	2692
f 2428 	2426 	2690
f 2426 	2688 	2690
f 2426 	2424 	2688
f 2424 	2686 	2688
f 2424 	2422 	2686
f 2422 	2684 	2686
f 2422 	2420 	2684
f 2420 	2682 	2684
f 2420 	2418 	2682
f 2418 	2680 	2682
f 2418 	2416 	2680
f 2416 	2678 	2680
f 2416 	2414 	2678
f 2414 	2676 	2678
f 2414 	2412 	2676
f 2412 	2674 	2676
f 2412 	2411 	2674
f 2411 	2673 	2674
f 2411 	2406 	2673
f 2406 	2668 	2673
f 2406 	2403 	2668
f 2403 	2665 	2668
f 2403 	2399 	2665
f 2399 	2661 	2665
f 2399 	2395 	2661
f 2395 	2657 	2661
f 2395 	2391 	2657
f 2391 	2653 	2657
f 2391 	2387 	2653
f 2387 	2649 	2653
f 2387 	2383 	2649
f 2383 	2645 	2649
f 2383 	2379 	2645
f 2379 	2641 	2645
f 2379 	2375 	2641
f 2375 	2637 	2641
f 2375 	2372 	2637
f 2372 	2634 	2637
f 2372 	2369 	2634
f 2369 	2631 	2634
f 2369 	2365 	2631
f 2365 	2627 	2631
f 2365 	2361 	2627
f 2361 	2623 	2627
f 2361 	2357 	2623
f 2357 	2619 	2623
f 2357 	2353 	2619
f 2353 	2615 	2619
f 2353 	2349 	2615
f 2349 	2611 	2615
f 2349 	2342 	2611
f 2342 	2604 	2611
f 2342 	2338 	2604
f 2338 	2600 	2604
f 2338 	2334 	2600
f 2334 	2596 	2600
f 2334 	2330 	2596
f 2330 	2592 	2596
f 2330 	2326 	2592
f 2326 	2588 	2592
f 2326 	2322 	2588
f 2322 	2584 	2588
f 2322 	2319 	2584
f 2319 	2581 	2584
f 2319 	2316 	2581
f 2316 	2578 	2581
f 2316 	2198 	2578
f 2198 	2460 	2578
f 2198 	2196 	2460
f 2196 	2459 	2460
f 2196 	2315 	2459
f 2315 	2577 	2459
# 5400 faces

 #end of obj_0

o obj_1
v -13.214 		36.267 		26.851
v -13.241 		36.136 		26.874
v -13.25 		36 		26.881
v -13.036 		36.599 		26.702
v -13.11 		36.502 		26.764
v -13.185 		37.446 		26.562
v -12.662 		37.444 		26.686
v -12.95 		36.677 		26.63
v -12.82 		36 		26.686
v -12.986 		37.516 		26.395
v -12.9476 		37.484 		26.3751
v -12.9475 		37.5203 		26.3626
v -12.9861 		37.8089 		26.2222
v -12.8616 		36.7306 		26.5557
v -12.8636 		36.5064 		26.5798
v -12.8658 		36.3614 		26.5945
v -12.8681 		36.2606 		26.6038
v -12.8704 		36.1832 		26.6105
v -12.8732 		36.1171 		26.6152
v -12.8761 		36.0577 		26.619
v -12.8798 		36 		26.6219
v -12.9293 		37.333 		26.4124
v -12.939 		37.4128 		26.3927
v -12.8897 		36.9817 		26.4961
v -12.904 		37.1086 		26.4658
v -12.8635 		36.7503 		26.5512
v -12.8627 		36.7418 		26.5532
v -13.725 		37.992 		28.303
v -13.856 		37 		28.303
v -13.9 		36 		28.303
v -12.276 		37.736 		27.365
v -12.39 		36.872 		27.365
v -12.428 		36 		27.365
v -11.7933 		38.0269 		27.1524
v -11.8961 		37.6692 		27.1643
v -11.9761 		37.347 		27.1837
v -11.9382 		37.4997 		27.1745
v -12.0362 		36.841 		27.1803
v -22.804 		36 		21.28
v -23.202 		36.77 		20.595
v -12.0445 		36.7396 		27.1823
v -23.253 		36 		20.638
v -12.105 		36 		27.197
v -12.0497 		36.6755 		27.1836
v -22.827 		38.718 		19.291
v -15.338 		38.641 		26.624
v -15.663 		38.216 		26.897
v -16.34 		38.505 		26.627
v -14.961 		38.985 		26.308
v -23.049 		37.516 		20.466
v -23.151 		38.114 		19.563
v -15.546 		39.375 		25.96
v -23.39 		37.446 		19.763
v -15.972 		38.985 		26.318
v -23.536 		36.734 		19.886
v -23.585 		36 		19.927
v -23.09 		38.505 		18.583
v -16.593 		39.239 		25.91
v -23.388 		37.949 		18.834
v -23.608 		37.333 		19.018
v -23.743 		36.677 		19.131
v -23.788 		36 		19.169
v -15.074 		39.662 		25.565
v 0.716 		42.911 		9.829
v -0.832 		43.242 		9.829
v -12.1 		32.162 		2.454
v -15.618 		39.974 		25.093
v -2.428 		43.354 		9.829
v -11.44 		32.103 		2.301
v -16.13 		39.662 		25.522
v -10.781 		32.162 		2.149
v -16.695 		39.838 		25.007
v -13.34 		32.338 		3.47
v -12.69 		32.026 		3.319
v -14.349 		33.495 		2.973
v -13.881 		33.015 		2.865
v -16.992 		38.718 		26.245
v -17.316 		38.114 		26.517
v -13.339 		32.625 		2.74
v -17.18 		39.395 		25.414
v -12.739 		32.338 		2.601
v -17.598 		38.849 		25.765
v -14.158 		33.784 		2.269
v -17.937 		38.216 		26.05
v -13.744 		33.359 		2.174
v -13.264 		33.015 		2.063
v -17.715 		39.447 		24.843
v -18.14 		38.893 		25.2
v -18.485 		38.25 		25.489
v -10.737 		35.011 		0.108
v -14.981 		37.859 		27.049
v -11.55 		35.323 		0.088
v -15.203 		37.446 		27.235
v -11.442 		35.401 		0.063
v -11.348 		35.498 		0.041
v -11.272 		35.609 		0.023
v 17.808 		35.498 		15.378
v -15.927 		37.724 		27.119
v -16.122 		37.179 		27.282
v 17.867 		35.609 		15.428
v 17.911 		35.733 		15.465
v -16.639 		37.949 		26.877
v 17.938 		35.864 		15.488
v 17.948 		36 		15.495
v -15.366 		36.989 		27.372
v -15.466 		36.502 		27.456
v 17.622 		34.554 		15.487
v -15.5 		36 		27.484
v -16.241 		36.599 		27.382
v -16.281 		36 		27.416
v 17.245 		35.23 		14.906
v 17.349 		35.219 		14.993
v -16.859 		37.333 		27.062
v 17.453 		35.23 		15.08
v -16.993 		36.677 		27.175
v 17.554 		35.266 		15.165
v -17.039 		36 		27.213
v 17.648 		35.323 		15.244
v 17.734 		35.401 		15.316
v -17.554 		37.446 		26.717
v 17.393 		36 		14.941
v -17.7 		36.734 		26.84
v -17.75 		36 		26.881
v -18.187 		37.516 		26.26
v -18.341 		36.77 		26.388
v -18.392 		36 		26.431
v 17.05 		35.323 		14.742
v -18.739 		37.539 		25.702
v 17.144 		35.266 		14.821
v 16.315 		35.011 		14.391
v -17.227 		39.965 		31.83
v 3.175 		51.395 		56.158
v 1.812 		51.825 		56.158
v 4.892 		51.698 		54.686
v -14.718 		36 		27.416
v 3.496 		52.276 		54.686
v -17.516 		38.66 		31.83
v -17.691 		37.335 		31.83
v -17.749 		36 		31.83
v -16.088 		39.66 		30.544
v -16.355 		38.456 		30.544
v -16.516 		37.233 		30.544
v 0.417 		52.134 		56.158
v -16.57 		36 		30.544
v -14.846 		39.327 		29.365
v -1 		52.321 		56.158
v -15.088 		38.232 		29.365
v -2.428 		52.383 		56.158
v -15.235 		37.12 		29.365
v -22.049 		37.717 		48.159
v 1.429 		41.344 		9.09
v -22.124 		36 		48.159
v -15.284 		36 		29.365
v -21.15 		42.814 		46.429
v -20.936 		42.736 		48.159
v 0.21 		41.799 		9.09
v -21.673 		41.157 		46.429
v -1.089 		42.077 		9.09
v -22.049 		39.46 		46.429
v -2.428 		42.171 		9.09
v 0.572 		40.157 		8.49
v -22.276 		37.736 		46.429
v -18.894 		36.781 		25.833
v -22.352 		36 		46.429
v -0.376 		40.511 		8.49
v -18.947 		36 		25.877
v -1.386 		40.727 		8.49
v -19.158 		26.341 		49.862
v -2.428 		40.8 		8.49
v 14.038 		35.219 		25.833
v 14.091 		36 		25.877
v -6.911 		19.27 		54.686
v -5.436 		18.943 		54.686
v -3.938 		18.745 		54.686
v -2.428 		18.679 		54.686
v 12.003 		34.667 		27.062
v 12.137 		35.323 		27.175
v 12.183 		36 		27.213
v 2.874 		39.897 		8.372
v -5.576 		18.149 		53.138
v 12.698 		34.554 		26.717
v -4.008 		17.943 		53.138
v -2.428 		17.874 		53.138
v -5.692 		17.492 		51.526
v -4.066 		17.278 		51.526
v -2.428 		17.206 		51.526
v -5.783 		16.975 		49.862
v -4.112 		16.755 		49.862
v -2.428 		16.681 		49.862
v -10.088 		19.572 		53.138
v -8.628 		18.967 		53.138
v -7.119 		18.491 		53.138
v -10.371 		18.967 		51.526
v -8.856 		18.34 		51.526
v -7.292 		17.847 		51.526
v -10.592 		18.491 		49.862
v -9.035 		17.847 		49.862
v -7.428 		17.34 		49.862
v -12.087 		19.27 		49.862
v -18.562 		24.703 		48.159
v -18.749 		24.572 		46.429
v -17.516 		23.34 		48.159
v -16.355 		22.073 		48.159
v -15.088 		20.912 		48.159
v -13.725 		19.866 		48.159
v -17.691 		23.193 		46.429
v -16.516 		21.912 		46.429
v -15.235 		20.737 		46.429
v -13.856 		19.679 		46.429
v -18.811 		24.528 		44.686
v -18.749 		24.572 		42.943
v -18.562 		24.703 		41.213
v -13.9 		19.617 		44.686
v -13.856 		19.679 		42.943
v -13.725 		19.866 		41.213
v -17.749 		23.144 		44.686
v -16.57 		21.858 		44.686
v -15.284 		20.679 		44.686
v -21.222 		42.84 		44.686
v 2.247 		39.447 		8.228
v -21.747 		41.176 		44.686
v -21.15 		42.814 		42.943
v -21.673 		41.157 		42.943
v -20.936 		42.736 		41.213
v -21.453 		41.098 		41.213
v -22.124 		39.473 		44.686
v -22.352 		37.743 		44.686
v -22.428 		36 		44.686
v -22.049 		39.46 		42.943
v -22.276 		37.736 		42.943
v -22.352 		36 		42.943
v -21.825 		39.42 		41.213
v -22.049 		37.717 		41.213
v -22.124 		36 		41.213
v 2.8065 		39.871 		8.8928
v -19.158 		45.659 		39.51
v -19.937 		44.164 		39.51
v -20.581 		42.607 		39.51
v -21.088 		41 		39.51
v 2.7792 		39.8579 		8.8819
v 2.5311 		39.6765 		8.7639
v 2.1831 		39.422 		8.5984
v -19.461 		43.943 		37.846
v 1.9958 		39.223 		8.49
v -20.088 		42.428 		37.846
v -20.581 		40.864 		37.846
v -21.453 		39.355 		39.51
v -21.673 		37.684 		39.51
v -21.747 		36 		39.51
v -20.936 		39.264 		37.846
v 1.7452 		38.9619 		8.3946
v 1.8592 		39.0807 		8.438
v -21.15 		37.638 		37.846
v -21.222 		36 		37.846
v -18.856 		43.66 		36.234
v 1.429 		39.677 		8.49
v -19.461 		42.2 		36.234
v -19.937 		40.691 		36.234
v 1.346 		38.3973 		8.2169
v -20.279 		39.148 		36.234
v 1.5093 		38.6431 		8.2895
v -20.485 		37.58 		36.234
v 1.6648 		38.8782 		8.3639
v -20.554 		36 		36.234
v -19.158 		40.483 		34.686
v -19.485 		39.008 		34.686
v -19.683 		37.51 		34.686
v -19.749 		36 		34.686
v 14.302 		31.517 		54.686
v 14.629 		32.992 		54.686
v 14.827 		34.49 		54.686
v 14.893 		36 		54.686
v 1.707 		38.893 		8.103
v 12.844 		35.266 		26.84
v 12.894 		36 		26.881
v 13.331 		34.484 		26.26
v 13.485 		35.23 		26.388
v 13.536 		36 		26.431
v 13.883 		34.461 		25.702
v 10.51 		35.011 		27.372
v 10.61 		35.498 		27.456
v 10.644 		36 		27.484
v 11.385 		35.401 		27.382
v 11.425 		36 		27.416
v 10.125 		34.141 		27.049
v 10.347 		34.554 		27.235
v 10.861 		40.837 		58.828
v 10.389 		41.977 		58.828
v 1.269 		38.25 		8.002
v 1.2432 		38.2426 		8.1712
v 11.969 		41.24 		57.542
v 1.2166 		38.1815 		8.1558
v 11.457 		42.475 		57.542
v 10.84 		43.66 		57.542
v 0.716 		38.111 		8.048
v 0.21 		38.515 		8.048
v -0.376 		38.844 		8.048
v -1.024 		39.085 		8.048
v 6.635 		40.226 		62.007
v 6.232 		41 		62.007
v -1.715 		39.234 		8.048
v 5.764 		41.736 		62.007
v -2.428 		39.283 		8.048
v 7.969 		40.848 		61.069
v 7.507 		41.736 		61.069
v 6.969 		42.58 		61.069
v 6.36 		43.374 		61.069
v 9.652 		40.397 		60.007
v 9.223 		41.433 		60.007
v 8.705 		42.428 		60.007
v 8.103 		43.374 		60.007
v 16.759 		35.864 		14.498
v 16.75 		36 		14.491
v 16.786 		35.733 		14.521
v 16.831 		35.609 		14.558
v 16.89 		35.498 		14.608
v 16.964 		35.401 		14.67
v 9.819 		43.071 		58.828
v 9.157 		44.112 		58.828
v 10.379 		37.12 		60.007
v 10.428 		36 		60.007
v 10.232 		38.232 		60.007
v 17.218 		34.461 		15.149
v 9.99 		39.327 		60.007
v 17.423 		34.484 		15.32
v 11.714 		36 		58.828
v 11.66 		37.233 		58.828
v 11.499 		38.456 		58.828
v 11.232 		39.66 		58.828
v 12.835 		37.335 		57.542
v 12.893 		36 		57.542
v 16.144 		34.051 		14.679
v 12.66 		38.66 		57.542
v 12.371 		39.965 		57.542
v 16.461 		34.821 		14.513
v 16.629 		34.667 		14.654
v 16.815 		34.554 		14.81
v 17.014 		34.484 		14.977
v 5.992 		36.737 		62.812
v 6.024 		36 		62.812
v 5.896 		37.468 		62.812
v 7.572 		36 		62.007
v 7.534 		36.872 		62.007
v 7.42 		37.736 		62.007
v 7.231 		38.588 		62.007
v 16.057 		35.733 		14.174
v 6.969 		39.42 		62.007
v 16.039 		36 		14.159
v 16.111 		35.474 		14.219
v 16.197 		35.23 		14.292
v 9.044 		36 		61.069
v 9 		37 		61.069
v 15.897 		34.276 		14.473
v 8.869 		37.992 		61.069
v 8.653 		38.969 		61.069
v 8.352 		39.923 		61.069
v 14.534 		35.498 		13.916
v 14.5 		36 		13.888
v 14.634 		35.011 		14
v 15.282 		36 		13.956
v 15.308 		35.609 		13.978
v 15.386 		35.23 		14.043
v 14.073 		34.276 		14.253
v 14.797 		34.554 		14.137
v 15.019 		34.141 		14.323
v 15.513 		34.875 		14.15
v 15.685 		34.554 		14.295
v 16.331 		33.151 		15.424
v 17.005 		33.75 		15.403
v 16.416 		33.886 		14.908
v 16.706 		33.784 		15.151
v 14.454 		32.625 		15.412
v 15.456 		32.761 		15.414
v 14.028 		33.015 		15.054
v 14.337 		33.784 		14.475
v 14.662 		33.359 		14.748
v 15.039 		33.015 		15.064
v 15.292 		33.784 		14.552
v 15.608 		33.495 		14.818
v 0.946 		37.539 		7.927
v 1.0298 		37.7521 		8.048
v 11.071 		34.276 		27.119
v 0.748 		36.781 		7.881
v 0.6784 		36.0475 		7.9149
v 0.681 		36 		7.866
v 0.6743 		36 		7.9136
v 11.266 		34.821 		27.282
v 0.6861 		36.1394 		7.9173
v 0.7119 		36.4426 		7.9251
v 11.783 		34.051 		26.877
v -11.216 		35.733 		0.01
v 12.136 		33.282 		26.245
v -11.181 		35.864 		0.003
v 12.46 		33.886 		26.517
v -11.17 		36 		0
v 12.324 		32.605 		25.414
v 12.742 		33.151 		25.765
v 13.081 		33.784 		26.05
v -12.647 		35.733 		0.341
v -12.59 		35.609 		0.328
v -12.514 		35.498 		0.31
v 12.859 		32.553 		24.843
v 13.284 		33.107 		25.2
v -11.946 		36 		0.109
v 13.629 		33.75 		25.489
v 10.482 		33.359 		26.624
v 10.807 		33.784 		26.897
v 11.484 		33.495 		26.627
v -12.42 		35.401 		0.289
v -12.312 		35.323 		0.264
v -12.191 		35.266 		0.236
v 10.105 		33.015 		26.308
v -12.063 		35.23 		0.206
v -11.931 		35.219 		0.176
v -11.799 		35.23 		0.145
v 10.69 		32.625 		25.96
v -11.671 		35.266 		0.115
v 11.116 		33.015 		26.318
v 11.737 		32.761 		25.91
v -10.715 		34.051 		0.443
v -11.625 		34.484 		0.313
v 10.218 		32.338 		25.565
v -11.372 		34.554 		0.255
v 10.762 		32.026 		25.093
v -11.136 		34.667 		0.2
v 11.274 		32.338 		25.522
v -10.921 		34.821 		0.151
v 11.839 		32.162 		25.007
v 12.371 		32.035 		31.83
v -12.635 		34.667 		0.547
v 9.862 		36 		27.416
v -12.398 		34.554 		0.492
v -12.146 		34.484 		0.434
v 12.66 		33.34 		31.83
v -11.885 		34.461 		0.373
v 12.835 		34.665 		31.83
v 12.893 		36 		31.83
v 11.232 		32.34 		30.544
v 11.499 		33.544 		30.544
v 11.66 		34.767 		30.544
v 11.714 		36 		30.544
v 9.99 		32.673 		29.365
v -14.358 		35.011 		1.746
v 10.232 		33.768 		29.365
v -13.97 		35.609 		1.195
v 10.379 		34.88 		29.365
v -14.003 		36 		1.203
v -13.871 		35.23 		1.172
v 10.428 		36 		29.365
v -14.15 		34.554 		1.698
v -0.344 		36 		7.777
v -0.376 		36.289 		7.777
v 9.758 		35.23 		27.329
v 0.7549 		36.841 		7.9481
v 0.7392 		36.7801 		7.9434
v 0.7789 		36.9337 		7.9552
v 9.836 		35.609 		27.394
v -13.869 		34.141 		1.633
v -13.709 		34.875 		1.135
v -13.49 		34.554 		1.084
v 9.631 		34.875 		27.222
v 8.947 		35.23 		27.08
v 9.033 		35.474 		27.153
v 13.397 		40.24 		56.158
v 9.087 		35.733 		27.198
v 12.967 		41.603 		56.158
v 9.105 		36 		27.213
v 12.42 		42.924 		56.158
v 11.76 		44.192 		56.158
v 13.848 		41.924 		54.686
v 13.27 		43.32 		54.686
v 8.829 		35.011 		26.981
v 13.893 		37.428 		56.158
v 13.955 		36 		56.158
v 13.706 		38.845 		56.158
v -22.913 		38.641 		17.596
v -23.239 		38.216 		17.869
v 15.423 		32.852 		53.138
v 15.629 		34.42 		53.138
v -17.691 		23.193 		42.943
v 15.698 		36 		53.138
v -16.516 		21.912 		42.943
v -22.996 		38.216 		16.942
v -15.235 		20.737 		42.943
v 16.08 		32.736 		51.526
v 16.294 		34.362 		51.526
v 16.366 		36 		51.526
v 16.597 		32.645 		49.862
v -23.503 		37.724 		18.091
v -17.516 		23.34 		41.213
v 16.817 		34.316 		49.862
v -16.355 		22.073 		41.213
v 16.891 		36 		49.862
v -23.697 		37.179 		18.254
v -15.088 		20.912 		41.213
v -23.816 		36.599 		18.354
v -23.856 		36 		18.388
v 14 		28.34 		53.138
v -23.654 		36.989 		17.494
v 14.605 		29.8 		53.138
v -23.754 		36.502 		17.578
v 15.081 		31.309 		53.138
v -23.788 		36 		17.606
v 14.605 		28.057 		51.526
v -18.749 		34.572 		33.214
v -18.811 		36 		33.214
v 15.232 		29.572 		51.526
v -23.27 		37.859 		17.171
v -23.491 		37.446 		17.357
v 15.725 		31.136 		51.526
v -23.182 		37.446 		16.51
v 15.081 		27.836 		49.862
v -13.362 		35.733 		0.714
v -23.354 		37.125 		16.655
v -23.481 		36.77 		16.762
v 15.725 		29.393 		49.862
v -13.385 		36 		0.72
v -23.559 		36.391 		16.827
v -13.295 		35.474 		0.699
v 16.232 		31 		49.862
v -23.585 		36 		16.849
v -13.184 		35.23 		0.673
v -13.034 		35.011 		0.639
v -12.692 		36 		0.351
v -12.681 		35.864 		0.349
v 14.302 		26.341 		49.862
v 9.99 		32.673 		60.007
v 10.232 		33.768 		60.007
v -23.202 		35.23 		20.595
v 10.379 		34.88 		60.007
v -13.22 		34.276 		1.022
v -12.907 		34.051 		0.95
v -22.827 		33.282 		19.291
v -12.849 		34.821 		0.596
v -23.049 		34.484 		20.466
v -23.536 		35.266 		19.886
v -12.168 		32.605 		1.81
v -23.39 		34.554 		19.763
v -11.585 		32.553 		1.675
v -23.151 		33.886 		19.563
v -23.743 		35.323 		19.131
v -11.002 		32.605 		1.541
v -23.608 		34.667 		19.018
v -23.388 		34.051 		18.834
v -12.199 		33.151 		1.248
v -11.71 		33.107 		1.135
v -11.22 		33.151 		1.022
v -10.746 		33.282 		0.912
v -12.561 		33.886 		0.87
v -12.191 		33.784 		0.784
v -11.811 		33.75 		0.696
v -11.43 		33.784 		0.609
v -11.061 		33.886 		0.523
v -12.734 		32.761 		1.94
v -13.521 		33.784 		1.553
v -13.119 		33.495 		1.46
v -12.674 		33.282 		1.357
v -18.562 		33.155 		33.214
v -18.704 		30.076 		34.686
v -18.126 		28.68 		34.686
v -23.09 		33.495 		18.583
v -23.816 		35.401 		18.354
v -23.697 		34.821 		18.254
v -23.503 		34.276 		18.091
v -23.754 		35.498 		17.578
v -23.654 		35.011 		17.494
v 8.683 		34.821 		26.859
v 9 		34.051 		26.693
v 9.247 		34.276 		26.899
v 9.459 		34.554 		27.077
v -23.491 		34.554 		17.357
v -23.27 		34.141 		17.171
v -23.559 		35.609 		16.827
v -23.481 		35.23 		16.762
v -23.354 		34.875 		16.655
v -23.182 		34.554 		16.51
v -23.239 		33.784 		17.869
v 8.515 		34.667 		26.718
v -22.913 		33.359 		17.596
v -22.996 		33.784 		16.942
v -22.832 		37.179 		15.784
v -22.804 		36 		15.495
v -22.969 		37.724 		16.332
v -22.978 		36.989 		15.906
v -23.096 		36.77 		16.005
v -23.182 		36.526 		16.078
v -23.236 		36.267 		16.123
v -23.253 		36 		16.138
v -18.253 		31.76 		33.214
v -22.832 		34.821 		15.784
v -17.823 		30.397 		33.214
v -22.969 		34.276 		16.332
v -17.276 		29.076 		33.214
v -23.236 		35.733 		16.123
v -23.182 		35.474 		16.078
v -16.616 		27.808 		33.214
v -23.096 		35.23 		16.005
v -22.978 		35.011 		15.906
v 15.958 		33.282 		15.111
v -5.273 		19.866 		33.214
v -3.856 		19.679 		33.214
v -2.428 		19.617 		33.214
v 12.25 		36 		14.491
v 12.3 		35.266 		14.532
v 12.446 		34.554 		14.655
v 12.961 		36 		14.159
v 13.007 		35.323 		14.197
v 13.141 		34.667 		14.31
v 13.361 		34.051 		14.495
v 13.719 		36 		13.956
v 13.759 		35.401 		13.99
v 13.878 		34.821 		14.09
v 11.053 		36 		15.495
v 11.659 		35.23 		14.984
v 11.608 		36 		14.941
v 11.813 		34.484 		15.112
v 13.407 		32.761 		15.462
v 12.063 		33.784 		15.322
v -9.748 		20.302 		34.686
v -8.352 		19.724 		34.686
v -10.62 		21.812 		33.214
v -9.352 		21.152 		33.214
v -8.031 		20.605 		33.214
v -6.668 		20.175 		33.214
v -18.253 		24.919 		39.51
v -18.704 		26.603 		37.846
v -17.823 		25.22 		37.846
v -16.825 		23.92 		37.846
v -17.227 		23.582 		39.51
v -16.088 		22.34 		39.51
v -14.846 		21.201 		39.51
v -13.509 		20.175 		39.51
v 8.313 		35.609 		26.814
v 8.358 		35.733 		26.851
v 8.385 		35.864 		26.874
v 8.394 		36 		26.881
v -15.717 		22.711 		37.846
v -14.508 		21.603 		37.846
v -13.208 		20.605 		37.846
v -11.825 		19.724 		37.846
v -22.478 		37.446 		15.487
v -14.675 		23.753 		34.686
v -22.664 		36.502 		15.378
v -14.013 		24.415 		33.214
v -22.723 		36.391 		15.428
v -22.767 		36.267 		15.465
v -22.794 		36.136 		15.488
v -18.126 		26.937 		36.234
v -17.276 		25.603 		36.234
v -16.313 		24.349 		36.234
v -22.504 		36.677 		15.244
v -22.59 		36.599 		15.316
v -17.428 		27.34 		34.686
v -16.616 		26.065 		34.686
v -15.696 		24.867 		34.686
v -22.794 		35.864 		15.488
v -22.767 		35.733 		15.465
v -22.723 		35.609 		15.428
v -15.848 		26.603 		33.214
v -22.664 		35.498 		15.378
v -14.978 		25.469 		33.214
v -22.478 		34.554 		15.487
v 11.232 		32.34 		58.828
v 11.499 		33.544 		58.828
v 11.66 		34.767 		58.828
v 12.371 		32.035 		57.542
v -22.59 		35.401 		15.316
v 12.66 		33.34 		57.542
v -22.504 		35.323 		15.244
v 12.835 		34.665 		57.542
v -22.596 		37.539 		21.106
v -22.751 		36.781 		21.236
v 12.684 		33.886 		14.855
v 13.008 		33.282 		15.127
v 13.66 		33.495 		14.745
v 18.057 		38.641 		17.596
v -22.459 		38.849 		19.971
v -22.799 		38.216 		20.256
v 18.14 		38.216 		16.942
v 18.932 		36 		17.606
v 18.898 		36.502 		17.578
v -22.428 		39.239 		18.956
v 18.798 		36.989 		17.494
v -22.722 		38.985 		18.274
v -22.536 		38.985 		17.28
v -22.68 		38.505 		16.677
v 18.635 		37.446 		17.357
v 18.414 		37.859 		17.171
v 18.703 		36.391 		16.827
v 18.729 		36 		16.849
v 18.625 		36.77 		16.762
v 18.498 		37.125 		16.655
v -22.751 		35.219 		21.236
v -22.596 		34.461 		21.106
v 18.326 		37.446 		16.51
v -22.799 		33.784 		20.256
v 18.798 		35.011 		17.494
v 18.898 		35.498 		17.578
v 0.7222 		36.57 		7.932
v 8.18 		35.401 		26.702
v 8.254 		35.498 		26.764
v 8.329 		34.554 		26.562
v 7.806 		34.556 		26.686
v 8.094 		35.323 		26.63
v 7.964 		36 		26.686
v 8.13 		34.484 		26.395
v 8.0916 		34.516 		26.3751
v 8.0916 		34.4797 		26.3626
v 8.1301 		34.1911 		26.2222
v 8.0076 		35.4936 		26.5798
v 8.0056 		35.2694 		26.5557
v 8.0098 		35.6387 		26.5945
v 8.0121 		35.7394 		26.6038
v 8.0144 		35.8168 		26.6105
v 8.0172 		35.8829 		26.6152
v 8.0201 		35.9423 		26.619
v 8.0238 		36 		26.6219
v 8.0733 		34.667 		26.4124
v 8.083 		34.5872 		26.3927
v 8.0337 		35.0183 		26.4961
v 8.048 		34.8914 		26.4658
v 8.0076 		35.2497 		26.5512
v 8.0067 		35.2582 		26.5532
v -22.459 		33.151 		19.971
v 18.414 		34.141 		17.171
v 18.635 		34.554 		17.357
v -22.428 		32.761 		18.956
v 18.326 		34.554 		16.51
v 18.498 		34.875 		16.655
v 18.625 		35.23 		16.762
v -22.722 		33.015 		18.274
v 18.703 		35.609 		16.827
v -22.536 		33.015 		17.28
v -22.68 		33.495 		16.677
v 18.057 		33.359 		17.596
v 18.14 		33.784 		16.942
v -22.451 		38.114 		15.897
v -22.723 		37.949 		16.126
v -22.664 		37.333 		15.643
v 18.113 		37.724 		16.332
v 18.38 		36.267 		16.123
v 18.397 		36 		16.138
v 18.326 		36.526 		16.078
v 18.24 		36.77 		16.005
v 18.122 		36.989 		15.906
v -14.079 		22.115 		36.234
v -22.723 		34.051 		16.126
v -22.664 		34.667 		15.643
v -22.451 		33.886 		15.897
v 17.976 		37.179 		15.784
v -20.312 		39.239 		15.414
v -20.148 		38.216 		14.552
v -20.464 		38.505 		14.818
v 18.113 		34.276 		16.332
v -20.814 		38.718 		15.111
v 18.122 		35.011 		15.906
v 18.24 		35.23 		16.005
v 18.326 		35.474 		16.078
v -21.187 		38.849 		15.424
v 18.38 		35.733 		16.123
v -21.861 		38.25 		15.403
v -21.272 		38.114 		14.908
v -12.825 		21.152 		36.234
v -21.562 		38.216 		15.151
v -11.491 		20.302 		36.234
v -20.753 		37.724 		14.473
v -13.561 		22.732 		34.686
v -12.363 		21.812 		34.686
v -11.088 		21 		34.686
v -20.369 		37.125 		14.15
v -12.959 		23.45 		33.214
v -20.541 		37.446 		14.295
v -11.825 		22.58 		33.214
v -20.138 		36 		13.956
v -20.164 		36.391 		13.978
v -20.242 		36.77 		14.043
v -21 		37.949 		14.679
v -21.317 		37.179 		14.513
v -21.485 		37.333 		14.654
v -21.671 		37.446 		14.81
v -21.87 		37.516 		14.977
v 17.976 		34.821 		15.784
v 14.413 		40.364 		17.295
v 16.052 		40.164 		17.681
v 15.49 		40.229 		17.209
v 14.927 		40.164 		16.737
v 16.968 		39.662 		17.521
v 16.465 		39.838 		17.099
v 17.68 		38.985 		17.28
v 17.263 		39.239 		16.93
v 16.818 		39.395 		16.557
v 17.824 		38.505 		16.677
v 0.9328 		37.5363 		8.0169
v 0.9422 		37.5571 		8.0195
v 0.8048 		37.0351 		7.9656
v 15.947 		39.897 		16.664
v 0.9706 		37.6201 		8.0287
v 0.9585 		37.5932 		8.0248
v 16.968 		32.338 		17.521
v -0.47 		36.57 		7.777
v -0.623 		36.834 		7.777
v -0.832 		37.072 		7.777
v 16.465 		32.162 		17.099
v -1.089 		37.277 		7.777
v 16.818 		32.605 		16.557
v -1.386 		37.444 		7.777
v 17.263 		32.761 		16.93
v -1.715 		37.566 		7.777
v -2.066 		37.642 		7.777
v 17.68 		33.015 		17.28
v -2.428 		37.667 		7.777
v -2.428 		36 		7.686
v 17.824 		33.495 		16.677
v 5.896 		34.532 		62.812
v 5.992 		35.263 		62.812
v 6.969 		32.58 		62.007
v 15.947 		32.103 		16.664
v 7.231 		33.412 		62.007
v 7.42 		34.264 		62.007
v 14.413 		31.636 		17.295
v 7.534 		35.128 		62.007
v 14.927 		31.836 		16.737
v 15.49 		31.771 		17.209
v 16.052 		31.836 		17.681
v 8.352 		32.077 		61.069
v 16.36 		39.447 		16.172
v 17.474 		38.718 		16.383
v 17.101 		38.849 		16.07
v 16.716 		38.893 		15.747
v 17.595 		38.114 		15.897
v 8.869 		34.008 		28.303
v 9 		35 		28.303
v -22.074 		37.539 		15.149
v 9.044 		36 		28.303
v -22.279 		37.516 		15.32
v 7.42 		34.264 		27.365
v -21.171 		36.989 		14.391
v -21.615 		36.136 		14.498
v -21.606 		36 		14.491
v -21.642 		36.267 		14.521
v 7.534 		35.128 		27.365
v -21.687 		36.391 		14.558
v -21.746 		36.502 		14.608
v -21.82 		36.599 		14.67
v 7.572 		36 		27.365
v 6.9374 		33.9731 		27.1524
v 7.0401 		34.3308 		27.1643
v -22.101 		36.77 		14.906
v -22.205 		36.781 		14.993
v -22.309 		36.77 		15.08
v 7.1201 		34.653 		27.1837
v 7.0822 		34.5003 		27.1745
v 7.1802 		35.159 		27.1803
v -22.41 		36.734 		15.165
v -22.249 		36 		14.941
v -21.906 		36.677 		14.742
v -22 		36.734 		14.821
v 3.005 		42.475 		62.812
v 2.42 		42.924 		62.812
v -20.913 		36.267 		14.174
v -20.895 		36 		14.159
v 1.798 		43.32 		62.812
v -20.967 		36.526 		14.219
v -21.053 		36.77 		14.292
v 5.232 		42.428 		62.007
v 4.643 		43.071 		62.007
v -20.753 		34.276 		14.473
v -20.242 		35.23 		14.043
v -20.164 		35.609 		13.978
v -20.541 		34.554 		14.295
v -20.369 		34.875 		14.15
v -21.171 		35.011 		14.391
v -21.82 		35.401 		14.67
v -21.746 		35.498 		14.608
v -21.687 		35.609 		14.558
v -21.642 		35.733 		14.521
v -21.615 		35.864 		14.498
v -15.245 		23.183 		36.234
v -22.049 		34.283 		48.159
v -21.825 		32.58 		48.159
v -21.453 		30.902 		48.159
v -20.936 		29.264 		48.159
v 17.305 		38.216 		15.654
v -22.276 		34.264 		46.429
v -22.049 		32.54 		46.429
v -21.673 		30.843 		46.429
v -21.15 		29.186 		46.429
v 14.382 		39.974 		16.279
v 8.848 		32.717 		13.686
v 9.39 		34.333 		13.686
v 15.428 		39.838 		16.229
v 9.572 		36 		13.686
v 8.677 		32.766 		12.644
v 14.926 		39.662 		15.808
v 9.21 		34.358 		12.644
v 9.39 		36 		12.644
v 8.653 		33.031 		61.069
v 6.765 		29.829 		13.686
v 7.964 		31.2 		13.686
v 8.869 		34.008 		61.069
v 6.625 		29.923 		12.644
v 9 		35 		61.069
v 7.806 		31.273 		12.644
v -22.352 		34.257 		44.686
v -22.124 		32.527 		44.686
v 10.389 		30.023 		58.828
v -22.276 		34.264 		42.943
v 4 		43.66 		62.007
v 7.884 		32.553 		9.529
v -22.049 		32.54 		42.943
v 3.308 		44.192 		62.007
v 8.425 		33.107 		9.654
v -22.049 		34.283 		41.213
v -21.825 		32.58 		41.213
v 4.892 		40.226 		62.812
v 4.496 		40.848 		62.812
v -21.747 		30.824 		44.686
v 7.258 		32.103 		9.384
v -21.222 		29.16 		44.686
v 4.047 		41.433 		62.812
v -21.673 		30.843 		42.943
v -21.15 		29.186 		42.943
v 15.901 		39.395 		15.787
v -21.453 		30.902 		41.213
v 6.566 		31.771 		9.225
v -20.936 		29.264 		41.213
v -20.279 		27.676 		48.159
v -19.485 		26.152 		48.159
v 17.867 		37.949 		16.126
v -20.485 		27.58 		46.429
v 17.808 		37.333 		15.643
v 6.21 		30.201 		11.634
v -19.683 		26.038 		46.429
v -20.554 		27.548 		44.686
v -19.749 		26 		44.686
v -20.485 		27.58 		42.943
v -19.683 		26.038 		42.943
v -20.279 		27.676 		41.213
v 7.1885 		35.2604 		27.1823
v 7.249 		36 		27.197
v 7.1938 		35.3245 		27.1836
v -19.485 		26.152 		41.213
v -21.673 		34.316 		39.51
v 9.852 		33.784 		26.82
v -21.453 		32.645 		39.51
v 17.867 		34.051 		16.126
v -21.15 		34.362 		37.846
v 17.808 		34.667 		15.643
v 9.688 		32.761 		25.958
v -20.936 		32.736 		37.846
v 9.716 		32.162 		25.143
v -21.088 		31 		39.51
v -20.581 		29.393 		39.51
v -19.937 		27.836 		39.51
v 16.36 		32.553 		16.172
v -20.581 		31.136 		37.846
v -20.088 		29.572 		37.846
v 16.716 		33.107 		15.747
v -19.461 		28.057 		37.846
v 9.186 		33.282 		26.261
v 17.101 		33.151 		16.07
v 9.536 		33.495 		26.554
v 17.474 		33.282 		16.383
v -20.485 		34.42 		36.234
v -20.279 		32.852 		36.234
v -19.937 		31.309 		36.234
v -11.996 		31.836 		3.159
v 8.728 		33.886 		26.464
v -11.28 		31.771 		2.994
v -19.461 		29.8 		36.234
v -18.856 		28.34 		36.234
v -19.683 		34.49 		34.686
v -19.485 		32.992 		34.686
v -9.434 		40.229 		4.147
v -19.158 		31.517 		34.686
v -10.173 		40.432 		4.318
v 9.243 		32.605 		25.585
v -19.158 		26.341 		39.51
v 8.438 		33.784 		26.221
v 8.813 		33.151 		25.948
v -9.164 		17.492 		48.159
v -7.526 		16.975 		48.159
v -5.848 		16.603 		48.159
v -4.145 		16.379 		48.159
v -2.428 		16.304 		48.159
v 7.338 		33.156 		26.686
v -9.242 		17.278 		46.429
v -7.585 		16.755 		46.429
v -5.888 		16.379 		46.429
v -4.164 		16.152 		46.429
v -2.428 		16.076 		46.429
v -5.901 		16.304 		44.686
v -4.171 		16.076 		44.686
v -2.428 		16 		44.686
v -5.888 		16.379 		42.943
v -4.164 		16.152 		42.943
v -2.428 		16.076 		42.943
v -5.848 		16.603 		41.213
v 8.428 		33.107 		25.625
v -4.145 		16.379 		41.213
v -2.428 		16.304 		41.213
v -9.268 		17.206 		44.686
v 8.784 		32.553 		25.2
v -7.604 		16.681 		44.686
v 9.197 		32.103 		24.708
v -9.242 		17.278 		42.943
v -7.585 		16.755 		42.943
v -9.164 		17.492 		41.213
v 10.861 		31.163 		58.828
v -7.526 		16.975 		41.213
v 8.168 		32.915 		25.738
v 10.84 		28.34 		57.542
v 11.457 		29.525 		57.542
v 11.969 		30.76 		57.542
v -12.276 		18.943 		48.159
v 8.1631 		33.9435 		26.1018
v -10.752 		18.149 		48.159
v 2.812 		40.397 		63.48
v 2.409 		40.837 		63.48
v -12.39 		18.745 		46.429
v 1.969 		41.24 		63.48
v -10.848 		17.943 		46.429
v 8.188 		33.7556 		26.0103
v 3.549 		41.977 		62.812
v 8.2833 		33.4289 		25.7972
v 8.3106 		33.3404 		25.738
v -12.428 		18.679 		44.686
v 8.2075 		33.6891 		25.9669
v -10.88 		17.874 		44.686
v 8.4183 		32.8417 		25.2413
v 8.4579 		32.59 		24.9259
v 5.764 		30.264 		62.007
v 6.232 		31 		62.007
v 8.4673 		32.5661 		24.8861
v 6.635 		31.774 		62.007
v 5.684 		44.112 		61.069
v -12.39 		18.745 		42.943
v -10.848 		17.943 		42.943
v 0.463 		42.2 		63.48
v -0.088 		42.428 		63.48
v -12.276 		18.943 		41.213
v -10.752 		18.149 		41.213
v 1.144 		43.66 		62.812
v 0.463 		43.943 		62.812
v -0.24 		44.164 		62.812
v -5.783 		16.975 		39.51
v -4.112 		16.755 		39.51
v -2.428 		16.681 		39.51
v -5.692 		17.492 		37.846
v -4.066 		17.278 		37.846
v -0.658 		42.607 		63.48
v -2.428 		17.206 		37.846
v -1.24 		42.736 		63.48
v -1.832 		42.814 		63.48
v -2.428 		42.84 		63.48
v 8.198 		33.151 		10.403
v 8.63 		33.784 		10.503
v -10.592 		18.491 		39.51
v -9.035 		17.847 		39.51
v -6.616 		36.781 		3.497
v -22.41 		35.266 		15.165
v -6.549 		36 		3.481
v -22.309 		35.23 		15.08
v -7.428 		17.34 		39.51
v -6.814 		37.539 		3.542
v -22.205 		35.219 		14.993
v -7.137 		38.25 		3.617
v -7.575 		38.893 		3.718
v -22.101 		35.23 		14.906
v -8.116 		39.447 		3.843
v 7.666 		32.605 		10.281
v 6.36 		28.626 		61.069
v 6.969 		29.42 		61.069
v 17.305 		33.784 		15.654
v 17.595 		33.886 		15.897
v 7.507 		30.264 		61.069
v -22 		35.266 		14.821
v 9.186 		34.461 		9.83
v 7.969 		31.152 		61.069
v -21.906 		35.323 		14.742
v 14.382 		32.026 		16.279
v 8.103 		28.626 		60.007
v -21 		34.051 		14.679
v 8.705 		29.572 		60.007
v 14.926 		32.338 		15.808
v -21.87 		34.484 		14.977
v 15.428 		32.162 		16.229
v 9.223 		30.567 		60.007
v -21.671 		34.554 		14.81
v 15.901 		32.605 		15.787
v 9.652 		31.603 		60.007
v -21.485 		34.667 		14.654
v -21.317 		34.821 		14.513
v -10.371 		18.967 		37.846
v 13.321 		40.229 		17.399
v -8.856 		18.34 		37.846
v -7.292 		17.847 		37.846
v 13.842 		40.164 		16.815
v -22.279 		34.484 		15.32
v -22.074 		34.461 		15.149
v 0.541 		40.24 		64.005
v 0.16 		40.483 		64.005
v -0.24 		40.691 		64.005
v 9.157 		27.888 		58.828
v -21.053 		35.23 		14.292
v 9.819 		28.929 		58.828
v 1.495 		41.603 		63.48
v -20.967 		35.474 		14.219
v 0.992 		41.924 		63.48
v -20.913 		35.733 		14.174
v 13.706 		33.155 		56.158
v 13.893 		34.572 		56.158
v -20.312 		32.761 		15.414
v -0.658 		40.864 		64.005
v -1.088 		41 		64.005
v -1.529 		41.098 		64.005
v -10.088 		19.572 		36.234
v -20.814 		33.282 		15.111
v -8.628 		18.967 		36.234
v -1.977 		41.157 		64.005
v -20.464 		33.495 		14.818
v -7.119 		18.491 		36.234
v -20.148 		33.784 		14.552
v -5.576 		18.149 		36.234
v -2.428 		41.176 		64.005
v -4.008 		17.943 		36.234
v -2.428 		17.874 		36.234
v -21.187 		33.151 		15.424
v 4 		38.34 		63.48
v 3.772 		38.891 		63.48
v -6.911 		19.27 		34.686
v -21.861 		33.75 		15.403
v -5.436 		18.943 		34.686
v 5.736 		38.188 		62.812
v -3.938 		18.745 		34.686
v -2.428 		18.679 		34.686
v 5.515 		38.891 		62.812
v -21.562 		33.784 		15.151
v 5.232 		39.572 		62.812
v -21.272 		33.886 		14.908
v -12.087 		19.27 		39.51
v 2.263 		38.188 		64.005
v 11.76 		27.808 		56.158
v 2.055 		38.588 		64.005
v -21.997 		38.893 		20.604
v -22.342 		38.25 		20.893
v 12.42 		29.076 		56.158
v 1.812 		38.969 		64.005
v 12.967 		30.397 		56.158
v 13.397 		31.76 		56.158
v 13.27 		28.68 		54.686
v 13.848 		30.076 		54.686
v 3.496 		39.42 		63.48
v 3.175 		39.923 		63.48
v 8.863 		33.75 		9.755
v 7.049 		32.162 		10.138
v 2.729 		36.451 		64.005
v 2.748 		36 		64.005
v 2.67 		36.899 		64.005
v 5.827 		31.568 		9.054
v 2.436 		34.23 		64.005
v 2.572 		37.34 		64.005
v 2.572 		34.66 		64.005
v 2.67 		35.101 		64.005
v 2.436 		37.77 		64.005
v 7.338 		31.489 		11.634
v 2.729 		35.549 		64.005
v 4.412 		36 		63.48
v 4.386 		36.596 		63.48
v 4.308 		37.188 		63.48
v 4.179 		34.23 		63.48
v 4.179 		37.77 		63.48
v 4.308 		34.812 		63.48
v 8.948 		34.484 		10.577
v 9.143 		35.23 		10.621
v 9.384 		35.219 		9.875
v 9.451 		36 		9.891
v 8.168 		32.915 		11.634
v 8.591 		34.554 		11.272
v 9.208 		36 		10.637
v 8.288 		33.886 		11.202
v 8.677 		34.434 		11.634
v 8.777 		35.266 		11.315
v 8.84 		36 		11.329
v 8.848 		36 		11.634
v 6.367 		31.836 		9.981
v 6.572 		31.843 		10.686
v 7.876 		33.282 		11.107
v 7.3814 		32.754 		10.9571
v 7.338 		32.7172 		10.9355
v 7.4027 		32.7773 		10.9645
v 7.6621 		33.0619 		11.0561
v 6.8416 		32.2977 		10.6902
v 6.8348 		32.2935 		10.686
v 6.9502 		32.3893 		10.744
v 8.4426 		34.4535 		11.3835
v 8.4482 		34.4661 		11.3849
v 7.8418 		33.2999 		11.1604
v 7.814 		33.2631 		11.1443
v 8.1454 		33.8179 		11.296
v 8.0171 		33.5991 		11.2388
v 8.2039 		33.9175 		11.3221
v 7.6652 		33.0658 		11.058
v 8.5999 		35.1025 		11.473
v 8.6389 		35.2825 		11.4938
v 8.5265 		34.7645 		11.4339
v 8.695 		35.8185 		11.4912
v 8.714 		36 		11.4903
v 8.4864 		34.5795 		11.4126
v 6.2211 		31.9525 		10.4236
v 6.275 		31.9802 		10.441
v 5.8729 		31.836 		10.279
v 6.5125 		32.1131 		10.545
v 6.4388 		32.0718 		10.5128
v 3.481 		27.812 		12.644
v 5.168 		28.758 		12.644
v 5.285 		28.646 		13.686
v 2.874 		32.103 		8.372
v 2.247 		32.553 		8.228
v 4.386 		35.404 		63.48
v 14.038 		36.781 		25.833
v 3.772 		33.109 		63.48
v 4 		33.66 		63.48
v 6.36 		48.55 		31.83
v -20.535 		40.229 		19.377
v -21.08 		39.897 		19.834
v -21.572 		39.447 		20.247
v 5.232 		32.428 		62.812
v 5.515 		33.109 		62.812
v -21.02 		40.164 		18.764
v 5.736 		33.812 		62.812
v -20.448 		40.364 		18.284
v -20.346 		40.229 		17.209
v 1.812 		33.031 		64.005
v 2.055 		33.412 		64.005
v -20.908 		40.164 		17.681
v 8.4889 		32.5111 		24.795
v 8.5047 		32.4707 		24.728
v 2.263 		33.812 		64.005
v 3.175 		32.077 		63.48
v 3.496 		32.58 		63.48
v 8.3254 		33.225 		25.6412
v 12.777 		39.897 		16.942
v -22.041 		39.395 		19.62
v 12.285 		39.447 		16.529
v 0.927 		35.101 		64.382
v 0.992 		35.397 		64.382
v -8.742 		39.897 		3.988
v 1.032 		35.697 		64.382
v 1.045 		36 		64.382
v 0.232 		38.232 		64.382
v -10.36 		40.364 		3.559
v 0.028 		38.456 		64.382
v -0.196 		38.66 		64.382
v 0.417 		34.008 		64.382
v 0.58 		34.264 		64.382
v 1.537 		39.327 		64.005
v 0.72 		34.532 		64.382
v 1.232 		39.66 		64.005
v 0.836 		34.812 		64.382
v 0.899 		39.965 		64.005
v 9.572 		36 		17.2601
v -1 		35 		64.61
v -0.918 		35.128 		64.61
v -0.848 		35.263 		64.61
v -0.79 		35.404 		64.61
v 12.285 		32.553 		16.529
v -0.744 		35.549 		64.61
v 12.777 		32.103 		16.942
v -0.711 		35.697 		64.61
v -0.692 		35.848 		64.61
v -0.685 		36 		64.61
v 10.122 		44.788 		31.83
v -0.96 		39.148 		64.382
v -1.24 		39.264 		64.382
v -1.529 		39.355 		64.382
v 9.308 		45.848 		31.83
v 8.406 		46.834 		31.83
v -1.825 		39.42 		64.382
v 7.42 		47.736 		31.83
v -2.125 		39.46 		64.382
v -2.428 		39.473 		64.382
v -2.428 		36 		64.686
v 8.406 		45.09 		30.544
v 7.572 		46 		30.544
v 6.662 		46.834 		30.544
v -1.308 		34.665 		64.61
v -1.195 		34.767 		64.61
v -1.093 		34.88 		64.61
v 7.42 		44.264 		29.365
v -0.436 		38.845 		64.382
v 6.662 		45.09 		29.365
v -0.692 		39.008 		64.382
v 5.836 		45.848 		29.365
v -2.428 		34.257 		64.61
v -2.276 		34.264 		64.61
v -2.125 		34.283 		64.61
v -1.977 		34.316 		64.61
v -1.832 		34.362 		64.61
v -1.691 		34.42 		64.61
v -1.556 		34.49 		64.61
v -1.428 		34.572 		64.61
v 5.232 		49.268 		31.83
v 4.047 		49.885 		31.83
v 2.812 		50.397 		31.83
v 0.836 		37.188 		64.382
v 0.72 		37.468 		64.382
v 3.549 		48.817 		30.544
v 0.58 		37.736 		64.382
v 2.409 		49.289 		30.544
v 0.417 		37.992 		64.382
v -0.196 		33.34 		64.382
v 0.028 		33.544 		64.382
v 0.232 		33.768 		64.382
v 1.537 		50.799 		31.83
v 0.232 		51.088 		31.83
v 0.899 		32.035 		64.005
v -1.093 		51.263 		31.83
v -2.428 		51.321 		31.83
v 1.232 		49.66 		30.544
v 1.232 		32.34 		64.005
v 0.028 		49.927 		30.544
v 1.537 		32.673 		64.005
v -1.195 		50.088 		30.544
v -2.428 		50.142 		30.544
v 0.899 		48.418 		29.365
v -0.196 		48.66 		29.365
v -1.308 		48.807 		29.365
v -2.428 		48.856 		29.365
v 5.684 		47.585 		30.544
v 4.643 		48.247 		30.544
v 4.946 		46.531 		29.365
v 4 		47.133 		29.365
v 3.005 		47.651 		29.365
v -0.692 		32.992 		64.382
v 1.969 		48.08 		29.365
v -0.436 		33.155 		64.382
v -2.125 		32.54 		64.382
v -2.428 		32.527 		64.382
v -1.825 		32.58 		64.382
v -1.529 		32.645 		64.382
v -1.24 		32.736 		64.382
v 4.946 		44.788 		28.303
v 4.152 		45.397 		28.303
v -0.96 		32.852 		64.382
v 3.308 		45.935 		28.303
v 2.42 		46.397 		28.303
v 3.308 		44.192 		27.365
v 2.572 		44.66 		27.365
v 1.798 		45.063 		27.365
v 1.969 		30.76 		63.48
v 2.409 		31.163 		63.48
v 2.812 		31.603 		63.48
v 1.495 		46.78 		28.303
v 3.549 		30.023 		62.812
v 0.541 		47.081 		28.303
v 4.047 		30.567 		62.812
v -0.436 		47.297 		28.303
v 4.496 		31.152 		62.812
v 8.3355 		33.1469 		25.5757
v 8.3394 		33.1171 		25.5506
v 8.4159 		32.8501 		25.2507
v 4.892 		31.774 		62.812
v 1.798 		28.68 		62.812
v 2.42 		29.076 		62.812
v 3.005 		29.525 		62.812
v 8.352 		32.077 		28.303
v 3.308 		27.808 		62.007
v 4 		28.34 		62.007
v 4.643 		28.929 		62.007
v 8.653 		33.031 		28.303
v 5.232 		29.572 		62.007
v 5.684 		27.888 		61.069
v -0.24 		31.309 		64.005
v 1.032 		36.303 		64.382
v 0.992 		36.603 		64.382
v 0.927 		36.899 		64.382
v -1.093 		37.12 		64.61
v -1.195 		37.233 		64.61
v -1.308 		37.335 		64.61
v -10.173 		31.568 		4.318
v -9.434 		31.771 		4.147
v -1.428 		37.428 		64.61
v -1.556 		37.51 		64.61
v -1.691 		37.58 		64.61
v -1.832 		37.638 		64.61
v -1.977 		37.684 		64.61
v -2.125 		37.717 		64.61
v -2.276 		37.736 		64.61
v -2.428 		37.743 		64.61
v -8.742 		32.103 		3.988
v -8.116 		32.553 		3.843
v -7.575 		33.107 		3.718
v -7.137 		33.75 		3.617
v -6.814 		34.461 		3.542
v -6.616 		35.219 		3.497
v -0.692 		36.152 		64.61
v -0.711 		36.303 		64.61
v -0.744 		36.451 		64.61
v -0.79 		36.596 		64.61
v -0.848 		36.737 		64.61
v -0.918 		36.872 		64.61
v -1 		37 		64.61
v 2.1831 		32.578 		8.5984
v 1.9958 		32.7771 		8.49
v 2.4473 		32.3849 		8.7241
v 2.2537 		32.5264 		8.632
v 2.7792 		32.1421 		8.882
v 2.9777 		32.0465 		8.961
v -10.36 		31.636 		3.559
v 7.42 		53.057 		48.159
v 5.896 		53.851 		48.159
v 7.534 		53.255 		46.429
v 5.992 		54.057 		46.429
v 7.572 		53.321 		44.686
v 6.024 		54.126 		44.686
v 7.534 		53.255 		42.943
v -21.556 		39.838 		19.214
v -21.965 		39.662 		18.568
v -13.269 		39.838 		4.231
v 5.992 		54.057 		42.943
v 6.969 		32.58 		27.365
v 0.16 		31.517 		64.005
v 0.541 		31.76 		64.005
v 7.231 		33.412 		27.365
v 1.9831 		32.7903 		8.4851
v 0.992 		30.076 		63.48
v 1.495 		30.397 		63.48
v 1.429 		32.323 		8.49
v 6.0985 		32.0241 		27.0572
v 6.4787 		32.7584 		27.0936
v -1.977 		30.843 		64.005
v 6.2251 		32.2626 		27.0704
v -2.428 		30.824 		64.005
v -1.529 		30.902 		64.005
v -1.088 		31 		64.005
v -0.658 		31.136 		64.005
v 6.1178 		32.0529 		27.0607
v 1.5406 		33.3096 		8.3044
v 1.5094 		33.3568 		8.2895
v 1.6648 		33.1219 		8.3639
v 6.7449 		33.329 		27.1366
v 6.5778 		32.9709 		27.1096
v 6.4794 		32.7598 		27.0937
v 6.8089 		33.525 		27.1377
v -0.088 		29.572 		63.48
v 0.463 		29.8 		63.48
v -0.24 		27.836 		62.812
v 0.463 		28.057 		62.812
v 6.8646 		33.7194 		27.1441
v 1.144 		28.34 		62.812
v -13.886 		39.395 		4.373
v 3.21 		28.188 		11.634
v 4.82 		29.089 		11.634
v 10.84 		28.34 		31.83
v -11.11 		40.432 		3.732
v 11.457 		29.525 		31.83
v 11.969 		30.76 		31.83
v -11.86 		40.364 		3.905
v 2.768 		28.8 		10.686
v 4.252 		29.631 		10.686
v -12.587 		40.164 		4.073
v 5.533 		30.656 		10.686
v 10.389 		30.023 		30.544
v 10.861 		31.163 		30.544
v -13.929 		39.239 		3.605
v 4.304 		31.568 		8.703
v 5.066 		31.5 		8.878
v -13.886 		32.605 		4.373
v -13.269 		32.162 		4.231
v 13.321 		31.771 		17.399
v 13.842 		31.836 		16.815
v 2.168 		29.631 		9.829
v -20.803 		39.897 		16.664
v 11.86 		38.893 		16.172
v 3.566 		31.771 		8.532
v 11.515 		38.25 		15.883
v 11.261 		37.539 		15.67
v -21.454 		39.974 		18.139
v 11.106 		36.781 		15.539
v -21.824 		39.662 		17.521
v 11.106 		35.219 		15.539
v -22.295 		39.375 		17.917
v 11.261 		34.461 		15.67
v -21.321 		39.838 		17.099
v 3.481 		30.366 		9.829
v -21.674 		39.395 		16.557
v 9.157 		27.888 		30.544
v -22.119 		39.239 		16.93
v 9.819 		28.929 		30.544
v 7.42 		53.057 		41.213
v 5.896 		53.851 		41.213
v 8.103 		28.626 		29.365
v 8.705 		29.572 		29.365
v 9.223 		30.567 		29.365
v 4.308 		54.508 		48.159
v 2.67 		55.025 		48.159
v 0.992 		55.397 		48.159
v -0.711 		55.621 		48.159
v -2.428 		55.696 		48.159
v -22.342 		33.75 		20.893
v -21.997 		33.107 		20.604
v 4.386 		54.722 		46.429
v 2.729 		55.245 		46.429
v 1.032 		55.621 		46.429
v -0.692 		55.848 		46.429
v -2.428 		55.924 		46.429
v 4.412 		54.794 		44.686
v 2.748 		55.319 		44.686
v 4.386 		54.722 		42.943
v 2.729 		55.245 		42.943
v 4.308 		54.508 		41.213
v 2.67 		55.025 		41.213
v 1.045 		55.696 		44.686
v -0.685 		55.924 		44.686
v -2.428 		56 		44.686
v 11.515 		33.75 		15.883
v 1.032 		55.621 		42.943
v -0.692 		55.848 		42.943
v 11.86 		33.107 		16.172
v -2.428 		55.924 		42.943
v 0.992 		55.397 		41.213
v 13.305 		39.838 		16.365
v 12.82 		39.395 		15.958
v -0.711 		55.621 		41.213
v -21.572 		32.553 		20.247
v 12.402 		38.849 		15.607
v -21.08 		32.103 		19.834
v -2.428 		55.696 		41.213
v -20.535 		31.771 		19.377
v 7.231 		52.73 		39.51
v 13.87 		39.662 		15.85
v -13.929 		32.761 		3.605
v 5.736 		53.509 		39.51
v 4.179 		54.153 		39.51
v 2.572 		54.66 		39.51
v -12.587 		31.836 		4.073
v -11.86 		31.636 		3.905
v -11.11 		31.568 		3.732
v 5.515 		53.033 		37.846
v 4 		53.66 		37.846
v 2.436 		54.153 		37.846
v 12.402 		33.151 		15.607
v 12.82 		32.605 		15.958
v 13.305 		32.162 		16.365
v 13.87 		32.338 		15.85
v -22.041 		32.605 		19.62
v -21.556 		32.162 		19.214
v -21.965 		32.338 		18.568
v -20.803 		32.103 		16.664
v 9.652 		31.603 		29.365
v -21.454 		32.026 		18.139
v -22.295 		32.625 		17.917
v -21.824 		32.338 		17.521
v 6.572 		31.843 		26.686
v 6.21 		30.201 		25.738
v 7.338 		31.489 		25.738
v 6.625 		29.923 		24.728
v -21.321 		32.162 		17.099
v 7.806 		31.273 		24.728
v -22.119 		32.761 		16.93
v -21.674 		32.605 		16.557
v 6.36 		28.626 		28.303
v 6.969 		29.42 		28.303
v 7.507 		30.264 		28.303
v 0.927 		55.025 		39.51
v -0.744 		55.245 		39.51
v 9.4867 		36.781 		17.4689
v -2.428 		55.319 		39.51
v 7.969 		31.152 		28.303
v 9.39 		37.667 		13.686
v 0.836 		54.508 		37.846
v -0.79 		54.722 		37.846
v -2.428 		54.794 		37.846
v 8.848 		39.283 		13.686
v 7.964 		40.8 		13.686
v 6.765 		42.171 		13.686
v 5.285 		43.354 		13.686
v 3.572 		44.314 		13.686
v 1.676 		45.021 		13.686
v -0.344 		45.454 		13.686
v -2.428 		45.6 		13.686
v 5.232 		52.428 		36.234
v -0.344 		26.546 		13.686
v -2.428 		26.4 		13.686
v 1.676 		26.979 		13.686
v 3.772 		53.033 		36.234
v 3.572 		27.686 		13.686
v 2.263 		53.509 		36.234
v 0.72 		53.851 		36.234
v -0.848 		54.057 		36.234
v 9.4867 		35.219 		17.4689
v 9.4497 		34.8799 		17.6539
v -2.428 		54.126 		36.234
v -1.428 		47.428 		28.303
v -2.428 		47.472 		28.303
v 2.055 		52.73 		34.686
v 0.58 		53.057 		34.686
v -21.02 		31.836 		18.764
v -0.918 		53.255 		34.686
v -2.428 		53.321 		34.686
v 1.429 		44.477 		25.738
v -0.47 		44.884 		25.738
v 15.423 		44.324 		48.159
v -2.428 		45.021 		25.738
v 14.629 		45.848 		48.159
v -10.934 		40.5 		4.494
v 1.614 		44.884 		24.728
v -11.696 		40.432 		4.669
v -12.434 		40.229 		4.84
v -0.376 		45.311 		24.728
v 15.629 		44.42 		46.429
v -2.428 		45.454 		24.728
v 14.827 		45.962 		46.429
v 0.992 		45.397 		27.365
v 15.698 		44.452 		44.686
v 14.893 		46 		44.686
v 0.16 		45.659 		27.365
v 15.629 		44.42 		42.943
v 14.827 		45.962 		42.943
v -13.126 		39.897 		5
v 15.423 		44.324 		41.213
v -13.753 		39.447 		5.144
v 14.629 		45.848 		41.213
v -14.293 		38.893 		5.269
v -2.428 		29.16 		63.48
v -1.832 		29.186 		63.48
v -1.24 		29.264 		63.48
v 17.193 		37.717 		48.159
v 17.268 		36 		48.159
v 16.969 		39.42 		48.159
v -0.658 		29.393 		63.48
v 16.597 		41.098 		48.159
v 16.08 		42.736 		48.159
v 10.122 		27.212 		57.542
v 17.496 		36 		46.429
v 17.42 		37.736 		46.429
v 5.836 		26.152 		60.007
v 17.193 		39.46 		46.429
v 6.662 		26.91 		60.007
v 16.817 		41.157 		46.429
v 7.42 		27.736 		60.007
v 16.294 		42.814 		46.429
v 6.662 		25.166 		58.828
v 7.572 		26 		58.828
v 8.406 		26.91 		58.828
v 16.891 		41.176 		44.686
v 7.42 		24.264 		57.542
v 16.366 		42.84 		44.686
v 8.406 		25.166 		57.542
v 9.308 		26.152 		57.542
v 16.817 		41.157 		42.943
v 16.294 		42.814 		42.943
v 16.597 		41.098 		41.213
v 16.08 		42.736 		41.213
v 5.764 		30.264 		27.365
v 17.496 		37.743 		44.686
v 17.572 		36 		44.686
v 17.268 		39.473 		44.686
v 17.496 		36 		42.943
v 17.42 		37.736 		42.943
v 17.193 		39.46 		42.943
v -0.692 		45.848 		27.365
v 17.193 		37.717 		41.213
v 17.268 		36 		41.213
v 16.969 		39.42 		41.213
v -1.556 		45.962 		27.365
v -2.428 		46 		27.365
v -20.448 		31.636 		18.284
v -20.908 		31.836 		17.681
v -20.346 		31.771 		17.209
v -0.96 		44.324 		26.56
v -14.293 		33.107 		5.269
v -0.6048 		44.2709 		26.5731
v -13.753 		32.553 		5.144
v -0.8385 		44.297 		26.56
v -13.126 		32.103 		5
v -20.284 		39.838 		16.229
v -20.757 		39.395 		15.787
v -1.691 		44.42 		26.56
v -21.216 		39.447 		16.172
v -21.572 		38.893 		15.747
v -21.957 		38.849 		16.07
v -2.428 		44.452 		26.56
v -22.33 		38.718 		16.383
v -22.161 		38.216 		15.654
v -0.9625 		44.31 		26.5541
v -0.8653 		44.2998 		26.5587
v -1.6952 		44.3718 		26.5399
v -0.9678 		44.3105 		26.554
v -2.428 		44.4184 		26.5461
v -1.713 		44.3729 		26.5401
v -20.284 		32.162 		16.229
v -20.757 		32.605 		15.787
v 11.969 		41.24 		31.83
v -4.512 		45.454 		13.686
v -6.532 		45.021 		13.686
v -8.428 		44.314 		13.686
v 11.457 		42.475 		31.83
v -10.141 		43.354 		13.686
v -11.621 		42.171 		13.686
v -12.82 		40.8 		13.686
v -13.704 		39.283 		13.686
v 10.84 		43.66 		31.83
v -21.216 		32.553 		16.172
v -14.246 		37.667 		13.686
v -22.33 		33.282 		16.383
v 14.302 		45.659 		39.51
v -21.957 		33.151 		16.07
v -21.572 		33.107 		15.747
v 16.232 		41 		39.51
v 15.725 		42.607 		39.51
v 15.081 		44.164 		39.51
v -22.161 		33.784 		15.654
v 15.725 		40.864 		37.846
v 15.232 		42.428 		37.846
v 14.605 		43.943 		37.846
v -15.362 		36.77 		4.714
v -15.428 		36 		4.729
v 16.891 		36 		39.51
v 16.817 		37.684 		39.51
v -15.319 		36 		5.506
v 16.597 		39.355 		39.51
v -15.338 		36.734 		3.931
v -15.401 		36 		3.945
v 16.366 		36 		37.846
v 16.294 		37.638 		37.846
v -15.362 		35.23 		4.714
v 16.08 		39.264 		37.846
v -15.338 		35.266 		3.931
v 15.629 		37.58 		36.234
v 15.698 		36 		36.234
v 15.423 		39.148 		36.234
v 15.081 		40.691 		36.234
v 14.605 		42.2 		36.234
v 14 		43.66 		36.234
v -14.494 		37.724 		2.347
v 14.893 		36 		34.686
v 14.827 		37.51 		34.686
v 14.629 		39.008 		34.686
v 14.302 		40.483 		34.686
v -14.485 		36.502 		1.776
v -14.528 		36 		1.786
v -14.729 		37.949 		3.061
v -15.009 		37.333 		3.125
v -15.18 		36.677 		3.165
v -14.3427 		36.781 		17.4689
v -14.428 		36 		17.2601
v -14.3057 		37.1201 		17.6539
v -15.238 		36 		3.178
v -14.428 		36 		13.686
v 12.66 		48.66 		48.159
v 11.499 		49.927 		48.159
v -14.3427 		35.219 		17.4689
v 10.232 		51.088 		48.159
v 4.89 		31.568 		9.64
v -14.246 		34.333 		13.686
v 5.64 		31.636 		9.813
v 8.869 		52.134 		48.159
v -13.704 		32.717 		13.686
v 12.835 		48.807 		46.429
v -12.82 		31.2 		13.686
v -11.621 		29.829 		13.686
v -10.141 		28.646 		13.686
v 11.66 		50.088 		46.429
v -8.428 		27.686 		13.686
v -6.532 		26.979 		13.686
v -4.512 		26.546 		13.686
v 10.379 		51.263 		46.429
v 9 		52.321 		46.429
v 4.614 		31.273 		9.829
v 18.383 		38.216 		17.869
v 13.706 		47.297 		48.159
v 5.3017 		31.6857 		10.0208
v 5.5471 		31.7267 		10.1439
v 5.533 		31.7243 		10.1368
v 4.9194 		31.6219 		9.829
v 19 		36 		18.388
v 18.96 		36.599 		18.354
v 13.893 		47.428 		46.429
v 18.841 		37.179 		18.254
v 18.647 		37.724 		18.091
v 12.893 		48.856 		44.686
v 11.714 		50.142 		44.686
v 10.428 		51.321 		44.686
v 12.835 		48.807 		42.943
v 11.66 		50.088 		42.943
v 10.379 		51.263 		42.943
v -14.741 		37.179 		2.404
v -14.893 		36.599 		2.439
v 6.36 		23.45 		57.542
v -14.944 		36 		2.451
v 9.157 		24.415 		56.158
v 10.122 		25.469 		56.158
v 18.647 		34.276 		18.091
v 10.992 		26.603 		56.158
v 18.841 		34.821 		18.254
v -14.494 		34.276 		2.347
v 9.819 		23.753 		54.686
v 6.232 		31 		27.365
v 18.96 		35.401 		18.354
v 6.635 		31.774 		27.365
v 18.383 		33.784 		17.869
v 5.8084 		31.6207 		27.0202
v -14.485 		35.498 		1.776
v 5.8028 		31.6129 		27.0195
v 5.533 		30.656 		26.686
v 14.5 		40.5 		18.388
v -15.18 		35.323 		3.165
v -15.009 		34.667 		3.125
v -14.729 		34.051 		3.061
v 12.66 		48.66 		41.213
v 11.499 		49.927 		41.213
v 4.526 		30.1648 		26.8854
v 4.2757 		29.9385 		26.8689
v 10.232 		51.088 		41.213
v -14.893 		35.401 		2.439
v -14.741 		34.821 		2.404
v 5.1053 		30.7253 		26.9468
v 4.9483 		30.5734 		26.9302
v 9.044 		52.383 		44.686
v 4.8223 		30.4515 		26.9169
v 9 		52.321 		42.943
v 8.869 		52.134 		41.213
v 10.84 		24.867 		54.686
v 11.76 		26.065 		54.686
v 13.955 		47.472 		44.686
v 12.572 		27.34 		54.686
v 5.6174 		31.355 		26.9958
v 5.3407 		30.997 		26.9742
v 13.893 		47.428 		42.943
v 13.706 		47.297 		41.213
v 5.2329 		30.8575 		26.9659
v 5.764 		21.812 		56.158
v 6.969 		22.58 		56.158
v 8.103 		23.45 		56.158
v 15.592 		40.364 		18.284
v 6.232 		21 		54.686
v 15.003 		40.432 		17.789
v 3.21 		28.188 		25.738
v 7.507 		21.812 		54.686
v 4.82 		29.089 		25.738
v 8.705 		22.732 		54.686
v 3.481 		27.812 		24.728
v 5.168 		28.758 		24.728
v 5.684 		27.888 		28.303
v 11.457 		24.349 		53.138
v 12.42 		25.603 		53.138
v 13.27 		26.937 		53.138
v 16.598 		39.974 		18.139
v 11.969 		23.92 		51.526
v 17.866 		38.985 		18.274
v 2.53 		31.273 		9.09
v 4.14 		31.636 		9.467
v 17.439 		39.375 		17.917
v 12.967 		25.22 		51.526
v 4.0251 		31.6685 		9.4449
v 4.0053 		31.6731 		9.4359
v 3.5387 		31.7982 		9.2149
v 3.481 		31.8137 		9.1876
v -14.731 		38.25 		5.37
v -15.054 		37.539 		5.445
v -15.252 		36.781 		5.491
v 3.4392 		31.8249 		9.1678
v 3.3021 		31.8909 		9.09
v -14.849 		38.216 		4.596
v -15.168 		37.516 		4.669
v 4.1343 		31.6444 		9.4984
v 4.1114 		31.6494 		9.4872
v 14.5 		31.5 		18.388
v 4.7217 		31.6189 		9.7489
v 4.536 		31.627 		9.6697
v 4.8521 		31.6132 		9.8045
v 16.598 		32.026 		18.139
v 4.252 		29.631 		26.686
v -0.623 		27.812 		10.686
v 1.126 		28.188 		10.686
v 12.371 		48.418 		39.51
v 11.232 		49.66 		39.51
v 9.99 		50.799 		39.51
v -2.428 		28.646 		9.829
v -0.832 		28.758 		9.829
v 0.716 		29.089 		9.829
v 8.653 		51.825 		39.51
v -14.437 		38.718 		3.723
v -2.428 		29.829 		9.09
v -1.089 		29.923 		9.09
v 0.21 		30.201 		9.09
v -14.849 		38.114 		3.818
v 10.861 		49.289 		37.846
v 1.429 		30.656 		9.09
v -15.152 		37.446 		3.888
v -1.386 		31.273 		8.49
v 9.652 		50.397 		37.846
v -2.428 		31.2 		8.49
v -0.376 		31.489 		8.49
v 8.352 		51.395 		37.846
v 0.572 		31.843 		8.49
v 6.969 		52.276 		37.846
v 1.707 		33.107 		8.103
v 13.397 		47.081 		39.51
v 3.308 		27.808 		27.365
v 4 		28.34 		27.365
v 13.848 		45.397 		37.846
v 12.967 		46.78 		37.846
v 11.969 		48.08 		37.846
v 4.643 		28.929 		27.365
v -12.434 		31.771 		4.84
v -11.696 		31.568 		4.669
v -10.934 		31.5 		4.494
v 10.389 		48.817 		36.234
v 5.232 		29.572 		27.365
v 9.223 		49.885 		36.234
v 7.969 		50.848 		36.234
v 6.635 		51.698 		36.234
v 10.324 		36.677 		3.165
v 8.705 		49.268 		34.686
v 10.382 		36 		3.178
v 7.507 		50.188 		34.686
v 10.153 		37.333 		3.125
v -15.252 		35.219 		5.491
v -15.054 		34.461 		5.445
v -14.731 		33.75 		5.37
v 6.232 		51 		34.686
v 9.873 		37.949 		3.061
v 8.103 		48.55 		33.214
v 2.768 		28.8 		26.686
v 10.037 		36.599 		2.439
v 6.969 		49.42 		33.214
v 10.088 		36 		2.451
v 5.764 		50.188 		33.214
v 9.885 		37.179 		2.404
v 1.9146 		28.4781 		26.6813
v 1.798 		28.4299 		26.6755
v 13.27 		45.063 		36.234
v 12.42 		46.397 		36.234
v 7.14 		40.164 		3.159
v 6.424 		40.229 		2.994
v 11.457 		47.651 		36.234
v 12.572 		44.66 		34.686
v 2.6123 		28.8014 		26.7343
v 2.4506 		28.7262 		26.7222
v 1.9698 		28.5025 		26.686
v 11.76 		45.935 		34.686
v 10.84 		47.133 		34.686
v 8.484 		39.662 		3.47
v 7.834 		39.974 		3.319
v 11.76 		44.192 		33.214
v 10.992 		45.397 		33.214
v 3.2728 		29.2061 		26.7766
v 3.0826 		29.0853 		26.7661
v 10.122 		46.531 		33.214
v 9.493 		38.505 		2.973
v 2.7256 		28.8587 		26.7466
v 9.025 		38.985 		2.865
v 2.6441 		28.8175 		26.7378
v 9.819 		48.247 		34.686
v 9.157 		47.585 		33.214
v 8.483 		39.375 		2.74
v 7.883 		39.662 		2.601
v 3.8957 		29.631 		26.8325
v 3.6914 		29.4916 		26.8142
v 3.9226 		29.6494 		26.8349
v 9.302 		38.216 		2.269
v 8.888 		38.641 		2.174
v 4.892 		51.698 		34.686
v 8.408 		38.985 		2.063
v 3.496 		52.276 		34.686
v 4.496 		50.848 		33.214
v 3.175 		51.395 		33.214
v 4.098 		29.7778 		26.8571
v 1.812 		51.825 		33.214
v 7.244 		39.838 		2.454
v 0.417 		52.134 		33.214
v 6.584 		39.897 		2.301
v -1 		52.321 		33.214
v -2.428 		52.383 		33.214
v 5.925 		39.838 		2.149
v 17.439 		32.625 		17.917
v -0.233 		27.8097 		26.5742
v 17.866 		33.015 		18.274
v 0.4893 		27.9848 		26.5999
v 0.4485 		27.975 		26.5985
v 13.848 		26.603 		51.526
v 10.861 		40.837 		30.544
v 10.389 		41.977 		30.544
v 1.1389 		28.1597 		26.6457
v 1.128 		28.1568 		26.6449
v 1.2124 		28.188 		26.6467
v 13.397 		24.919 		49.862
v 1.2145 		28.1888 		26.6467
v 9.819 		43.071 		30.544
v 9.157 		44.112 		30.544
v 10.122 		27.212 		31.83
v 9.652 		40.397 		29.365
v 15.003 		31.568 		17.789
v 9.223 		41.433 		29.365
v 15.592 		31.636 		18.284
v 7.42 		24.264 		31.83
v 8.705 		42.428 		29.365
v 8.406 		25.166 		31.83
v 8.103 		43.374 		29.365
v 9.308 		26.152 		31.83
v 0.946 		34.461 		7.927
v 1.0297 		34.2479 		8.048
v 6.662 		25.166 		30.544
v 7.572 		26 		30.544
v 8.406 		26.91 		30.544
v 13.902 		40.432 		17.886
v 5.836 		26.152 		29.365
v 6.662 		26.91 		29.365
v 7.42 		27.736 		29.365
v 13.902 		31.568 		17.886
v 6.36 		23.45 		31.83
v 18.346 		36.77 		20.595
v -15.168 		34.484 		4.669
v 18.397 		36 		20.638
v 10.389 		23.183 		53.138
v -14.849 		33.784 		4.596
v 10.861 		22.711 		51.526
v 17.948 		36 		21.28
v 9.99 		21.201 		49.862
v 11.232 		22.34 		49.862
v -14.437 		33.282 		3.723
v 18.193 		37.516 		20.466
v 12.371 		23.582 		49.862
v 18.729 		36 		19.927
v 18.68 		36.734 		19.886
v 18.534 		37.446 		19.763
v -15.152 		34.554 		3.888
v 18.295 		38.114 		19.563
v -14.849 		33.886 		3.818
v 18.887 		36.677 		19.131
v 18.932 		36 		19.169
v 18.752 		37.333 		19.018
v 18.532 		37.949 		18.834
v 18.234 		38.505 		18.583
v 6.572 		40.157 		26.686
v -18.263 		39.239 		15.462
v 7.338 		40.511 		25.738
v 6.635 		20.302 		53.138
v -16.919 		38.216 		15.322
v 6.21 		41.799 		25.738
v -17.54 		38.114 		14.855
v 17.971 		38.718 		19.291
v 7.806 		40.727 		24.728
v -17.864 		38.718 		15.127
v 6.625 		42.077 		24.728
v -18.516 		38.505 		14.745
v 13.848 		41.924 		34.686
v 13.27 		43.32 		34.686
v 7.969 		40.848 		28.303
v 13.397 		40.24 		33.214
v -15.909 		36 		15.495
v -16.515 		36.77 		14.984
v 12.967 		41.603 		33.214
v 7.507 		41.736 		28.303
v -16.464 		36 		14.941
v -16.669 		37.516 		15.112
v 12.42 		42.924 		33.214
v 6.969 		42.58 		28.303
v 6.36 		43.374 		28.303
v 6.635 		40.226 		27.365
v 13.893 		37.428 		33.214
v -17.106 		36 		14.491
v -17.156 		36.734 		14.532
v 13.955 		36 		33.214
v 6.232 		41 		27.365
v 13.706 		38.845 		33.214
v -17.302 		37.446 		14.655
v 5.764 		41.736 		27.365
v -17.817 		36 		14.159
v -17.863 		36.677 		14.197
v -2.428 		53.321 		54.686
v -3.938 		53.255 		54.686
v -17.997 		37.333 		14.31
v -5.436 		53.057 		54.686
v -18.217 		37.949 		14.495
v 5.9188 		40.226 		27.0342
v -6.911 		52.73 		54.686
v -18.575 		36 		13.956
v -18.615 		36.599 		13.99
v -18.734 		37.179 		14.09
v 12.46 		38.114 		26.517
v 12.136 		38.718 		26.245
v 7.969 		21.152 		53.138
v 9.223 		22.115 		53.138
v 18.346 		35.23 		20.595
v -19.31 		39.375 		15.412
v 6.969 		19.724 		51.526
v 8.352 		20.605 		51.526
v 9.652 		21.603 		51.526
v -18.884 		38.985 		15.054
v -19.193 		38.216 		14.475
v -19.518 		38.641 		14.748
v 8.653 		20.175 		49.862
v -19.895 		38.985 		15.064
v 18.193 		34.484 		20.466
v 18.295 		33.886 		19.563
v 18.534 		34.554 		19.763
v 1.798 		26.937 		62.007
v 18.68 		35.266 		19.886
v 18.234 		33.495 		18.583
v 0.748 		35.219 		7.881
v 18.532 		34.051 		18.834
v 4.643 		23.753 		30.544
v 5.684 		24.415 		30.544
v 18.752 		34.667 		19.018
v 1.969 		23.92 		29.365
v 18.887 		35.323 		19.131
v 3.005 		24.349 		29.365
v 4 		24.867 		29.365
v 4.946 		25.469 		29.365
v 0.9422 		34.4429 		8.0195
v 2.572 		27.34 		62.007
v -4.008 		54.057 		53.138
v 2.42 		25.603 		28.303
v -2.428 		54.126 		53.138
v -18.929 		37.724 		14.253
v -5.576 		53.851 		53.138
v -2.428 		54.794 		51.526
v -4.066 		54.722 		51.526
v -19.653 		37.446 		14.137
v 0.9117 		34.5467 		8.0084
v 0.7789 		35.0663 		7.9552
v -19.875 		37.859 		14.323
v -5.692 		54.508 		51.526
v 0.9328 		34.4637 		8.0169
v 0.9254 		34.4927 		8.0139
v -19.39 		36.502 		13.916
v -4.112 		55.245 		49.862
v -19.356 		36 		13.888
v -19.49 		36.989 		14
v -2.428 		55.319 		49.862
v -5.783 		55.025 		49.862
v 0.7343 		35.2796 		7.9401
v 0.7119 		35.5574 		7.9251
v 0.7392 		35.2199 		7.9434
v 0.7463 		35.1925 		7.9455
v -16.669 		34.484 		15.112
v -0.376 		35.711 		7.777
v -16.515 		35.23 		14.984
v 0.7001 		35.696 		7.9215
v -7.119 		53.509 		53.138
v -8.628 		53.033 		53.138
v -2.428 		34.333 		7.777
v -2.066 		34.358 		7.777
v -17.302 		34.554 		14.655
v -10.088 		52.428 		53.138
v 17.971 		33.282 		19.291
v -17.156 		35.266 		14.532
v -7.292 		54.153 		51.526
v -18.217 		34.051 		14.495
v -8.856 		53.66 		51.526
v -10.371 		53.033 		51.526
v -17.997 		34.667 		14.31
v -17.863 		35.323 		14.197
v 17.895 		36.781 		21.236
v 9.638 		37.724 		2.347
v 17.74 		37.539 		21.106
v 17.486 		38.25 		20.893
v 17.141 		38.893 		20.604
v -18.734 		34.821 		14.09
v -18.615 		35.401 		13.99
v 7.878 		39.239 		1.94
v 8.665 		38.216 		1.553
v 8.263 		38.505 		1.46
v 7.818 		38.718 		1.357
v -18.263 		32.761 		15.462
v 2.42 		25.603 		61.069
v 3.308 		26.065 		61.069
v 4.152 		26.603 		61.069
v 3.308 		26.065 		28.303
v 4.946 		27.212 		61.069
v -16.919 		33.784 		15.322
v 1.969 		23.92 		60.007
v -17.864 		33.282 		15.127
v -17.54 		33.886 		14.855
v 7.312 		39.395 		1.81
v 3.005 		24.349 		60.007
v 6.729 		39.447 		1.675
v 4 		24.867 		60.007
v -18.516 		33.495 		14.745
v 6.146 		39.395 		1.541
v 4.946 		25.469 		60.007
v 7.343 		38.849 		1.248
v 6.854 		38.893 		1.135
v -19.49 		35.011 		14
v -19.39 		35.498 		13.916
v 6.364 		38.849 		1.022
v 4.643 		23.753 		58.828
v 5.89 		38.718 		0.912
v 5.684 		24.415 		58.828
v -18.929 		34.276 		14.253
v 7.705 		38.114 		0.87
v -19.875 		34.141 		14.323
v 7.335 		38.216 		0.784
v -19.653 		34.554 		14.137
v -1.691 		27.58 		62.812
v 6.955 		38.25 		0.696
v -2.428 		27.548 		62.812
v -0.96 		27.676 		62.812
v 6.574 		38.216 		0.609
v -2.428 		26 		62.007
v -1.556 		26.038 		62.007
v -0.692 		26.152 		62.007
v 6.205 		38.114 		0.523
v -19.31 		32.625 		15.412
v 0.16 		26.341 		62.007
v -18.884 		33.015 		15.054
v -19.895 		33.015 		15.064
v 13.081 		38.216 		26.05
v -19.518 		33.359 		14.748
v -19.193 		33.784 		14.475
v 12.742 		38.849 		25.765
v 12.324 		39.395 		25.414
v 13.629 		38.25 		25.489
v 9.294 		37.446 		1.698
v 13.284 		38.893 		25.2
v 9.013 		37.859 		1.633
v 12.859 		39.447 		24.843
v 8.853 		37.125 		1.135
v -18.177 		40.229 		17.399
v -18.758 		40.432 		17.886
v 8.634 		37.446 		1.084
v -1.715 		34.434 		7.777
v -18.698 		40.164 		16.815
v 9.672 		36 		1.786
v 9.629 		36.502 		1.776
v -17.141 		39.447 		16.529
v 9.502 		36.989 		1.746
v -17.633 		39.897 		16.942
v 10.807 		38.216 		26.897
v 9.114 		36.391 		1.195
v 10.482 		38.641 		26.624
v 9.147 		36 		1.203
v -1.386 		34.556 		7.777
v 9.015 		36.77 		1.172
v -1.089 		34.723 		7.777
v -0.832 		34.928 		7.777
v -0.623 		35.166 		7.777
v 4.152 		26.603 		28.303
v 4.946 		27.212 		28.303
v 8.364 		37.724 		1.022
v 1.798 		26.937 		27.365
v 8.051 		37.949 		0.95
v 2.572 		27.34 		27.365
v 7.993 		37.179 		0.596
v -17.633 		32.103 		16.942
v -17.141 		32.553 		16.529
v 8.506 		36.267 		0.714
v 8.529 		36 		0.72
v 8.439 		36.526 		0.699
v 8.328 		36.77 		0.673
v 8.178 		36.989 		0.639
v 7.836 		36 		0.351
v 7.825 		36.136 		0.349
v -0.47 		35.43 		7.777
v 7.779 		37.333 		0.547
v -7.428 		54.66 		49.862
v -9.035 		54.153 		49.862
v -10.592 		53.509 		49.862
v 0.992 		26.603 		62.007
v -12.087 		52.73 		49.862
v 11.484 		38.505 		26.627
v -2.428 		24.528 		61.069
v -1.428 		24.572 		61.069
v -0.436 		24.703 		61.069
v -1.715 		32.766 		8.048
v 0.541 		24.919 		61.069
v -2.428 		32.717 		8.048
v 1.495 		25.22 		61.069
v -3.548 		48.807 		60.007
v -1.024 		32.915 		8.048
v -2.428 		48.856 		60.007
v 1.269 		33.75 		8.002
v -2.428 		26.979 		25.738
v -0.47 		27.116 		25.738
v 10.105 		38.985 		26.308
v -0.376 		33.156 		8.048
v 11.116 		38.985 		26.318
v 1.429 		27.523 		25.738
v 10.69 		39.375 		25.96
v 0.21 		33.485 		8.048
v -18.758 		31.568 		17.886
v 0.716 		33.889 		8.048
v -18.177 		31.771 		17.399
v -0.376 		26.689 		24.728
v -2.428 		26.546 		24.728
v 1.614 		27.116 		24.728
v 1.2432 		33.7574 		8.1712
v 1.1846 		33.8918 		8.1374
v -1.556 		26.038 		27.365
v -18.698 		31.836 		16.815
v -16.716 		33.107 		16.172
v -2.428 		26 		27.365
v -0.692 		26.152 		27.365
v 7.542 		37.446 		0.492
v 7.29 		37.516 		0.434
v 7.029 		37.539 		0.373
v -0.376 		26.689 		12.644
v -2.428 		26.546 		12.644
v 1.614 		27.116 		12.644
v -2.428 		26.979 		11.634
v -0.47 		27.116 		11.634
v 1.429 		27.523 		11.634
v -16.371 		33.75 		15.883
v -16.117 		34.461 		15.67
v -15.962 		35.219 		15.539
v -2.428 		27.686 		10.686
v -15.962 		36.781 		15.539
v -16.117 		37.539 		15.67
v -4.66 		48.66 		60.007
v -16.371 		38.25 		15.883
v -5.755 		48.418 		60.007
v -16.716 		38.893 		16.172
v -2.428 		50.142 		58.828
v -3.661 		50.088 		58.828
v -4.884 		49.927 		58.828
v -6.088 		49.66 		58.828
v -17.258 		38.849 		15.607
v -3.763 		51.263 		57.542
v -17.676 		39.395 		15.958
v -18.161 		39.838 		16.365
v -18.726 		39.662 		15.85
v -2.428 		51.321 		57.542
v -5.088 		51.088 		57.542
v 5.859 		37.949 		0.443
v 6.769 		37.516 		0.313
v -6.393 		50.799 		57.542
v 6.516 		37.446 		0.255
v 6.28 		37.333 		0.2
v 6.065 		37.179 		0.151
v -7.265 		49.289 		58.828
v -8.405 		48.817 		58.828
v -7.668 		50.397 		57.542
v -8.903 		49.885 		57.542
v -10.088 		49.268 		57.542
v 7.564 		36.599 		0.289
v 7.456 		36.677 		0.264
v 7.335 		36.734 		0.236
v -3.165 		44.42 		62.812
v 7.207 		36.77 		0.206
v -2.428 		44.452 		62.812
v -3.896 		44.324 		62.812
v 7.075 		36.781 		0.176
v -2.428 		46 		62.007
v -3.3 		45.962 		62.007
v 6.943 		36.77 		0.145
v -4.164 		45.848 		62.007
v 6.815 		36.734 		0.115
v -5.016 		45.659 		62.007
v -4.48 		45.311 		12.644
v -2.428 		45.454 		12.644
v -6.47 		44.884 		12.644
v -5.848 		45.397 		62.007
v 7.791 		36.267 		0.341
v 7.734 		36.391 		0.328
v 7.658 		36.502 		0.31
v 16.716 		39.447 		20.247
v -18.161 		32.162 		16.365
v 7.09 		36 		0.109
v 16.224 		39.897 		19.834
v -17.676 		32.605 		15.958
v 15.679 		40.229 		19.377
v -17.258 		33.151 		15.607
v -18.726 		32.338 		15.85
v 16.164 		40.164 		18.764
v 5.881 		36.989 		0.108
v 17.943 		38.216 		20.256
v 6.694 		36.677 		0.088
v 17.603 		38.849 		19.971
v 17.185 		39.395 		19.62
v 16.7 		39.838 		19.214
v -2.428 		45.021 		11.634
v -4.386 		44.884 		11.634
v 17.572 		39.239 		18.956
v -6.285 		44.477 		11.634
v 17.109 		39.662 		18.568
v -2.428 		44.314 		10.686
v 6.586 		36.599 		0.063
v -8.337 		44.188 		12.644
v 6.492 		36.502 		0.041
v -10.024 		43.242 		12.644
v 6.416 		36.391 		0.023
v 17.141 		33.107 		20.604
v 17.486 		33.75 		20.893
v 17.74 		34.461 		21.106
v 17.895 		35.219 		21.236
v 15.679 		31.771 		19.377
v 16.224 		32.103 		19.834
v 6.36 		36.267 		0.01
v 10.218 		39.662 		25.565
v 11.737 		39.239 		25.91
v 6.325 		36.136 		0.003
v 11.274 		39.662 		25.522
v 10.762 		39.974 		25.093
v 6.314 		36 		0
v 0.16 		26.341 		27.365
v 4.777 		40.164 		3.391
v 11.839 		39.838 		25.007
v 0.992 		26.603 		27.365
v 5.709 		40.164 		2.829
v 4.095 		39.838 		3.234
v 12.137 		36.677 		27.175
v 5.015 		39.974 		2.669
v -1.691 		27.58 		26.56
v 12.003 		37.333 		27.062
v 12.844 		36.734 		26.84
v 4.364 		39.662 		2.518
v -2.428 		27.548 		26.56
v 12.698 		37.446 		26.717
v 3.776 		39.239 		2.383
v -4.233 		44.188 		10.686
v -5.982 		43.812 		10.686
v 2.409 		22.711 		58.828
v 3.549 		23.183 		58.828
v 2.812 		21.603 		57.542
v -4.024 		43.242 		9.829
v 4.047 		22.115 		57.542
v -5.572 		42.911 		9.829
v 5.232 		22.732 		57.542
v -3.767 		42.077 		9.09
v -5.066 		41.799 		9.09
v 3.478 		39.395 		3.091
v -6.285 		41.344 		9.09
v 2.946 		38.849 		2.969
v -3.47 		40.727 		8.49
v -4.48 		40.511 		8.49
v 16.716 		32.553 		20.247
v 2.514 		38.216 		2.869
v -0.96 		27.676 		26.56
v -5.428 		40.157 		8.49
v 3.268 		38.718 		2.265
v -0.6048 		27.7291 		26.5731
v -0.8383 		27.703 		26.56
v -0.3801 		27.7778 		26.5738
v 2.856 		38.114 		2.17
v -0.2479 		27.8065 		26.5741
v -8.066 		43.812 		11.634
v -9.676 		42.911 		11.634
v -7.624 		43.2 		10.686
v 2.196 		37.516 		2.795
v 2.001 		36.77 		2.751
v -9.108 		42.369 		10.686
v -2.1339 		27.6004 		26.5436
v -2.4155 		27.5824 		26.546
v -2.428 		27.5816 		26.5461
v 1.936 		36 		2.735
v -1.6952 		27.6283 		26.5399
v -10.389 		41.344 		10.686
v -0.9625 		27.69 		26.5541
v -1.6777 		27.6297 		26.5403
v -0.9574 		27.6905 		26.5543
v -2.428 		47.472 		61.069
v -3.428 		47.428 		61.069
v -2.428 		24.528 		28.303
v -1.428 		24.572 		28.303
v -0.436 		24.703 		28.303
v -4.42 		47.297 		61.069
v -5.397 		47.081 		61.069
v -19.356 		40.5 		18.388
v -6.351 		46.78 		61.069
v -19.269 		40.364 		17.295
v -19.859 		40.432 		17.789
v -19.783 		40.164 		16.737
v -6.654 		45.063 		62.007
v -7.428 		44.66 		62.007
v 13.485 		36.77 		26.388
v 13.331 		37.516 		26.26
v -1.308 		23.193 		60.007
v 13.883 		37.539 		25.702
v 1.693 		36 		3.481
v 2.553 		37.446 		2.1
v 2.367 		36.734 		2.057
v 10.61 		36.502 		27.456
v 10.51 		36.989 		27.372
v 5.286 		39.662 		2.002
v 10.347 		37.446 		27.235
v 4.686 		39.375 		1.863
v 10.125 		37.859 		27.049
v 4.143 		38.985 		1.738
v -19.356 		31.5 		18.388
v 11.385 		36.599 		27.382
v -2.428 		23.144 		60.007
v 11.266 		37.179 		27.282
v -0.196 		23.34 		60.007
v 5.58 		39.239 		1.41
v 11.071 		37.724 		27.119
v 0.899 		23.582 		60.007
v 5.049 		38.985 		1.288
v -2.428 		21.858 		58.828
v -1.195 		21.912 		58.828
v 4.57 		38.641 		1.177
v 0.028 		22.073 		58.828
v 4.156 		38.216 		1.081
v 1.232 		22.34 		58.828
v 11.783 		37.949 		26.877
v -1.093 		20.737 		57.542
v -2.428 		20.679 		57.542
v 0.232 		20.912 		57.542
v 1.537 		21.201 		57.542
v 12.835 		37.335 		31.83
v 5.444 		38.505 		0.809
v 12.66 		38.66 		31.83
v 5.042 		38.216 		0.717
v 12.371 		39.965 		31.83
v 11.66 		37.233 		30.544
v 0.541 		24.919 		28.303
v 11.499 		38.456 		30.544
v -19.859 		31.568 		17.789
v 11.232 		39.66 		30.544
v -19.269 		31.636 		17.295
v 3.675 		38.505 		1.63
v 10.379 		37.12 		29.365
v -19.783 		31.836 		16.737
v -8.164 		44.192 		62.007
v 1.495 		25.22 		28.303
v 3.82 		37.724 		1.004
v 4.695 		37.859 		0.636
v 4.413 		37.446 		0.571
v 5.546 		37.724 		0.371
v 2.812 		21.603 		31.83
v 5.275 		37.446 		0.309
v -7.276 		46.397 		61.069
v -8.164 		45.935 		61.069
v 1.812 		20.175 		56.158
v -9.008 		45.397 		61.069
v 3.175 		20.605 		56.158
v -9.802 		44.788 		61.069
v 4.496 		21.152 		56.158
v -6.825 		48.08 		60.007
v -7.861 		47.651 		60.007
v 3.496 		19.724 		54.686
v -8.856 		47.133 		60.007
v 4.892 		20.302 		54.686
v -9.802 		46.531 		60.007
v -1 		19.679 		56.158
v -2.428 		19.617 		56.158
v 0.417 		19.866 		56.158
v -9.499 		48.247 		58.828
v -10.54 		47.585 		58.828
v -19.238 		39.974 		16.279
v -3.856 		52.321 		56.158
v -5.273 		52.134 		56.158
v -19.782 		39.662 		15.808
v -19.238 		32.026 		16.279
v -19.782 		32.338 		15.808
v -6.668 		51.825 		56.158
v -8.031 		51.395 		56.158
v 4.047 		22.115 		31.83
v -9.352 		50.848 		56.158
v -10.62 		50.188 		56.158
v 5.232 		22.732 		31.83
v -8.352 		52.276 		54.686
v -15.073 		40.164 		24.635
v -9.748 		51.698 		54.686
v -11.216 		48.55 		57.542
v 2.409 		22.711 		30.544
v 3.549 		23.183 		30.544
v -9.16 		40.432 		8.703
v -9.922 		40.5 		8.878
v -2.428 		20.679 		31.83
v -1.093 		20.737 		31.83
v 0.232 		20.912 		31.83
v 1.537 		21.201 		31.83
v -2.428 		21.858 		30.544
v -1.195 		21.912 		30.544
v 0.028 		22.073 		30.544
v 1.232 		22.34 		30.544
v -7.024 		42.369 		9.829
v -1.308 		23.193 		29.365
v -2.428 		23.144 		29.365
v -0.196 		23.34 		29.365
v 0.899 		23.582 		29.365
v -8.422 		40.229 		8.532
v -8.337 		41.634 		9.829
v 17.185 		32.605 		19.62
v -9.746 		40.432 		9.64
v 17.603 		33.151 		19.971
v -10.496 		40.364 		9.813
v 17.943 		33.784 		20.256
v -15.073 		31.836 		24.635
v -9.47 		40.727 		9.829
v 7.231 		19.27 		49.862
v 10.232 		38.232 		29.365
v -14.51 		40.229 		24.163
v 9.99 		39.327 		29.365
v -0.918 		18.745 		54.686
v 0.58 		18.943 		54.686
v 2.055 		19.27 		54.686
v -6.0705 		28.1888 		26.6468
v -6.1619 		28.2266 		26.6513
v 9.852 		38.216 		26.82
v 16.7 		32.162 		19.214
v 17.109 		32.338 		18.568
v 17.572 		32.761 		18.956
v 2.263 		18.491 		53.138
v 3.772 		18.967 		53.138
v -10.1577 		40.3144 		10.0208
v -10.4031 		40.2734 		10.1439
v -10.389 		40.2757 		10.1368
v -9.7753 		40.3781 		9.829
v 5.232 		19.572 		53.138
v 2.436 		17.847 		51.526
v 4 		18.34 		51.526
v 16.164 		31.836 		18.764
v 5.515 		18.967 		51.526
v -10.692 		45.848 		60.007
v -11.518 		45.09 		60.007
v -12.276 		44.264 		60.007
v 9.688 		39.239 		25.958
v -5.3452 		27.9849 		26.5999
v -5.3904 		27.9971 		26.6031
v 10.217 		40.164 		24.635
v -5.9949 		28.1597 		26.6456
v -5.9032 		28.1351 		26.6392
v 9.716 		39.838 		25.143
v -4.623 		27.8098 		26.5741
v -4.6384 		27.8136 		26.5747
v 8.728 		38.114 		26.464
v 9.536 		38.505 		26.554
v -10.389 		30.656 		26.686
v 9.186 		38.718 		26.261
v -10.62 		30.264 		27.365
v -7.386 		40.727 		9.09
v -10.4734 		31.355 		26.9958
v -8.996 		40.364 		9.467
v -8.8613 		40.327 		9.4359
v -8.8811 		40.3315 		9.4449
v -10.389 		31.2458 		26.9892
v -10.0888 		30.8575 		26.9659
v -10.2553 		31.0729 		26.9789
v -9.9613 		30.7253 		26.9468
v -8.3947 		40.2018 		9.2149
v -8.337 		40.1863 		9.1876
v 10.217 		31.836 		24.635
v -9.382 		30.1648 		26.8854
v -9.6597 		30.4335 		26.9148
v -8.2952 		40.1751 		9.1678
v -8.1581 		40.1091 		9.09
v -9.1868 		29.9883 		26.8725
v -8.9903 		40.3556 		9.4984
v -8.9674 		40.3506 		9.4872
v -9.5777 		40.3811 		9.7489
v -9.392 		40.373 		9.6697
v -9.7081 		40.3868 		9.8045
v -9.676 		29.089 		25.738
v -8.066 		28.188 		25.738
v 15.099 		40.432 		18.89
v -10.024 		28.758 		24.728
v -8.337 		27.812 		24.728
v -6.285 		39.677 		8.49
v -11.518 		46.834 		58.828
v -12.428 		46 		58.828
v -13.262 		45.09 		58.828
v 11.302 		40.164 		24.557
v 10.731 		40.364 		24.077
v -12.276 		47.736 		57.542
v 10.141 		40.432 		23.583
v -13.262 		46.834 		57.542
v 11.823 		40.229 		23.973
v -14.164 		45.848 		57.542
v 11.242 		40.432 		23.486
v 10.644 		40.5 		22.984
v 5.056 		37.125 		0.258
v -14.978 		44.788 		57.542
v 8.438 		38.216 		26.221
v -11.825 		49.42 		56.158
v 8.813 		38.849 		25.948
v -12.959 		48.55 		56.158
v -11.088 		51 		54.686
v 10.045 		40.432 		22.482
v -12.363 		50.188 		54.686
v -13.561 		49.268 		54.686
v 9.243 		39.395 		25.585
v 2.572 		17.34 		49.862
v 4.179 		17.847 		49.862
v 5.736 		18.491 		49.862
v 12.367 		39.897 		24.43
v 7.338 		38.844 		26.686
v -0.848 		17.943 		53.138
v 0.72 		18.149 		53.138
v -0.79 		17.278 		51.526
v 0.836 		17.492 		51.526
v 9.654 		40.229 		24.163
v -0.744 		16.755 		49.862
v -14.997 		40.432 		23.583
v 0.927 		16.975 		49.862
v -15.587 		40.364 		24.077
v -16.158 		40.164 		24.557
v 8.1879 		38.2444 		26.0102
v 8.428 		38.893 		25.625
v 8.2832 		38.5708 		25.7974
v -15.5 		40.5 		22.984
v 8.3106 		38.6596 		25.738
v -16.098 		40.432 		23.486
v -16.679 		40.229 		23.973
v 16.08 		29.264 		48.159
v -14.013 		47.585 		56.158
v 8.784 		39.447 		25.2
v -14.978 		46.531 		56.158
v -15.848 		45.397 		56.158
v -16.616 		44.192 		56.158
v -14.675 		48.247 		54.686
v 9.197 		39.897 		24.708
v -14.901 		40.432 		22.482
v -15.696 		47.133 		54.686
v -16.616 		45.935 		54.686
v 16.597 		30.902 		48.159
v 8.168 		39.085 		25.738
v 16.969 		32.58 		48.159
v -10.54 		27.888 		28.303
v 4.205 		36.989 		0.523
v 4.078 		36.502 		0.494
v -6.3966 		38.6904 		8.3044
v -6.3654 		38.6432 		8.2895
v -6.5208 		38.8782 		8.3639
v 17.193 		34.283 		48.159
v -17.223 		39.897 		24.43
v -9.108 		29.631 		26.686
v -10.088 		29.572 		27.365
v -7.73 		39.897 		8.372
v -9.499 		28.929 		27.365
v -8.856 		28.34 		27.365
v -19.955 		40.432 		18.89
v -8.164 		27.808 		27.365
v -14.51 		31.771 		24.163
v -8.954 		29.7778 		26.8571
v 4.035 		36 		0.484
v -9.0377 		29.8535 		26.8626
v -7.624 		28.8 		26.686
v 4.895 		36.77 		0.221
v -8.7786 		29.6494 		26.8349
v 4.796 		36.391 		0.198
v 4.762 		36 		0.19
v 5.731 		36.77 		0.074
v 5.62 		36.526 		0.048
v 5.553 		36.267 		0.032
v 5.53 		36 		0.027
v -17.223 		32.103 		24.43
v 8.3394 		38.8829 		25.5507
v 8.4184 		39.1583 		25.2412
v 8.3925 		39.0679 		25.3427
v 2.304 		36 		2.043
v 3.296 		37.949 		1.542
v -7.103 		39.447 		8.228
v 3.016 		37.333 		1.478
v 2.845 		36.677 		1.438
v 2.787 		36 		1.425
v 3.573 		37.179 		0.947
v 8.4577 		39.41 		24.9257
v 3.421 		36.599 		0.912
v 3.37 		36 		0.9
v 8.5047 		39.5293 		24.728
v 9.873 		34.051 		3.061
v 10.153 		34.667 		3.125
v 10.324 		35.323 		3.165
v -7.0391 		39.422 		8.5984
v -6.8518 		39.2229 		8.49
v -7.3032 		39.6151 		8.7241
v -7.1097 		39.4736 		8.632
v 9.885 		34.821 		2.404
v -7.6352 		39.8579 		8.882
v -7.8337 		39.9535 		8.961
v 10.037 		35.401 		2.439
v 8.653 		38.969 		28.303
v -8.1288 		29.2061 		26.7766
v -8.3405 		29.3505 		26.7957
v -6.8391 		39.2097 		8.4851
v 15.099 		31.568 		18.89
v 8.352 		39.923 		28.303
v 12.367 		32.103 		24.43
v 16.294 		29.186 		46.429
v 16.817 		30.843 		46.429
v -3.141 		39.234 		8.048
v 17.193 		32.54 		46.429
v 17.42 		34.264 		46.429
v 7.231 		38.588 		27.365
v -3.832 		39.085 		8.048
v -6.125 		38.25 		8.002
v 6.969 		39.42 		27.365
v -16.158 		31.836 		24.557
v -15.587 		31.636 		24.077
v -14.997 		31.568 		23.583
v 17.268 		32.527 		44.686
v -16.679 		31.771 		23.973
v -7.5816 		28.8588 		26.7466
v 17.496 		34.257 		44.686
v -7.6496 		28.902 		26.7503
v -7.6789 		28.9205 		26.752
v -16.098 		31.568 		23.486
v -7.4683 		28.8014 		26.7343
v 17.193 		32.54 		42.943
v -15.5 		31.5 		22.984
v 17.42 		34.264 		42.943
v 16.969 		32.58 		41.213
v 17.193 		34.283 		41.213
v -6.8259 		28.5025 		26.686
v -6.9009 		28.5374 		26.6916
v -6.7706 		28.4781 		26.6813
v -14.901 		31.568 		22.482
v 16.366 		29.16 		44.686
v 16.891 		30.824 		44.686
v 16.294 		29.186 		42.943
v 16.817 		30.843 		42.943
v 6.809 		38.4751 		27.1377
v 16.08 		29.264 		41.213
v 16.597 		30.902 		41.213
v 6.4785 		39.2416 		27.0934
v 6.7436 		38.6741 		27.1363
v 14.629 		26.152 		48.159
v 6.745 		38.671 		27.1366
v 15.423 		27.676 		48.159
v 14.827 		26.038 		46.429
v -4.48 		38.844 		8.048
v 6.4028 		39.3895 		27.0866
v 6.1177 		39.9471 		27.0607
v 6.3599 		39.4733 		27.0827
v 15.629 		27.58 		46.429
v 6.0985 		39.9759 		27.0572
v 14.893 		26 		44.686
v 15.698 		27.548 		44.686
v 14.827 		26.038 		42.943
v -19.955 		31.568 		18.89
v 15.629 		27.58 		42.943
v 14.629 		26.152 		41.213
v 15.423 		27.676 		41.213
v 9.638 		34.276 		2.347
v 16.597 		32.645 		39.51
v 16.817 		34.316 		39.51
v 16.08 		32.736 		37.846
v 16.294 		34.362 		37.846
v 7.834 		32.026 		3.319
v 8.484 		32.338 		3.47
v 15.081 		27.836 		39.51
v 15.725 		29.393 		39.51
v 16.232 		31 		39.51
v 14.605 		28.057 		37.846
v 15.232 		29.572 		37.846
v 15.725 		31.136 		37.846
v 7.883 		32.338 		2.601
v 8.483 		32.625 		2.74
v 9.025 		33.015 		2.865
v 14 		28.34 		36.234
v 9.493 		33.495 		2.973
v 14.605 		29.8 		36.234
v 15.081 		31.309 		36.234
v 15.423 		32.852 		36.234
v 15.629 		34.42 		36.234
v -14.418 		38.849 		4.496
v 9.631 		37.125 		27.222
v 14.302 		31.517 		34.686
v 14.629 		32.992 		34.686
v -17.428 		44.66 		54.686
v 9.836 		36.391 		27.394
v -5.066 		38.515 		8.048
v 9.758 		36.77 		27.329
v -5.572 		38.111 		8.048
v -11.491 		51.698 		53.138
v 8.683 		37.179 		26.859
v -12.825 		50.848 		53.138
v 8.515 		37.333 		26.718
v -14.079 		49.885 		53.138
v -11.825 		52.276 		51.526
v 9.459 		37.446 		27.077
v -14.418 		33.151 		4.496
v -13.208 		51.395 		51.526
v -14.508 		50.397 		51.526
v 9.247 		37.724 		26.899
v 9 		37.949 		26.693
v -13.509 		51.825 		49.862
v -9.633 		40.164 		3.391
v 10.141 		31.568 		23.583
v -10.565 		40.164 		2.829
v 10.731 		31.636 		24.077
v -15.245 		48.817 		53.138
v -15.717 		49.289 		51.526
v -7.37 		38.216 		2.869
v -7.802 		38.849 		2.969
v -8.334 		39.395 		3.091
v -7.712 		38.114 		2.17
v -14.692 		35.609 		27.394
v -8.124 		38.718 		2.265
v -14.614 		35.23 		27.329
v -14.846 		50.799 		49.862
v -16.088 		49.66 		49.862
v -14.487 		34.875 		27.222
v -17.227 		48.418 		49.862
v -8.951 		39.838 		3.234
v -8.632 		39.239 		2.383
v -6.0992 		38.2426 		8.1712
v -6.0406 		38.1082 		8.1374
v -9.22 		39.662 		2.518
v 8.408 		33.015 		2.063
v -16.313 		47.651 		53.138
v -9.871 		39.974 		2.669
v 8.888 		33.359 		2.174
v -17.276 		46.397 		53.138
v 9.302 		33.784 		2.269
v -18.126 		45.063 		53.138
v 11.302 		31.836 		24.557
v 10.644 		31.5 		22.984
v 11.242 		31.568 		23.486
v 11.823 		31.771 		23.973
v -6.857 		36.77 		2.751
v -6.792 		36 		2.735
v -2.79 		37.642 		7.777
v 9.087 		36.267 		27.198
v 5.925 		32.162 		2.149
v 9.033 		36.526 		27.153
v -3.141 		37.566 		7.777
v 8.947 		36.77 		27.08
v 6.584 		32.103 		2.301
v 7.244 		32.162 		2.454
v 10.045 		31.568 		22.482
v 8.385 		36.136 		26.874
v 8.358 		36.267 		26.851
v 9.502 		35.011 		1.746
v 8.313 		36.391 		26.814
v 9.629 		35.498 		1.776
v 9.015 		35.23 		1.172
v 8.829 		36.989 		26.981
v 9.114 		35.609 		1.195
v 9.013 		34.141 		1.633
v 8.254 		36.502 		26.764
v -13.241 		35.864 		26.874
v 9.654 		31.771 		24.163
v 8.18 		36.599 		26.702
v -13.214 		35.733 		26.851
v 8.094 		36.677 		26.63
v -13.169 		35.609 		26.814
v -13.685 		35.011 		26.981
v -7.052 		37.516 		2.795
v 8.329 		37.446 		26.562
v -13.961 		36 		27.213
v -13.943 		35.733 		27.198
v -13.889 		35.474 		27.153
v 7.806 		37.444 		26.686
v -13.803 		35.23 		27.08
v -3.47 		37.444 		7.777
v -3.767 		37.277 		7.777
v -4.024 		37.072 		7.777
v -13.539 		34.821 		26.859
v -4.233 		36.834 		7.777
v -13.371 		34.667 		26.718
v -14.315 		34.554 		27.077
v 8.0172 		36.1171 		26.6152
v 8.0172 		36.1169 		26.6152
v -14.103 		34.276 		26.899
v 8.0144 		36.1832 		26.6105
v 8.0121 		36.2606 		26.6039
v 8.0098 		36.3614 		26.5945
v 8.0076 		36.5065 		26.5799
v -13.856 		34.051 		26.693
v 8.0056 		36.7306 		26.5557
v 8.0076 		36.7504 		26.5512
v 8.13 		37.516 		26.395
v 8.0734 		37.3331 		26.4124
v 9.294 		34.554 		1.698
v 8.0179 		36.8414 		26.5296
v 8.0916 		37.484 		26.3751
v 8.634 		34.554 		1.084
v 8.853 		34.875 		1.135
v -4.386 		36.57 		7.777
v 8.178 		35.011 		0.639
v 8.328 		35.23 		0.673
v -16.825 		48.08 		51.526
v -5.802 		37.539 		7.927
v 8.439 		35.474 		0.699
v -17.823 		46.78 		51.526
v 8.506 		35.733 		0.714
v -18.704 		45.397 		51.526
v -7.223 		36.734 		2.057
v -7.409 		37.446 		2.1
v -18.253 		47.081 		49.862
v 7.825 		35.864 		0.349
v -8.531 		38.505 		1.63
v -3.024 		42.814 		63.48
v 8.051 		34.051 		0.95
v -3.616 		42.736 		63.48
v 8.364 		34.276 		1.022
v -8.999 		38.985 		1.738
v -4.198 		42.607 		63.48
v 7.993 		34.821 		0.596
v -9.542 		39.375 		1.863
v -10.142 		39.662 		2.002
v -4.768 		42.428 		63.48
v -9.012 		38.216 		1.081
v -5.319 		42.2 		63.48
v -9.426 		38.641 		1.177
v -4.616 		44.164 		62.812
v 7.658 		35.498 		0.31
v 7.734 		35.609 		0.328
v -5.319 		43.943 		62.812
v -9.905 		38.985 		1.288
v 7.791 		35.733 		0.341
v -6 		43.66 		62.812
v -10.436 		39.239 		1.41
v -9.898 		38.216 		0.717
v -10.3 		38.505 		0.809
v -2.879 		41.157 		64.005
v -3.327 		41.098 		64.005
v 6.815 		35.266 		0.115
v -3.768 		41 		64.005
v 6.943 		35.23 		0.145
v -4.198 		40.864 		64.005
v 7.075 		35.219 		0.176
v 7.207 		35.23 		0.206
v -7.16 		36 		2.043
v -7.701 		36.677 		1.438
v -7.643 		36 		1.425
v -7.872 		37.333 		1.478
v 7.335 		35.266 		0.236
v 7.456 		35.323 		0.264
v -8.152 		37.949 		1.542
v -4.616 		40.691 		64.005
v -5.016 		40.483 		64.005
v 7.564 		35.401 		0.289
v -8.226 		36 		0.9
v -8.277 		36.599 		0.912
v -5.397 		40.24 		64.005
v -8.429 		37.179 		0.947
v -5.848 		41.924 		63.48
v -6.351 		41.603 		63.48
v 5.881 		35.011 		0.108
v -6.654 		43.32 		62.812
v -7.276 		42.924 		62.812
v 6.325 		35.864 		0.003
v -8.676 		37.724 		1.004
v 6.36 		35.733 		0.01
v -7.861 		42.475 		62.812
v 6.416 		35.609 		0.023
v -9.269 		37.446 		0.571
v 6.492 		35.498 		0.041
v -9.551 		37.859 		0.636
v 6.586 		35.401 		0.063
v -9.912 		37.125 		0.258
v 6.694 		35.323 		0.088
v -10.131 		37.446 		0.309
v -10.402 		37.724 		0.371
v 7.029 		34.461 		0.373
v -8.856 		43.66 		62.007
v -8.891 		36 		0.484
v -8.934 		36.502 		0.494
v 7.29 		34.484 		0.434
v -9.499 		43.071 		62.007
v 7.542 		34.554 		0.492
v -10.088 		42.428 		62.007
v 7.779 		34.667 		0.547
v -9.061 		36.989 		0.523
v -9.618 		36 		0.19
v -9.652 		36.391 		0.198
v -6.825 		41.24 		63.48
v -9.751 		36.77 		0.221
v -7.265 		40.837 		63.48
v 8.0201 		36.0577 		26.619
v -7.668 		40.397 		63.48
v 8.0915 		37.5203 		26.3626
v -8.405 		41.977 		62.812
v 14.827 		34.49 		34.686
v -10.409 		36.267 		0.032
v -8.903 		41.433 		62.812
v -10.386 		36 		0.027
v -10.476 		36.526 		0.048
v -9.352 		40.848 		62.812
v -9.748 		40.226 		62.812
v -10.587 		36.77 		0.074
v 14.302 		26.341 		39.51
v -5.8857 		37.7521 		8.048
v 8.134 		37.8394 		26.2073
v 13.706 		24.703 		48.159
v 13.893 		24.572 		46.429
v -13.11 		35.498 		26.764
v -13.036 		35.401 		26.702
v -12.95 		35.323 		26.63
v 8.869 		19.866 		48.159
v 10.232 		20.912 		48.159
v 11.499 		22.073 		48.159
v 12.66 		23.34 		48.159
v 9 		19.679 		46.429
v -13.185 		34.554 		26.562
v 10.379 		20.737 		46.429
v 11.66 		21.912 		46.429
v 12.835 		23.193 		46.429
v -12.662 		34.556 		26.686
v -11.28 		40.229 		2.994
v -11.996 		40.164 		3.159
v 13.955 		24.528 		44.686
v 13.893 		24.572 		42.943
v -10.62 		41.736 		62.007
v -10.781 		39.838 		2.149
v -11.44 		39.897 		2.301
v 13.706 		24.703 		41.213
v -12.1 		39.838 		2.454
v -10.54 		44.112 		61.069
v 9.092 		40.164 		23.691
v 9.552 		40.364 		23.088
v -2.731 		39.46 		64.382
v 8.98 		40.164 		22.608
v -3.031 		39.42 		64.382
v -12.69 		39.974 		3.319
v 9.465 		40.229 		21.995
v -3.327 		39.355 		64.382
v -13.34 		39.662 		3.47
v -3.616 		39.264 		64.382
v -3.896 		39.148 		64.382
v 7.964 		40.8 		23.686
v 6.765 		42.171 		23.686
v 9 		37 		28.303
v -5.604 		36.781 		7.881
v 8.869 		37.992 		28.303
v -12.739 		39.662 		2.601
v -13.339 		39.375 		2.74
v -12.8732 		35.8829 		26.6152
v -12.8732 		35.8831 		26.6152
v -13.881 		38.985 		2.865
v -12.8704 		35.8168 		26.6105
v -12.8681 		35.7394 		26.6039
v -4.164 		39.008 		64.382
v -12.8658 		35.6386 		26.5945
v -5.7981 		37.5571 		8.0195
v -12.8636 		35.4936 		26.5799
v -14.349 		38.505 		2.973
v -12.8616 		35.2694 		26.5557
v -4.42 		38.845 		64.382
v -12.8636 		35.2496 		26.5512
v -12.986 		34.484 		26.395
v -12.9294 		34.6669 		26.4124
v -12.8739 		35.1586 		26.5296
v -12.9476 		34.516 		26.3751
v 7.534 		36.872 		27.365
v -5.537 		36 		7.866
v -4.66 		38.66 		64.382
v 7.42 		37.736 		27.365
v -5.7677 		37.4533 		8.0084
v -5.6349 		36.9337 		7.9552
v -4.884 		38.456 		64.382
v -5.7888 		37.5363 		8.0169
v -5.7814 		37.5073 		8.0139
v -5.088 		38.232 		64.382
v 7.1803 		36.841 		27.1803
v 7.1998 		36.6031 		27.1851
v 7.2362 		36.1566 		27.1939
v -5.755 		39.965 		64.005
v -5.5903 		36.7204 		7.9401
v -5.5679 		36.4426 		7.9251
v -5.5952 		36.7801 		7.9434
v -5.6023 		36.8075 		7.9455
v -6.088 		39.66 		64.005
v -4.48 		36.289 		7.777
v 7.1201 		37.347 		27.1837
v 7.1605 		37.0079 		27.1814
v -6.393 		39.327 		64.005
v 7.0403 		37.6692 		27.1644
v -5.5561 		36.304 		7.9215
v -12.8761 		35.9423 		26.619
v -12.9475 		34.4797 		26.3626
v -12.99 		34.1606 		26.2073
v 6.9487 		37.9884 		27.1539
v 6.9878 		37.852 		27.1584
v -2.58 		37.736 		64.61
v -2.731 		37.717 		64.61
v -2.879 		37.684 		64.61
v -13.264 		38.985 		2.063
v -3.024 		37.638 		64.61
v -3.165 		37.58 		64.61
v -3.3 		37.51 		64.61
v -13.744 		38.641 		2.174
v -3.428 		37.428 		64.61
v -14.158 		38.216 		2.269
v -13.856 		35 		28.303
v 5.859 		34.051 		0.443
v -11.002 		39.395 		1.541
v 6.065 		34.821 		0.151
v 6.28 		34.667 		0.2
v 4.82 		42.911 		25.738
v 6.516 		34.554 		0.255
v 3.21 		43.812 		25.738
v 6.769 		34.484 		0.313
v 5.168 		43.242 		24.728
v 3.481 		44.188 		24.728
v -11.585 		39.447 		1.675
v -12.168 		39.395 		1.81
v -11.71 		38.893 		1.135
v 10.428 		20.679 		44.686
v -12.199 		38.849 		1.248
v 7.878 		32.761 		1.94
v 11.714 		21.858 		44.686
v 7.818 		33.282 		1.357
v 8.263 		33.495 		1.46
v 12.893 		23.144 		44.686
v 8.665 		33.784 		1.553
v 10.379 		20.737 		42.943
v 8.679 		39.838 		24.273
v 5.684 		44.112 		28.303
v 6.146 		32.605 		1.541
v 6.729 		32.553 		1.675
v 4.252 		42.369 		26.686
v 7.312 		32.605 		1.81
v 5.232 		42.428 		27.365
v 6.854 		33.107 		1.135
v 7.343 		33.151 		1.248
v 4.643 		43.071 		27.365
v 5.89 		33.282 		0.912
v 6.364 		33.151 		1.022
v 6.205 		33.886 		0.523
v -3.548 		37.335 		64.61
v -10.746 		38.718 		0.912
v -3.661 		37.233 		64.61
v -3.763 		37.12 		64.61
v -11.22 		38.849 		1.022
v 6.574 		33.784 		0.609
v 11.66 		21.912 		42.943
v 6.955 		33.75 		0.696
v -11.061 		38.114 		0.523
v 12.835 		23.193 		42.943
v 7.335 		33.784 		0.784
v -11.43 		38.216 		0.609
v -11.811 		38.25 		0.696
v -12.191 		38.216 		0.784
v -13.725 		34.008 		28.303
v -12.561 		38.114 		0.87
v 8.4933 		39.605 		24.5581
v -12.39 		35.128 		27.365
v 8.4911 		39.6423 		24.4563
v 8.546 		39.974 		23.234
v -12.276 		34.264 		27.365
v -3.856 		37 		64.61
v -3.938 		36.872 		64.61
v -4.008 		36.737 		64.61
v -4.066 		36.596 		64.61
v -12.0363 		35.159 		27.1803
v -12.0558 		35.3969 		27.1851
v -4.112 		36.451 		64.61
v -12.0922 		35.8434 		27.1939
v -4.145 		36.303 		64.61
v -12.734 		39.239 		1.94
v -4.164 		36.152 		64.61
v -4.171 		36 		64.61
v -12.674 		38.718 		1.357
v -13.119 		38.505 		1.46
v -11.9761 		34.653 		27.1837
v -12.0165 		34.9921 		27.1814
v -13.521 		38.216 		1.553
v -11.8963 		34.3308 		27.1644
v -11.8047 		34.0116 		27.1539
v -11.8438 		34.148 		27.1584
v -5.273 		37.992 		64.382
v -10.715 		37.949 		0.443
v -5.436 		37.736 		64.382
v -14.708 		33.784 		26.82
v -5.576 		37.468 		64.382
v -5.692 		37.188 		64.382
v -10.921 		37.179 		0.151
v -11.136 		37.333 		0.2
v -11.372 		37.446 		0.255
v -14.544 		32.761 		25.958
v -14.572 		32.162 		25.143
v -5.783 		36.899 		64.382
v -5.848 		36.603 		64.382
v -13.584 		33.886 		26.464
v -5.888 		36.303 		64.382
v -14.392 		33.495 		26.554
v -14.042 		33.282 		26.261
v -5.901 		36 		64.382
v 4 		43.66 		27.365
v -6.668 		38.969 		64.005
v -6.911 		38.588 		64.005
v -5.5303 		36 		7.9136
v -4.512 		36 		7.777
v -13.294 		33.784 		26.221
v -7.119 		38.188 		64.005
v -13.669 		33.151 		25.948
v 8.92 		39.897 		21.538
v -8.031 		39.923 		63.48
v -8.352 		39.42 		63.48
v 8.4835 		39.7696 		24.1089
v -14.099 		32.605 		25.585
v 8.5085 		39.8657 		23.686
v -8.628 		38.891 		63.48
v -8.856 		38.34 		63.48
v -10.088 		39.572 		62.812
v -10.371 		38.891 		62.812
v -10.592 		38.188 		62.812
v -12.194 		33.156 		26.686
v 8.7524 		39.447 		20.7384
v -7.292 		37.77 		64.005
v -6.563 		38.893 		8.103
v 4.0981 		42.2222 		26.8571
v 4.1817 		42.1466 		26.8626
v 2.768 		43.2 		26.686
v 3.9227 		42.3507 		26.8349
v -11.481 		42.077 		12.644
v -7.428 		37.34 		64.005
v -7.526 		36.899 		64.005
v -12.662 		40.727 		12.644
v -7.585 		36.451 		64.005
v -7.604 		36 		64.005
v -9.035 		37.77 		63.48
v -9.164 		37.188 		63.48
v -9.242 		36.596 		63.48
v -9.268 		36 		63.48
v 3.2728 		42.7939 		26.7766
v 3.4845 		42.6495 		26.7957
v -11.088 		41 		62.007
v -11.491 		40.226 		62.007
v -11.625 		37.516 		0.313
v -13.0439 		33.7556 		26.0102
v -13.284 		33.107 		25.625
v -13.1392 		33.4292 		25.7974
v 7.705 		33.886 		0.87
v -11.216 		43.374 		61.069
v -11.825 		42.58 		61.069
v -12.363 		41.736 		61.069
v -11.885 		37.539 		0.373
v -12.825 		40.848 		61.069
v -12.146 		37.516 		0.434
v 6.424 		31.771 		2.994
v -12.398 		37.446 		0.492
v -12.959 		43.374 		60.007
v -12.635 		37.333 		0.547
v 7.14 		31.836 		3.159
v -13.561 		42.428 		60.007
v -14.079 		41.433 		60.007
v -14.508 		40.397 		60.007
v 2.001 		35.23 		2.751
v 2.196 		34.484 		2.795
v -14.013 		44.112 		58.828
v -14.675 		43.071 		58.828
v -13.1666 		33.3404 		25.738
v 10.232 		20.912 		41.213
v 11.499 		22.073 		41.213
v 2.7256 		43.1412 		26.7466
v 12.66 		23.34 		41.213
v 2.7936 		43.098 		26.7503
v 2.8229 		43.0795 		26.752
v 2.6123 		43.1986 		26.7343
v -15.245 		41.977 		58.828
v -13.533 		39.234 		12.644
v -15.717 		40.837 		58.828
v -13.64 		32.553 		25.2
v -15.696 		43.66 		57.542
v 9.044 		19.617 		44.686
v -16.313 		42.475 		57.542
v 9 		19.679 		42.943
v -16.825 		41.24 		57.542
v 1.9699 		43.4975 		26.686
v 2.0449 		43.4626 		26.6916
v 8.869 		19.866 		41.213
v -14.053 		32.103 		24.708
v 1.9146 		43.5219 		26.6813
v 13.706 		33.155 		33.214
v -10.752 		37.468 		62.812
v 13.893 		34.572 		33.214
v -10.848 		36.737 		62.812
v -14.066 		37.642 		12.644
v -14.246 		36 		12.644
v -11.422 		40.229 		9.225
v 5.533 		41.344 		26.686
v -12.114 		39.897 		9.384
v -10.88 		36 		62.812
v 13.27 		28.68 		34.686
v -11.825 		39.42 		62.007
v 5.6174 		40.645 		26.9958
v -12.087 		38.588 		62.007
v 13.848 		30.076 		34.686
v -13.024 		32.915 		25.738
v -12.276 		37.736 		62.007
v 11.76 		27.808 		33.214
v 12.42 		29.076 		33.214
v 5.533 		40.7542 		26.9892
v 5.2328 		41.1425 		26.9659
v 5.3993 		40.9271 		26.9789
v -12.39 		36.872 		62.007
v 5.1053 		41.2747 		26.9468
v -12.428 		36 		62.007
v -12.74 		39.447 		9.529
v -13.281 		38.893 		9.654
v 4.526 		41.8352 		26.8854
v 4.8037 		41.5665 		26.9148
v 2.367 		35.266 		2.057
v 2.553 		34.554 		2.1
v 4.3308 		42.0117 		26.8725
v 8.4894 		39.8985 		22.6364
v 1.2145 		43.8112 		26.6468
v 1.306 		43.7734 		26.6513
v 8.5035 		39.8742 		22.2079
v 8.5192 		39.8473 		22.0601
v -10.737 		36.989 		0.108
v 8.6396 		39.6406 		21.3026
v -11.181 		36.136 		0.003
v -11.216 		36.267 		0.01
v -11.272 		36.391 		0.023
v 0.4892 		44.0151 		26.5999
v 0.5344 		44.0029 		26.6031
v -11.348 		36.502 		0.041
v 8.4785 		39.9171 		23.3466
v -11.442 		36.599 		0.063
v 8.4718 		39.9287 		23.1715
v 1.1389 		43.8403 		26.6456
v 1.0472 		43.865 		26.6392
v 4.095 		32.162 		3.234
v -13.1954 		33.1171 		25.5507
v -13.2743 		32.8417 		25.2412
v -13.2485 		32.9321 		25.3427
v 9.404 		37.539 		17.8828
v 9.39 		37.667 		17.9923
v -0.233 		44.1902 		26.5741
v 9.4415 		37.1952 		17.6954
v -0.2176 		44.1865 		26.5747
v 3.776 		32.761 		2.383
v 4.364 		32.338 		2.518
v 12.967 		30.397 		33.214
v 5.015 		32.026 		2.669
v 13.397 		31.76 		33.214
v -3.763 		51.263 		31.83
v -11.066 		41.799 		11.634
v -5.088 		51.088 		31.83
v -6.393 		50.799 		31.83
v -3.661 		50.088 		30.544
v 13.397 		24.919 		39.51
v -11.55 		36.677 		0.088
v -4.884 		49.927 		30.544
v -6.088 		49.66 		30.544
v 11.969 		23.92 		37.846
v 12.967 		25.22 		37.846
v -3.548 		48.807 		29.365
v -4.66 		48.66 		29.365
v -5.755 		48.418 		29.365
v -11.671 		36.734 		0.115
v -13.3137 		32.5901 		24.9257
v -13.3607 		32.4707 		24.728
v -11.799 		36.77 		0.145
v -11.931 		36.781 		0.176
v -7.668 		50.397 		31.83
v 2.514 		33.784 		2.869
v 13.848 		26.603 		37.846
v -8.903 		49.885 		31.83
v 2.946 		33.151 		2.969
v -10.088 		49.268 		31.83
v -12.063 		36.77 		0.206
v 9.99 		21.201 		39.51
v -7.265 		49.289 		30.544
v -12.191 		36.734 		0.236
v -8.405 		48.817 		30.544
v 11.232 		22.34 		39.51
v -12.312 		36.677 		0.264
v 12.371 		23.582 		39.51
v -12.42 		36.599 		0.289
v 10.861 		22.711 		37.846
v -3.428 		47.428 		28.303
v -10.683 		40.432 		9.054
v -12.514 		36.502 		0.31
v -4.42 		47.297 		28.303
v -12.59 		36.391 		0.328
v -5.397 		47.081 		28.303
v -12.647 		36.267 		0.341
v -6.351 		46.78 		28.303
v -12.522 		39.395 		10.281
v 3.478 		32.605 		3.091
v 2.856 		33.886 		2.17
v -13.054 		38.849 		10.403
v 3.268 		33.282 		2.265
v -4.386 		44.884 		25.738
v -13.486 		38.216 		10.503
v -6.285 		44.477 		25.738
v -4.48 		45.311 		24.728
v -6.47 		44.884 		24.728
v 8.653 		20.175 		39.51
v 6.969 		19.724 		37.846
v -3.3 		45.962 		27.365
v 8.352 		20.605 		37.846
v -4.164 		45.848 		27.365
v 9.652 		21.603 		37.846
v -13.869 		37.859 		1.633
v -5.016 		45.659 		27.365
v -14.15 		37.446 		1.698
v 11.457 		24.349 		36.234
v -5.848 		45.397 		27.365
v -13.49 		37.446 		1.084
v -13.208 		39.923 		61.069
v -13.709 		37.125 		1.135
v -13.509 		38.969 		61.069
v 8.9788 		38.893 		19.6052
v 8.848 		39.283 		20.3689
v -14.358 		36.989 		1.746
v -13.725 		37.992 		61.069
v -13.856 		37 		61.069
v -13.9 		36 		61.069
v 4.078 		35.498 		0.494
v 4.205 		35.011 		0.523
v 4.796 		35.609 		0.198
v 9.1945 		38.25 		18.6481
v 4.895 		35.23 		0.221
v -13.871 		36.77 		1.172
v -13.97 		36.391 		1.195
v 5.553 		35.733 		0.032
v 3.572 		44.314 		23.686
v 5.62 		35.474 		0.048
v 1.676 		45.021 		23.686
v 12.42 		25.603 		36.234
v 13.27 		26.937 		36.234
v -12.907 		37.949 		0.95
v -13.22 		37.724 		1.022
v -12.849 		37.179 		0.596
v 10.84 		24.867 		34.686
v 11.76 		26.065 		34.686
v 12.572 		27.34 		34.686
v 10.122 		25.469 		33.214
v -13.034 		36.989 		0.639
v -13.184 		36.77 		0.673
v -14.846 		39.327 		60.007
v -15.088 		38.232 		60.007
v -15.235 		37.12 		60.007
v -15.284 		36 		60.007
v -16.088 		39.66 		58.828
v -16.355 		38.456 		58.828
v -16.516 		37.233 		58.828
v -16.57 		36 		58.828
v -17.227 		39.965 		57.542
v -17.516 		38.66 		57.542
v -17.691 		37.335 		57.542
v -17.749 		36 		57.542
v -0.344 		45.454 		23.686
v -2.428 		45.6 		23.686
v -17.276 		42.924 		56.158
v -17.823 		41.603 		56.158
v -18.253 		40.24 		56.158
v 5.285 		43.354 		23.686
v -18.126 		43.32 		54.686
v 10.992 		26.603 		33.214
v 5.731 		35.23 		0.074
v 3.82 		34.276 		1.004
v -3.165 		44.42 		26.56
v 4.413 		34.554 		0.571
v 4.695 		34.141 		0.636
v 5.056 		34.875 		0.258
v -3.896 		44.324 		26.56
v 5.275 		34.554 		0.309
v -18.704 		41.924 		54.686
v 5.546 		34.276 		0.371
v -18.562 		38.845 		56.158
v -18.749 		37.428 		56.158
v -18.811 		36 		56.158
v 2.845 		35.323 		1.438
v 3.016 		34.667 		1.478
v 3.296 		34.051 		1.542
v 3.421 		35.401 		0.912
v -19.158 		45.659 		49.862
v 3.573 		34.821 		0.947
v -19.158 		40.483 		54.686
v -19.485 		39.008 		54.686
v -19.683 		37.51 		54.686
v -19.749 		36 		54.686
v -18.856 		43.66 		53.138
v -19.461 		42.2 		53.138
v -19.937 		40.691 		53.138
v -19.461 		43.943 		51.526
v -20.088 		42.428 		51.526
v -20.581 		40.864 		51.526
v -19.937 		44.164 		49.862
v -20.581 		42.607 		49.862
v -21.088 		41 		49.862
v -20.279 		39.148 		53.138
v -20.485 		37.58 		53.138
v -20.554 		36 		53.138
v -20.936 		39.264 		51.526
v -21.15 		37.638 		51.526
v -21.222 		36 		51.526
v -21.453 		39.355 		49.862
v -21.673 		37.684 		49.862
v -21.747 		36 		49.862
v -4.145 		55.621 		48.159
v -5.848 		55.397 		48.159
v -7.526 		55.025 		48.159
v -9.164 		54.508 		48.159
v -4.164 		55.848 		46.429
v -5.888 		55.621 		46.429
v -7.585 		55.245 		46.429
v -9.242 		54.722 		46.429
v -13.295 		36.526 		0.699
v -13.362 		36.267 		0.714
v -12.681 		36.136 		0.349
v -7.052 		34.484 		2.795
v -6.857 		35.23 		2.751
v -7.409 		34.554 		2.1
v -7.223 		35.266 		2.057
v -8.334 		32.605 		3.091
v -7.802 		33.151 		2.969
v -7.37 		33.784 		2.869
v -11.905 		39.838 		10.138
v 4.143 		33.015 		1.738
v 4.686 		32.625 		1.863
v -13.719 		38.25 		9.755
v 5.286 		32.338 		2.002
v 4.156 		33.784 		1.081
v -14.042 		37.539 		9.83
v 4.57 		33.359 		1.177
v 5.049 		33.015 		1.288
v 5.58 		32.761 		1.41
v -12.194 		40.511 		11.634
v 5.042 		33.784 		0.717
v 5.444 		33.495 		0.809
v -13.804 		37.516 		10.577
v 3.675 		33.495 		1.63
v -13.999 		36.77 		10.621
v 4.777 		31.836 		3.391
v 5.709 		31.836 		2.829
v -8.124 		33.282 		2.265
v 10.545 		36 		3.945
v 10.482 		36.734 		3.931
v -7.712 		33.886 		2.17
v 10.482 		35.266 		3.931
v -8.951 		32.162 		3.234
v -9.871 		32.026 		2.669
v 9.03 		39.395 		4.373
v 8.413 		39.838 		4.231
v -4.171 		55.924 		44.686
v -5.901 		55.696 		44.686
v -4.164 		55.848 		42.943
v -4.2512 		44.2709 		26.5731
v -4.0177 		44.297 		26.56
v -5.888 		55.621 		42.943
v -4.4759 		44.2222 		26.5738
v -4.6081 		44.1935 		26.5741
v -13.509 		33.031 		28.303
v -9.22 		32.338 		2.518
v -8.632 		32.761 		2.383
v -4.145 		55.621 		41.213
v -5.848 		55.397 		41.213
v 9.819 		23.753 		34.686
v -13.208 		32.077 		28.303
v 9.157 		24.415 		33.214
v -2.7221 		44.3996 		26.5436
v -2.4405 		44.4176 		26.546
v -8.152 		34.051 		1.542
v 10.389 		23.183 		36.234
v -7.872 		34.667 		1.478
v -7.701 		35.323 		1.438
v 6.635 		20.302 		36.234
v -12.087 		33.412 		27.365
v 7.969 		21.152 		36.234
v -8.429 		34.821 		0.947
v 9.223 		22.115 		36.234
v -8.277 		35.401 		0.912
v -11.825 		32.58 		27.365
v 10.296 		37.446 		3.888
v 9.993 		38.114 		3.818
v 6.232 		21 		34.686
v -3.1608 		44.3717 		26.5399
v -3.8935 		44.31 		26.5541
v -3.1783 		44.3703 		26.5403
v 7.507 		21.812 		34.686
v -9.061 		35.011 		0.523
v 7.731 		40.164 		4.073
v 7.004 		40.364 		3.905
v -8.934 		35.498 		0.494
v 6.254 		40.432 		3.732
v -14.24 		36.781 		9.875
v -14.307 		36 		9.891
v -3.8985 		44.3095 		26.5543
v -9.499 		48.247 		30.544
v -10.54 		47.585 		30.544
v -13.024 		39.085 		11.634
v -6.825 		48.08 		29.365
v -7.861 		47.651 		29.365
v 8.4878 		32.3055 		24.3135
v 8.4832 		32.2305 		24.1087
v 8.679 		32.162 		24.273
v 8.4932 		32.3952 		24.5583
v -9.751 		35.23 		0.221
v 8.546 		32.026 		23.234
v -9.652 		35.609 		0.198
v 8.5022 		32.1592 		23.794
v 8.5086 		32.1346 		23.686
v -10.587 		35.23 		0.074
v 8.4869 		32.2166 		24.0471
v -10.476 		35.474 		0.048
v -10.409 		35.733 		0.032
v 8.92 		32.103 		21.538
v -13.144 		38.114 		11.202
v -8.856 		47.133 		29.365
v -9.802 		46.531 		29.365
v -13.447 		37.446 		11.272
v 8.705 		22.732 		34.686
v -7.604 		55.319 		44.686
v 5.764 		21.812 		33.214
v 6.969 		22.58 		33.214
v -8.676 		34.276 		1.004
v 8.103 		23.45 		33.214
v -9.551 		34.141 		0.636
v -9.269 		34.554 		0.571
v -9.268 		54.794 		44.686
v -10.402 		34.276 		0.371
v 3.496 		19.724 		34.686
v 4.892 		20.302 		34.686
v -10.131 		34.554 		0.309
v -7.585 		55.245 		42.943
v -9.242 		54.722 		42.943
v -9.912 		34.875 		0.258
v 1.812 		20.175 		33.214
v -7.526 		55.025 		41.213
v 3.175 		20.605 		33.214
v -9.164 		54.508 		41.213
v 4.496 		21.152 		33.214
v -10.752 		53.851 		48.159
v -8.531 		33.495 		1.63
v -12.276 		53.057 		48.159
v -10.848 		54.057 		46.429
v -12.39 		53.255 		46.429
v -7.276 		46.397 		28.303
v -8.164 		45.935 		28.303
v -14.064 		36 		10.637
v -9.008 		45.397 		28.303
v -13.533 		37.566 		11.634
v -9.802 		44.788 		28.303
v -6.654 		45.063 		27.365
v -7.428 		44.66 		27.365
v -10.142 		32.338 		2.002
v -8.164 		44.192 		27.365
v -9.542 		32.625 		1.863
v -8.999 		33.015 		1.738
v -13.633 		36.734 		11.315
v -11.6649 		33.5249 		27.1377
v -13.696 		36 		11.329
v -10.436 		32.761 		1.41
v -11.3345 		32.7585 		27.0934
v -11.5995 		33.3259 		27.1363
v -9.905 		33.015 		1.288
v -13.704 		36 		11.634
v -10.88 		54.126 		44.686
v -12.428 		53.321 		44.686
v -10.848 		54.057 		42.943
v -11.216 		48.55 		31.83
v -12.39 		53.255 		42.943
v -10.752 		53.851 		41.213
v -12.276 		53.057 		41.213
v -1 		19.679 		33.214
v 0.417 		19.866 		33.214
v -9.426 		33.359 		1.177
v -9.012 		33.784 		1.081
v -11.601 		33.329 		27.1366
v -11.2588 		32.6105 		27.0866
v 5.896 		18.149 		48.159
v -10.9737 		32.0529 		27.0607
v -11.2159 		32.5267 		27.0827
v -10.9545 		32.0241 		27.0572
v 7.42 		18.943 		48.159
v -12.276 		47.736 		31.83
v -13.262 		46.834 		31.83
v 5.992 		17.943 		46.429
v 7.534 		18.745 		46.429
v -10.3 		33.495 		0.809
v -9.898 		33.784 		0.717
v 6.024 		17.874 		44.686
v -15.466 		35.498 		27.456
v 7.572 		18.679 		44.686
v -15.366 		35.011 		27.372
v 5.992 		17.943 		42.943
v -9.633 		31.836 		3.391
v -15.203 		34.554 		27.235
v 7.534 		18.745 		42.943
v -10.565 		31.836 		2.829
v -14.981 		34.141 		27.049
v -11.223 		40.164 		9.981
v -16.241 		35.401 		27.382
v -16.122 		34.821 		27.282
v -15.927 		34.276 		27.119
v -14.164 		45.848 		31.83
v -11.518 		46.834 		30.544
v -16.639 		34.051 		26.877
v -11.428 		40.157 		10.686
v -12.428 		46 		30.544
v -13.262 		45.09 		30.544
v -16.993 		35.323 		27.175
v -16.859 		34.667 		27.062
v -17.7 		35.266 		26.84
v -10.692 		45.848 		29.365
v -12.2374 		39.246 		10.9571
v -12.194 		39.2828 		10.9355
v -17.554 		34.554 		26.717
v -11.518 		45.09 		29.365
v -12.2586 		39.2227 		10.9645
v -12.5181 		38.9381 		11.0561
v -12.276 		44.264 		29.365
v -12.732 		38.718 		11.107
v -18.341 		35.23 		26.388
v -18.187 		34.484 		26.26
v -18.739 		34.461 		25.702
v -4.112 		55.245 		39.51
v -5.783 		55.025 		39.51
v 5.896 		18.149 		41.213
v -15.663 		33.784 		26.897
v -4.066 		54.722 		37.846
v 7.42 		18.943 		41.213
v -15.338 		33.359 		26.624
v -5.692 		54.508 		37.846
v -16.34 		33.495 		26.627
v -7.428 		54.66 		39.51
v -0.711 		16.379 		48.159
v -9.035 		54.153 		39.51
v 0.992 		16.603 		48.159
v -10.592 		53.509 		39.51
v 2.67 		16.975 		48.159
v -14.961 		33.015 		26.308
v -15.972 		33.015 		26.318
v -14.978 		44.788 		31.83
v -15.546 		32.625 		25.96
v -15.074 		32.338 		25.565
v -16.593 		32.761 		25.91
v -16.13 		32.338 		25.522
v -4.623 		44.1903 		26.5742
v -15.618 		32.026 		25.093
v 4.308 		17.492 		48.159
v -7.292 		54.153 		37.846
v -8.856 		53.66 		37.846
v -10.371 		53.033 		37.846
v -16.695 		32.162 		25.007
v -0.692 		16.152 		46.429
v 1.032 		16.379 		46.429
v 2.729 		16.755 		46.429
v -4.008 		54.057 		36.234
v -11.6975 		39.7023 		10.6902
v -11.6908 		39.7065 		10.686
v 4.386 		17.278 		46.429
v -5.576 		53.851 		36.234
v -11.8061 		39.6107 		10.744
v -7.119 		53.509 		36.234
v -8.628 		53.033 		36.234
v -10.088 		52.428 		36.234
v -12.5212 		38.9342 		11.058
v -3.938 		53.255 		34.686
v -5.436 		53.057 		34.686
v -6.911 		52.73 		34.686
v -17.316 		33.886 		26.517
v 2.748 		16.681 		44.686
v -16.992 		33.282 		26.245
v 4.412 		17.206 		44.686
v 2.729 		16.755 		42.943
v 4.386 		17.278 		42.943
v -5.3452 		44.0152 		26.5999
v -5.3045 		44.0251 		26.5985
v 2.67 		16.975 		41.213
v 4.308 		17.492 		41.213
v -5.9949 		43.8403 		26.6457
v -5.984 		43.8432 		26.6449
v -6.0684 		43.812 		26.6467
v -6.0705 		43.8112 		26.6467
v -0.685 		16.076 		44.686
v 1.045 		16.304 		44.686
v 9.581 		38.718 		3.723
v 9.073 		39.239 		3.605
v -8.066 		43.812 		25.738
v -9.676 		42.911 		25.738
v -8.337 		44.188 		24.728
v -10.024 		43.242 		24.728
v -17.937 		33.784 		26.05
v -17.598 		33.151 		25.765
v -17.18 		32.605 		25.414
v -12.6978 		38.7001 		11.1604
v -18.485 		33.75 		25.489
v -12.67 		38.7369 		11.1443
v -13.0014 		38.1821 		11.296
v -12.8731 		38.4009 		11.2388
v -0.692 		16.152 		42.943
v -18.14 		33.107 		25.2
v -13.0599 		38.0825 		11.3221
v 1.032 		16.379 		42.943
v -13.2986 		37.5465 		11.3835
v -13.3041 		37.534 		11.3849
v -13.4559 		36.8975 		11.473
v -13.4949 		36.7175 		11.4938
v -13.3825 		37.2355 		11.4339
v -13.551 		36.1815 		11.4912
v -13.57 		36 		11.4903
v -13.3424 		37.4205 		11.4126
v -10.7288 		40.164 		10.279
v -11.0771 		40.0475 		10.4236
v -11.131 		40.0198 		10.441
v 8.4785 		32.0829 		23.3466
v 8.4749 		32.0767 		23.2527
v 8.4718 		32.0713 		23.1715
v 8.4872 		32.0978 		22.7102
v 8.5035 		32.1258 		22.2079
v 8.5905 		32.2751 		21.6114
v 8.5192 		32.1527 		22.0601
v 8.6396 		32.3594 		21.3026
v 8.5099 		32.1368 		22.1475
v 8.7524 		32.553 		20.7384
v -11.3685 		39.8869 		10.545
v -11.2947 		39.9282 		10.5128
v -17.715 		32.553 		24.843
v 8.848 		32.717 		20.3689
v -10.024 		28.758 		12.644
v -8.337 		27.812 		12.644
v 8.413 		32.162 		4.231
v 9.03 		32.605 		4.373
v -6.285 		32.323 		8.49
v -6.2019 		33.6027 		8.2169
v -6.3653 		33.3569 		8.2895
v -6.5208 		33.1219 		8.3639
v -10.54 		44.112 		28.303
v -9.108 		42.369 		26.686
v -7.73 		32.103 		8.372
v -8.856 		43.66 		27.365
v -7.103 		32.553 		8.228
v -9.499 		43.071 		27.365
v -17.691 		34.665 		31.83
v -17.516 		33.34 		31.83
v -17.227 		32.035 		31.83
v -10.088 		42.428 		27.365
v -16.516 		34.767 		30.544
v -16.355 		33.544 		30.544
v -7.624 		43.2 		26.686
v -16.088 		32.34 		30.544
v -15.235 		34.88 		29.365
v -6.7706 		43.5219 		26.6813
v -6.654 		43.5701 		26.6755
v -15.088 		33.768 		29.365
v -14.846 		32.673 		29.365
v -7.4683 		43.1986 		26.7343
v -7.3066 		43.2738 		26.7222
v -6.8258 		43.4975 		26.686
v -14.675 		28.929 		30.544
v -14.013 		27.888 		30.544
v -14.508 		31.603 		29.365
v -12.087 		52.73 		39.51
v -14.079 		30.567 		29.365
v -8.1288 		42.7939 		26.7766
v -7.9386 		42.9147 		26.7661
v -13.561 		29.572 		29.365
v -13.725 		52.134 		48.159
v 9.993 		33.886 		3.818
v -15.088 		51.088 		48.159
v 10.296 		34.554 		3.888
v -16.355 		49.927 		48.159
v -17.516 		48.66 		48.159
v -13.856 		52.321 		46.429
v -15.235 		51.263 		46.429
v -16.516 		50.088 		46.429
v 9.073 		32.761 		3.605
v -17.691 		48.807 		46.429
v 9.581 		33.282 		3.723
v -12.959 		28.626 		29.365
v 6.254 		31.568 		3.732
v 7.004 		31.636 		3.905
v -18.562 		47.297 		48.159
v 7.731 		31.836 		4.073
v -18.749 		47.428 		46.429
v -11.428 		31.843 		26.686
v -12.194 		31.489 		25.738
v -13.9 		52.383 		44.686
v -11.066 		30.201 		25.738
v -13.856 		52.321 		42.943
v -13.725 		52.134 		41.213
v -12.662 		31.273 		24.728
v -11.481 		29.923 		24.728
v -15.284 		51.321 		44.686
v -16.57 		50.142 		44.686
v -17.749 		48.856 		44.686
v -12.825 		31.152 		28.303
v -15.235 		51.263 		42.943
v -12.363 		30.264 		28.303
v -16.516 		50.088 		42.943
v -11.825 		29.42 		28.303
v -17.691 		48.807 		42.943
v -11.216 		28.626 		28.303
v -15.088 		51.088 		41.213
v -16.355 		49.927 		41.213
v -11.491 		31.774 		27.365
v -17.516 		48.66 		41.213
v -11.088 		31 		27.365
v -18.811 		47.472 		44.686
v -18.749 		47.428 		42.943
v -10.7747 		31.774 		27.0342
v -0.711 		16.379 		41.213
v 0.992 		16.603 		41.213
v 9.39 		34.333 		17.9923
v 9.1945 		33.75 		18.6481
v -7.6625 		32.129 		8.8928
v 5.317 		40.432 		4.318
v 4.578 		40.229 		4.147
v 8.9788 		33.107 		19.6052
v 7.231 		19.27 		39.51
v 2.572 		17.34 		39.51
v -18.562 		47.297 		41.213
v 4.179 		17.847 		39.51
v 5.736 		18.491 		39.51
v 2.436 		17.847 		37.846
v -7.6352 		32.1421 		8.8819
v 4 		18.34 		37.846
v -7.3871 		32.3235 		8.7639
v -7.0391 		32.578 		8.5984
v 5.515 		18.967 		37.846
v -6.8518 		32.777 		8.49
v 3.886 		39.897 		3.988
v 3.26 		39.447 		3.843
v 9.404 		34.461 		17.8828
v -0.744 		16.755 		39.51
v 0.927 		16.975 		39.51
v 9.552 		31.636 		23.088
v -6.6012 		33.0381 		8.3946
v -0.79 		17.278 		37.846
v -6.7152 		32.9193 		8.438
v 0.836 		17.492 		37.846
v 6.765 		29.829 		23.686
v -0.848 		17.943 		36.234
v 9.092 		31.836 		23.691
v 0.72 		18.149 		36.234
v -5.982 		28.188 		10.686
v 2.263 		18.491 		36.234
v -4.233 		27.812 		10.686
v 8.98 		31.836 		22.608
v 3.772 		18.967 		36.234
v -5.572 		29.089 		9.829
v 9.465 		31.771 		21.995
v 5.232 		19.572 		36.234
v -4.024 		28.758 		9.829
v -0.918 		18.745 		34.686
v 7.964 		31.2 		23.686
v -6.285 		30.656 		9.09
v 0.58 		18.943 		34.686
v -5.066 		30.201 		9.09
v 2.055 		19.27 		34.686
v -3.767 		29.923 		9.09
v -5.428 		31.843 		8.49
v -4.48 		31.489 		8.49
v 5.285 		28.646 		23.686
v -3.47 		31.273 		8.49
v -2.428 		26.4 		23.686
v -0.344 		26.546 		23.686
v 1.676 		26.979 		23.686
v 3.572 		27.686 		23.686
v -9.676 		29.089 		11.634
v -8.066 		28.188 		11.634
v -10.389 		30.656 		10.686
v -9.108 		29.631 		10.686
v -7.624 		28.8 		10.686
v -16.825 		30.76 		31.83
v -4.164 		35.848 		64.61
v -4.145 		35.697 		64.61
v -4.112 		35.549 		64.61
v -4.066 		35.404 		64.61
v -16.313 		29.525 		31.83
v -4.008 		35.263 		64.61
v -3.938 		35.128 		64.61
v -3.856 		35 		64.61
v -10.496 		31.636 		9.813
v -9.746 		31.568 		9.64
v -3.856 		52.321 		33.214
v -5.273 		52.134 		33.214
v -15.696 		28.34 		31.83
v -3.428 		34.572 		64.61
v -3.3 		34.49 		64.61
v -4.512 		45.454 		23.686
v -3.165 		34.42 		64.61
v -3.024 		34.362 		64.61
v -6.532 		45.021 		23.686
v -2.879 		34.316 		64.61
v -2.731 		34.283 		64.61
v -8.428 		44.314 		23.686
v -2.58 		34.264 		64.61
v -8.352 		52.276 		34.686
v -9.748 		51.698 		34.686
v -15.717 		31.163 		30.544
v -15.245 		30.023 		30.544
v -6.668 		51.825 		33.214
v -10.141 		43.354 		23.686
v -8.031 		51.395 		33.214
v -9.352 		50.848 		33.214
v -3.763 		34.88 		64.61
v -3.661 		34.767 		64.61
v -10.62 		50.188 		33.214
v -7.5816 		43.1413 		26.7466
v -7.5001 		43.1825 		26.7378
v -6.285 		27.523 		25.738
v -8.7517 		42.369 		26.8325
v -8.5474 		42.5084 		26.8142
v -13.509 		51.825 		39.51
v -8.7786 		42.3506 		26.8349
v -4.386 		27.116 		25.738
v -11.825 		52.276 		37.846
v -13.208 		51.395 		37.846
v -14.508 		50.397 		37.846
v -9.922 		31.5 		8.878
v -9.16 		31.568 		8.703
v -8.422 		31.771 		8.532
v -14.846 		50.799 		39.51
v -16.088 		49.66 		39.51
v -17.227 		48.418 		39.51
v -3.548 		34.665 		64.61
v -15.717 		49.289 		37.846
v -6.47 		27.116 		24.728
v -4.48 		26.689 		24.728
v -5.888 		35.697 		64.382
v -18.253 		47.081 		39.51
v -5.848 		35.397 		64.382
v -16.825 		48.08 		37.846
v -5.783 		35.101 		64.382
v -17.823 		46.78 		37.846
v -18.704 		45.397 		37.846
v -11.491 		51.698 		36.234
v -12.825 		50.848 		36.234
v -5.692 		34.812 		64.382
v -14.079 		49.885 		36.234
v -5.576 		34.532 		64.382
v -11.088 		51 		34.686
v -5.436 		34.264 		64.382
v -12.363 		50.188 		34.686
v -5.273 		34.008 		64.382
v -13.561 		49.268 		34.686
v 2.719 		38.893 		3.718
v 2.281 		38.25 		3.617
v 1.958 		37.539 		3.542
v 1.76 		36.781 		3.497
v -9.47 		31.273 		9.829
v -10.4031 		31.7266 		10.1438
v -9.8968 		31.6422 		9.8899
v -9.7754 		31.6219 		9.829
v -8.954 		42.2222 		26.8571
v -11.825 		49.42 		33.214
v -8.337 		30.366 		9.829
v -12.959 		48.55 		33.214
v -7.024 		29.631 		9.829
v -10.389 		41.344 		26.686
v -15.245 		48.817 		36.234
v -9.7081 		31.6132 		9.8045
v -8.996 		31.636 		9.467
v -8.9903 		31.6444 		9.4984
v -9.0256 		31.6429 		9.5135
v -8.8811 		31.6685 		9.4449
v -4.42 		33.155 		64.382
v -10.62 		41.736 		27.365
v -4.164 		32.992 		64.382
v -9.382 		41.8352 		26.8854
v -9.1317 		42.0615 		26.8689
v -8.8613 		31.6731 		9.4359
v -8.2952 		31.8249 		9.1678
v -9.9613 		41.2747 		26.9468
v -9.8043 		41.4266 		26.9302
v -8.1583 		31.891 		9.09
v -9.6783 		41.5485 		26.9169
v -7.386 		31.273 		9.09
v 5.504 		40.364 		3.559
v -3.896 		32.852 		64.382
v -3.616 		32.736 		64.382
v -3.327 		32.645 		64.382
v -3.031 		32.58 		64.382
v -8.1442 		31.8978 		9.0844
v -2.731 		32.54 		64.382
v -4.386 		35.43 		7.777
v -4.233 		35.166 		7.777
v -4.024 		34.928 		7.777
v -3.767 		34.723 		7.777
v -3.47 		34.556 		7.777
v -5.088 		33.768 		64.382
v -3.141 		34.434 		7.777
v -4.884 		33.544 		64.382
v -2.79 		34.358 		7.777
v -14.675 		48.247 		34.686
v -14.013 		47.585 		33.214
v -14.408 		40.364 		23.088
v -16.313 		47.651 		36.234
v -17.276 		46.397 		36.234
v -18.126 		45.063 		36.234
v -11.621 		42.171 		23.686
v -13.948 		40.164 		23.691
v 4.578 		31.771 		4.147
v 5.317 		31.568 		4.318
v -13.836 		40.164 		22.608
v -15.696 		47.133 		34.686
v 1.76 		35.219 		3.497
v -16.616 		45.935 		34.686
v 1.958 		34.461 		3.542
v -17.428 		44.66 		34.686
v 2.281 		33.75 		3.617
v 2.719 		33.107 		3.718
v 3.26 		32.553 		3.843
v -14.978 		46.531 		33.214
v -15.848 		45.397 		33.214
v 3.886 		32.103 		3.988
v -16.616 		44.192 		33.214
v -18.126 		43.32 		34.686
v -18.704 		41.924 		34.686
v -17.276 		42.924 		33.214
v -17.823 		41.603 		33.214
v -18.253 		40.24 		33.214
v 5.504 		31.636 		3.559
v -18.562 		38.845 		33.214
v -18.749 		37.428 		33.214
v -14.321 		40.229 		21.995
v -4.66 		33.34 		64.382
v -6.393 		32.673 		64.005
v -6.088 		32.34 		64.005
v -5.755 		32.035 		64.005
v 10.463 		36 		5.506
v 10.506 		36.77 		4.714
v 10.572 		36 		4.729
v -7.585 		35.549 		64.005
v -7.526 		35.101 		64.005
v -7.428 		34.66 		64.005
v -5.802 		34.461 		7.927
v -7.292 		34.23 		64.005
v -9.242 		35.404 		63.48
v -9.164 		34.812 		63.48
v -9.035 		34.23 		63.48
v -10.4734 		40.645 		26.9958
v -10.1967 		41.003 		26.9742
v -10.0889 		41.1425 		26.9659
v -5.848 		26.603 		27.365
v -14.013 		44.112 		30.544
v -5.016 		26.341 		27.365
v -14.675 		43.071 		30.544
v -12.959 		43.374 		29.365
v -13.561 		42.428 		29.365
v -12.82 		40.8 		23.686
v -14.079 		41.433 		29.365
v -14.508 		40.397 		29.365
v -19.485 		45.848 		48.159
v -20.279 		44.324 		48.159
v -19.683 		45.962 		46.429
v -13.3392 		39.7695 		24.1087
v -13.535 		39.838 		24.273
v -13.3438 		39.6945 		24.3135
v -13.3492 		39.6048 		24.5583
v -20.485 		44.42 		46.429
v -13.402 		39.974 		23.234
v -19.749 		46 		44.686
v -20.554 		44.452 		44.686
v -5.8858 		34.248 		8.048
v -19.683 		45.962 		42.943
v -20.485 		44.42 		42.943
v -5.604 		35.219 		7.881
v -5.5343 		35.9525 		7.9149
v -4.164 		26.152 		27.365
v -5.5421 		35.8606 		7.9173
v -5.5679 		35.5574 		7.9251
v -3.3 		26.038 		27.365
v -4.48 		35.711 		7.777
v -5.6108 		35.159 		7.9481
v -5.5952 		35.2199 		7.9434
v -5.6349 		35.0663 		7.9552
v -5.5782 		35.43 		7.932
v -19.485 		45.848 		41.213
v -20.279 		44.324 		41.213
v -5.7888 		34.4637 		8.0169
v -5.7982 		34.4429 		8.0195
v -5.6608 		34.9649 		7.9656
v -21.453 		41.098 		48.159
v -11.428 		40.157 		26.686
v -11.066 		41.799 		25.738
v -12.194 		40.511 		25.738
v -7.119 		33.812 		64.005
v -11.481 		42.077 		24.728
v -13.3582 		39.8408 		23.794
v -13.3646 		39.8654 		23.686
v -6.911 		33.412 		64.005
v -12.662 		40.727 		24.728
v -13.3429 		39.7834 		24.0471
v -6.668 		33.031 		64.005
v -13.776 		39.897 		21.538
v -11.216 		43.374 		28.303
v -8.352 		32.58 		63.48
v -8.031 		32.077 		63.48
v -11.825 		42.58 		28.303
v -5.8266 		34.3799 		8.0287
v -5.8145 		34.4068 		8.0248
v -8.856 		33.66 		63.48
v -8.628 		33.109 		63.48
v -6.125 		33.75 		8.002
v -6.0992 		33.7574 		8.1712
v -10.592 		33.812 		62.812
v -6.0726 		33.8185 		8.1558
v -10.371 		33.109 		62.812
v -5.572 		33.889 		8.048
v -10.088 		32.428 		62.812
v -5.066 		33.485 		8.048
v -4.48 		33.156 		8.048
v -3.832 		32.915 		8.048
v -3.141 		32.766 		8.048
v -13.3345 		39.9171 		23.3466
v -12.363 		41.736 		28.303
v -13.3309 		39.9233 		23.2527
v -13.3277 		39.9287 		23.1715
v -13.3432 		39.9022 		22.7102
v -13.3595 		39.8742 		22.2079
v -13.4465 		39.7249 		21.6114
v -13.3752 		39.8473 		22.0601
v -3.896 		27.676 		26.56
v -12.825 		40.848 		28.303
v -13.4956 		39.6406 		21.3026
v -13.3659 		39.8632 		22.1475
v -13.6084 		39.447 		20.7384
v -4.2512 		27.7291 		26.5731
v -4.0174 		27.703 		26.56
v -3.165 		27.58 		26.56
v -11.088 		41 		27.365
v 10.506 		35.23 		4.714
v -3.8935 		27.69 		26.5541
v -3.9907 		27.7002 		26.5587
v -21.825 		39.42 		48.159
v -13.704 		39.283 		20.3689
v 10.396 		36.781 		5.491
v 10.198 		37.539 		5.445
v 9.875 		38.25 		5.37
v -14.246 		37.667 		17.9923
v 10.312 		37.516 		4.669
v -14.0505 		38.25 		18.6481
v -3.1608 		27.6282 		26.5399
v -3.8882 		27.6895 		26.554
v 9.993 		38.216 		4.596
v -13.8348 		38.893 		19.6052
v -3.143 		27.6271 		26.5401
v -6.351 		25.22 		28.303
v -5.397 		24.919 		28.303
v -4.42 		24.703 		28.303
v -3.428 		24.572 		28.303
v 9.562 		38.849 		4.496
v 9.875 		33.75 		5.37
v 10.198 		34.461 		5.445
v -10.54 		24.415 		30.544
v -11.491 		40.226 		27.365
v -9.499 		23.753 		30.544
v -9.802 		25.469 		29.365
v -8.856 		24.867 		29.365
v -10.6644 		40.3793 		27.0202
v -7.861 		24.349 		29.365
v -10.6588 		40.3871 		27.0195
v -6.825 		23.92 		29.365
v -15.696 		43.66 		31.83
v -16.313 		42.475 		31.83
v -16.825 		41.24 		31.83
v -15.245 		41.977 		30.544
v -15.717 		40.837 		30.544
v -9.802 		27.212 		28.303
v -14.26 		37.539 		17.8828
v -9.008 		26.603 		28.303
v -8.164 		26.065 		28.303
v -7.276 		25.603 		28.303
v -7.428 		27.34 		27.365
v -14.708 		38.216 		26.82
v -6.654 		26.937 		27.365
v -6.393 		21.201 		31.83
v -5.088 		20.912 		31.83
v -3.763 		20.737 		31.83
v -6.088 		22.34 		30.544
v -6.563 		33.107 		8.103
v -4.884 		22.073 		30.544
v -10.141 		28.646 		23.686
v -3.661 		21.912 		30.544
v -4.198 		31.136 		64.005
v -3.768 		31 		64.005
v -8.428 		27.686 		23.686
v -3.327 		30.902 		64.005
v -2.879 		30.843 		64.005
v -5.755 		23.582 		29.365
v -4.66 		23.34 		29.365
v -6.47 		27.116 		12.644
v -4.48 		26.689 		12.644
v -3.548 		23.193 		29.365
v -6.532 		26.979 		23.686
v -4.512 		26.546 		23.686
v -6.285 		27.523 		11.634
v -4.386 		27.116 		11.634
v 10.396 		35.219 		5.491
v 9.993 		33.784 		4.596
v -10.088 		22.732 		31.83
v -8.903 		22.115 		31.83
v 10.312 		34.484 		4.669
v -7.668 		21.603 		31.83
v -13.535 		32.162 		24.273
v -14.544 		39.239 		25.958
v -8.405 		23.183 		30.544
v -7.265 		22.711 		30.544
v -14.572 		39.838 		25.143
v -14.164 		26.152 		31.83
v -13.262 		25.166 		31.83
v -13.3493 		32.3951 		24.5581
v -13.3471 		32.3577 		24.4563
v -12.276 		24.264 		31.83
v -13.402 		32.026 		23.234
v -14.042 		38.718 		26.261
v -13.262 		26.91 		30.544
v -12.428 		26 		30.544
v -11.518 		25.166 		30.544
v -12.276 		27.736 		29.365
v 9.562 		33.151 		4.496
v -5.397 		31.76 		64.005
v -5.016 		31.517 		64.005
v -4.616 		31.309 		64.005
v 7.578 		40.229 		4.84
v -6.351 		30.397 		63.48
v 6.84 		40.432 		4.669
v -5.848 		30.076 		63.48
v 6.078 		40.5 		4.494
v -4.198 		29.393 		63.48
v -3.616 		29.264 		63.48
v -3.024 		29.186 		63.48
v -5.319 		29.8 		63.48
v -4.768 		29.572 		63.48
v 9.437 		38.893 		5.269
v -6 		28.34 		62.812
v -13.776 		32.103 		21.538
v -5.319 		28.057 		62.812
v -4.616 		27.836 		62.812
v -14.066 		34.358 		12.644
v -13.533 		32.766 		12.644
v -7.668 		31.603 		63.48
v -7.265 		31.163 		63.48
v -6.825 		30.76 		63.48
v -12.662 		31.273 		12.644
v -8.405 		30.023 		62.812
v -11.481 		29.923 		12.644
v -9.748 		31.774 		62.812
v -9.352 		31.152 		62.812
v -13.633 		35.266 		11.315
v -8.903 		30.567 		62.812
v -13.447 		34.554 		11.272
v -10.62 		30.264 		62.007
v -13.999 		35.23 		10.621
v -13.804 		34.484 		10.577
v -7.861 		29.525 		62.812
v -11.518 		26.91 		29.365
v -10.692 		26.152 		29.365
v -13.3395 		32.2304 		24.1089
v -13.3644 		32.1343 		23.686
v -13.486 		33.784 		10.503
v -13.054 		33.151 		10.403
v -7.276 		29.076 		62.812
v -14.24 		35.219 		9.875
v -6.654 		28.68 		62.812
v -14.042 		34.461 		9.83
v -10.088 		29.572 		62.007
v -14.392 		38.505 		26.554
v -9.499 		28.929 		62.007
v -14.978 		27.212 		31.83
v -13.6084 		32.553 		20.7384
v -12.114 		32.103 		9.384
v 8.897 		39.447 		5.144
v 8.27 		39.897 		5
v -11.216 		23.45 		31.83
v -18.894 		35.219 		25.833
v -13.719 		33.75 		9.755
v -13.281 		33.107 		9.654
v -12.74 		32.553 		9.529
v -8.856 		28.34 		62.007
v -8.164 		27.808 		62.007
v -13.533 		34.434 		11.634
v -10.54 		27.888 		61.069
v -10.848 		35.263 		62.812
v -13.584 		38.114 		26.464
v -12.522 		32.605 		10.281
v -13.144 		33.886 		11.202
v -13.024 		32.915 		11.634
v -14.099 		39.395 		25.585
v -13.294 		38.216 		26.221
v -13.669 		38.849 		25.948
v -11.905 		32.162 		10.138
v -12.194 		38.844 		26.686
v -13.5148 		35.4726 		11.4929
v -13.5472 		35.7827 		11.4914
v -13.4949 		35.2825 		11.4938
v -13.3769 		34.7387 		11.431
v -13.3423 		34.5795 		11.4126
v -13.3042 		34.4661 		11.3849
v -10.752 		34.532 		62.812
v -12.39 		35.128 		62.007
v -13.3453 		32.1015 		22.6364
v -13.1104 		34.0307 		11.3348
v -12.276 		34.264 		62.007
v -13.3595 		32.1258 		22.2079
v -12.5212 		33.0658 		11.058
v -13.3752 		32.1527 		22.0601
v -12.5181 		33.0619 		11.0561
v -13.4956 		32.3594 		21.3026
v -12.087 		33.412 		62.007
v -11.825 		32.58 		62.007
v -13.06 		33.9175 		11.3218
v -12.7294 		33.3536 		11.1743
v -12.732 		33.282 		11.107
v -12.6978 		33.2999 		11.1603
v -13.1131 		34.0367 		11.3355
v -12.2373 		32.754 		10.9574
v -12.2064 		32.7279 		10.942
v -11.6975 		32.2977 		10.6902
v -11.6908 		32.2935 		10.686
v -13.284 		38.893 		25.625
v -13.64 		39.447 		25.2
v -14.053 		39.897 		24.708
v -13.024 		39.085 		25.738
v -13.0191 		38.0565 		26.1018
v -11.5214 		32.1988 		10.6119
v -13.044 		38.2444 		26.0103
v -11.131 		31.9802 		10.441
v -13.1393 		38.5711 		25.7972
v -13.1665 		38.6596 		25.738
v -13.0635 		38.3109 		25.9669
v -11.0771 		31.9525 		10.4236
v -11.422 		31.771 		9.225
v -13.856 		35 		61.069
v -13.725 		34.008 		61.069
v -13.509 		33.031 		61.069
v -13.208 		32.077 		61.069
v -13.3345 		32.0829 		23.3466
v -13.3277 		32.0713 		23.1715
v -14.26 		34.461 		17.8828
v -14.246 		34.333 		17.9923
v -14.2975 		34.8048 		17.6954
v -15.235 		34.88 		60.007
v -13.8348 		33.107 		19.6052
v -13.704 		32.717 		20.3689
v -15.088 		33.768 		60.007
v -14.0505 		33.75 		18.6481
v -14.846 		32.673 		60.007
v -16.516 		34.767 		58.828
v -16.355 		33.544 		58.828
v -16.088 		32.34 		58.828
v 8.27 		32.103 		5
v 8.897 		32.553 		5.144
v -17.691 		34.665 		57.542
v -17.516 		33.34 		57.542
v -17.227 		32.035 		57.542
v -12.194 		31.489 		11.634
v -10.683 		31.568 		9.054
v -13.2743 		39.1583 		25.2413
v -13.3139 		39.41 		24.9259
v -11.066 		30.201 		11.634
v -13.3233 		39.434 		24.8861
v -11.491 		31.774 		62.007
v -11.088 		31 		62.007
v -12.825 		31.152 		61.069
v -12.363 		30.264 		61.069
v -11.825 		29.42 		61.069
v -11.216 		28.626 		61.069
v -14.508 		31.603 		60.007
v -14.079 		30.567 		60.007
v -13.561 		29.572 		60.007
v -12.959 		28.626 		60.007
v -14.675 		28.929 		58.828
v -14.013 		27.888 		58.828
v -15.717 		31.163 		58.828
v -15.245 		30.023 		58.828
v -16.825 		30.76 		57.542
v -16.313 		29.525 		57.542
v -15.696 		28.34 		57.542
v -18.749 		34.572 		56.158
v -18.562 		33.155 		56.158
v 9.437 		33.107 		5.269
v -13.3449 		39.4889 		24.795
v -13.3607 		39.5293 		24.728
v -13.1814 		38.7751 		25.6412
v -13.1915 		38.8531 		25.5757
v -13.1953 		38.8829 		25.5506
v -13.2719 		39.15 		25.2507
v 6.078 		31.5 		4.494
v 6.84 		31.568 		4.669
v 7.578 		31.771 		4.84
v -13.208 		39.923 		28.303
v -13.509 		38.969 		28.303
v -11.825 		39.42 		27.365
v -11.223 		31.836 		9.981
v -11.428 		31.843 		10.686
v -10.759 		31.8458 		10.2916
v -13.948 		31.836 		23.691
v -14.408 		31.636 		23.088
v -13.836 		31.836 		22.608
v 16.331 		38.849 		15.424
v 17.005 		38.25 		15.403
v 16.706 		38.216 		15.151
v 16.416 		38.114 		14.908
v -14.321 		31.771 		21.995
v 14.454 		39.375 		15.412
v 15.456 		39.239 		15.414
v -12.82 		31.2 		23.686
v -11.621 		29.829 		23.686
v 14.028 		38.985 		15.054
v 15.039 		38.985 		15.064
v 7.231 		52.73 		49.862
v 14.662 		38.641 		14.748
v 14.337 		38.216 		14.475
v 2.055 		52.73 		54.686
v 0.58 		53.057 		54.686
v 15.958 		38.718 		15.111
v -0.918 		53.255 		54.686
v 15.608 		38.505 		14.818
v 15.292 		38.216 		14.552
v 5.232 		52.428 		53.138
v 17.622 		37.446 		15.487
v 17.938 		36.136 		15.488
v 17.911 		36.267 		15.465
v 17.867 		36.391 		15.428
v 17.808 		36.502 		15.378
v 17.423 		37.516 		15.32
v 17.218 		37.539 		15.149
v 16.144 		37.949 		14.679
v 17.014 		37.516 		14.977
v 16.815 		37.446 		14.81
v 16.629 		37.333 		14.654
v 16.461 		37.179 		14.513
v 3.772 		53.033 		53.138
v 2.263 		53.509 		53.138
v 5.515 		53.033 		51.526
v -18.253 		31.76 		56.158
v -17.823 		30.397 		56.158
v 4 		53.66 		51.526
v -17.276 		29.076 		56.158
v 2.436 		54.153 		51.526
v -16.616 		27.808 		56.158
v 17.734 		36.599 		15.316
v 5.736 		53.509 		49.862
v 17.648 		36.677 		15.244
v 4.179 		54.153 		49.862
v -12.087 		38.588 		27.365
v 17.554 		36.734 		15.165
v 2.572 		54.66 		49.862
v 17.453 		36.77 		15.08
v -18.704 		30.076 		54.686
v -18.126 		28.68 		54.686
v 17.349 		36.781 		14.993
v 0.72 		53.851 		53.138
v 17.245 		36.77 		14.906
v -0.848 		54.057 		53.138
v -3.896 		27.676 		62.812
v -10.9545 		39.9759 		27.0572
v -3.165 		27.58 		62.812
v -5.848 		26.603 		62.007
v -5.016 		26.341 		62.007
v -4.164 		26.152 		62.007
v -3.3 		26.038 		62.007
v 0.836 		54.508 		51.526
v 7.806 		40.727 		12.644
v -0.79 		54.722 		51.526
v 6.625 		42.077 		12.644
v 0.927 		55.025 		49.862
v -0.744 		55.245 		49.862
v -11.3347 		39.2416 		27.0936
v -11.0811 		39.7374 		27.0704
v 9.21 		37.642 		12.644
v 14.302 		45.659 		49.862
v -10.9737 		39.9471 		27.0607
v 8.677 		39.234 		12.644
v -11.6009 		38.671 		27.1366
v -11.4338 		39.0291 		27.1096
v -11.3354 		39.2403 		27.0937
v 14.827 		37.51 		54.686
v -11.6648 		38.4751 		27.1377
v 14.629 		39.008 		54.686
v 14.302 		40.483 		54.686
v 6.566 		40.229 		9.225
v -11.7206 		38.2806 		27.1441
v -6.351 		25.22 		61.069
v -5.397 		24.919 		61.069
v -4.42 		24.703 		61.069
v 15.081 		40.691 		53.138
v -3.428 		24.572 		61.069
v 14.605 		42.2 		53.138
v 7.338 		40.511 		11.634
v 14 		43.66 		53.138
v -7.428 		27.34 		62.007
v 5.827 		40.432 		9.054
v -6.654 		26.937 		62.007
v 6.21 		41.799 		11.634
v 17.144 		36.734 		14.821
v 17.05 		36.677 		14.742
v 6.367 		40.164 		9.981
v 6.572 		40.157 		10.686
v 16.315 		36.989 		14.391
v 15.725 		40.864 		51.526
v 15.232 		42.428 		51.526
v 14.605 		43.943 		51.526
v 16.232 		41 		49.862
v 5.903 		40.1543 		10.2916
v 15.725 		42.607 		49.862
v 15.081 		44.164 		49.862
v 8.63 		38.216 		10.503
v 8.198 		38.849 		10.403
v 16.964 		36.599 		14.67
v 16.89 		36.502 		14.608
v 16.831 		36.391 		14.558
v 16.786 		36.267 		14.521
v 8.777 		36.734 		11.315
v 16.759 		36.136 		14.498
v 8.591 		37.446 		11.272
v 9.143 		36.77 		10.621
v 8.948 		37.516 		10.577
v 8.863 		38.25 		9.755
v 15.629 		37.58 		53.138
v 8.425 		38.893 		9.654
v 15.423 		39.148 		53.138
v 7.884 		39.447 		9.529
v 16.294 		37.638 		51.526
v 16.08 		39.264 		51.526
v 16.817 		37.684 		49.862
v 16.597 		39.355 		49.862
v 7.258 		39.897 		9.384
v 9.384 		36.781 		9.875
v 9.186 		37.539 		9.83
v 6.36 		48.55 		57.542
v 10.122 		44.788 		57.542
v -14.487 		37.125 		27.222
v 7.42 		44.264 		60.007
v 6.662 		45.09 		60.007
v 5.836 		45.848 		60.007
v -14.614 		36.77 		27.329
v 8.406 		45.09 		58.828
v -14.692 		36.391 		27.394
v 7.572 		46 		58.828
v 6.662 		46.834 		58.828
v 9.308 		45.848 		57.542
v -13.539 		37.179 		26.859
v 8.406 		46.834 		57.542
v -13.856 		37.949 		26.693
v 7.42 		47.736 		57.542
v -14.103 		37.724 		26.899
v -14.315 		37.446 		27.077
v 8.103 		48.55 		56.158
v 6.969 		49.42 		56.158
v -13.685 		36.989 		26.981
v 5.764 		50.188 		56.158
v 8.705 		49.268 		54.686
v 7.507 		50.188 		54.686
v 6.232 		51 		54.686
v -13.803 		36.77 		27.08
v -13.889 		36.526 		27.153
v 10.992 		45.397 		56.158
v 10.122 		46.531 		56.158
v 16.197 		36.77 		14.292
v 16.111 		36.526 		14.219
v 8.677 		37.566 		11.634
v 16.057 		36.267 		14.174
v 8.288 		38.114 		11.202
v 15.897 		37.724 		14.473
v 7.666 		39.395 		10.281
v 14.073 		37.724 		14.253
v 15.019 		37.859 		14.323
v 14.797 		37.446 		14.137
v 8.168 		39.085 		11.634
v 15.685 		37.446 		14.295
v 15.513 		37.125 		14.15
v 14.634 		36.989 		14
v 14.534 		36.502 		13.916
v 15.386 		36.77 		14.043
v 15.308 		36.391 		13.978
v 7.049 		39.838 		10.138
v 13.407 		39.239 		15.462
v 12.063 		38.216 		15.322
v 13.008 		38.718 		15.127
v 12.684 		38.114 		14.855
v 13.66 		38.505 		14.745
v 9.157 		47.585 		56.158
v 12.446 		37.446 		14.655
v -9.802 		27.212 		61.069
v 12.3 		36.734 		14.532
v -9.008 		26.603 		61.069
v -8.164 		26.065 		61.069
v 12.572 		44.66 		54.686
v -13.943 		36.267 		27.198
v 11.76 		45.935 		54.686
v 10.84 		47.133 		54.686
v 9.819 		48.247 		54.686
v -13.371 		37.333 		26.718
v 10.389 		48.817 		53.138
v 13.361 		37.949 		14.495
v -13.169 		36.391 		26.814
v 13.141 		37.333 		14.31
v 13.007 		36.677 		14.197
v 10.861 		49.289 		51.526
v 13.878 		37.179 		14.09
v 12.371 		48.418 		49.862
v 13.759 		36.599 		13.99
v 11.232 		49.66 		49.862
v 9.99 		50.799 		49.862
v 11.813 		37.516 		15.112
v 11.659 		36.77 		14.984
v 9.223 		49.885 		53.138
v 7.969 		50.848 		53.138
v 6.635 		51.698 		53.138
v 9.652 		50.397 		51.526
v 8.352 		51.395 		51.526
v 8.6588 		36.5274 		11.4929
v 8.6912 		36.2173 		11.4914
v -7.276 		25.603 		61.069
v 8.6389 		36.7175 		11.4938
v 8.5209 		37.2613 		11.431
v 6.969 		52.276 		51.526
v 8.4864 		37.4205 		11.4126
v 8.4482 		37.534 		11.3849
v -9.802 		25.469 		60.007
v 8.653 		51.825 		49.862
v -8.856 		24.867 		60.007
v 8.204 		38.0825 		11.3218
v -7.861 		24.349 		60.007
v 7.8734 		38.6464 		11.1743
v 7.876 		38.718 		11.107
v 7.8419 		38.7001 		11.1603
v -6.825 		23.92 		60.007
v 7.6652 		38.9342 		11.058
v 7.6621 		38.9381 		11.0561
v 8.2545 		37.9693 		11.3348
v 8.2571 		37.9633 		11.3355
v 7.3813 		39.246 		10.9574
v 7.3504 		39.2721 		10.942
v 6.8416 		39.7023 		10.6902
v -10.54 		24.415 		58.828
v 6.8348 		39.7065 		10.686
v -9.499 		23.753 		58.828
v -5.755 		23.582 		60.007
v -4.66 		23.34 		60.007
v -3.548 		23.193 		60.007
v 6.6655 		39.8012 		10.6119
v -6.088 		22.34 		58.828
v 6.275 		40.0198 		10.441
v 6.2211 		40.0475 		10.4236
v -4.884 		22.073 		58.828
v -3.661 		21.912 		58.828
v -6.393 		21.201 		57.542
v -5.088 		20.912 		57.542
v -3.763 		20.737 		57.542
v 1.614 		44.884 		12.644
v -0.376 		45.311 		12.644
v 1.429 		44.477 		11.634
v -0.47 		44.884 		11.634
v 13.27 		45.063 		53.138
v 12.42 		46.397 		53.138
v 5.168 		43.242 		12.644
v 11.457 		47.651 		53.138
v 3.481 		44.188 		12.644
v 13.848 		45.397 		51.526
v 12.967 		46.78 		51.526
v 11.969 		48.08 		51.526
v 4.82 		42.911 		11.634
v 3.21 		43.812 		11.634
v 13.397 		47.081 		49.862
v 5.533 		41.344 		10.686
v 4.252 		42.369 		10.686
v 2.768 		43.2 		10.686
v 3.549 		48.817 		58.828
v -8.405 		23.183 		58.828
v -7.265 		22.711 		58.828
v -10.088 		22.732 		57.542
v -8.903 		22.115 		57.542
v -7.668 		21.603 		57.542
v -5.273 		19.866 		56.158
v -3.856 		19.679 		56.158
v 2.409 		49.289 		58.828
v -10.62 		21.812 		56.158
v -9.352 		21.152 		56.158
v 5.232 		49.268 		57.542
v -8.031 		20.605 		56.158
v 5.64 		40.364 		9.813
v 4.047 		49.885 		57.542
v -6.668 		20.175 		56.158
v 2.812 		50.397 		57.542
v -9.748 		20.302 		54.686
v 4.89 		40.432 		9.64
v -8.352 		19.724 		54.686
v 5.066 		40.5 		8.878
v 0.899 		48.418 		60.007
v 4.304 		40.432 		8.703
v 3.566 		40.229 		8.532
v -0.196 		48.66 		60.007
v -1.308 		48.807 		60.007
v -12.276 		27.736 		60.007
v 1.232 		49.66 		58.828
v -11.518 		26.91 		60.007
v 0.028 		49.927 		58.828
v -10.692 		26.152 		60.007
v -1.195 		50.088 		58.828
v 4.614 		40.727 		9.829
v 5.5471 		40.2734 		10.1438
v 5.0408 		40.3578 		9.8899
v -13.262 		26.91 		58.828
v -12.428 		26 		58.828
v 4.9194 		40.3781 		9.829
v -11.518 		25.166 		58.828
v -14.164 		26.152 		57.542
v -13.262 		25.166 		57.542
v -12.276 		24.264 		57.542
v 3.481 		41.634 		9.829
v 2.168 		42.369 		9.829
v 4.8521 		40.3868 		9.8045
v 4.14 		40.364 		9.467
v 4.1343 		40.3556 		9.4984
v 4.1696 		40.3571 		9.5135
v -14.978 		27.212 		57.542
v -11.216 		23.45 		57.542
v -15.848 		26.603 		56.158
v -14.978 		25.469 		56.158
v -14.013 		24.415 		56.158
v -17.428 		27.34 		54.686
v -16.616 		26.065 		54.686
v -15.696 		24.867 		54.686
v -14.675 		23.753 		54.686
v -12.959 		23.45 		56.158
v -11.825 		22.58 		56.158
v 1.537 		50.799 		57.542
v -13.561 		22.732 		54.686
v -12.363 		21.812 		54.686
v 0.232 		51.088 		57.542
v -11.088 		21 		54.686
v -1.093 		51.263 		57.542
v -18.126 		26.937 		53.138
v 2.572 		44.66 		62.007
v -17.276 		25.603 		53.138
v 1.798 		45.063 		62.007
v -16.313 		24.349 		53.138
v 4.946 		44.788 		61.069
v 4.152 		45.397 		61.069
v 3.308 		45.935 		61.069
v 2.42 		46.397 		61.069
v 4.946 		46.531 		60.007
v 4 		47.133 		60.007
v 3.005 		47.651 		60.007
v 1.969 		48.08 		60.007
v 5.684 		47.585 		58.828
v 4.643 		48.247 		58.828
v -0.96 		44.324 		62.812
v 4.0251 		40.3315 		9.4449
v -1.691 		44.42 		62.812
v 0.992 		45.397 		62.007
v 0.16 		45.659 		62.007
v 4.0053 		40.327 		9.4359
v 3.4392 		40.1751 		9.1678
v 3.3023 		40.109 		9.09
v 2.53 		40.727 		9.09
v -0.692 		45.848 		62.007
v -1.556 		45.962 		62.007
v -18.704 		26.603 		51.526
v -17.823 		25.22 		51.526
v -16.825 		23.92 		51.526
v -18.253 		24.919 		49.862
v 1.495 		46.78 		61.069
v 0.541 		47.081 		61.069
v -0.436 		47.297 		61.069
v -1.428 		47.428 		61.069
v -14.079 		22.115 		53.138
v -12.825 		21.152 		53.138
v -11.491 		20.302 		53.138
v -14.508 		21.603 		51.526
v -13.208 		20.605 		51.526
v 4.496 		50.848 		56.158
v -11.825 		19.724 		51.526
v -13.509 		20.175 		49.862
v -15.245 		23.183 		53.138
v -15.717 		22.711 		51.526
v -17.227 		23.582 		49.862
v -16.088 		22.34 		49.862
v -14.846 		21.201 		49.862
v -19.683 		34.49 		54.686
v -19.485 		32.992 		54.686
v -19.158 		31.517 		54.686
v -20.485 		34.42 		53.138
v -20.279 		32.852 		53.138
v -21.15 		34.362 		51.526
v -20.936 		32.736 		51.526
v -21.673 		34.316 		49.862
v -21.453 		32.645 		49.862
v -19.937 		31.309 		53.138
v -19.461 		29.8 		53.138
v -18.856 		28.34 		53.138
v -20.581 		31.136 		51.526
v -20.088 		29.572 		51.526
v -19.461 		28.057 		51.526
v -21.088 		31 		49.862
v -20.581 		29.393 		49.862
v -19.937 		27.836 		49.862
v 3.2882 		40.1022 		9.0844
v 1.126 		43.812 		10.686
v -0.623 		44.188 		10.686
# 4970 vertices

g group_1_16448250

usemtl color_16448250
s 0

f 2711 	7471 	2723
f 2723 	2722 	2711
f 2712 	7468 	2732
f 2722 	2721 	2710
f 2710 	2711 	2722
f 2730 	2731 	2712
f 2732 	2730 	2712
f 2733 	2714 	2720
f 2718 	2716 	2717
f 2719 	2716 	2718
f 7198 	2719 	7166
f 2713 	7166 	2718
f 2717 	2713 	2718
f 2708 	2709 	2726
f 2720 	2714 	2721
f 2714 	2710 	2721
f 2728 	2729 	2716
f 2729 	2717 	2716
f 2731 	2728 	2712
f 2728 	2716 	2712
f 2731 	2713 	2728
f 2713 	2729 	2728
f 2717 	2729 	2713
f 2713 	2722 	2715
f 2731 	2730 	2713
f 2721 	2713 	2720
f 2721 	2722 	2713
f 2713 	2732 	2733
f 2723 	2715 	2722
f 2724 	2725 	2715
f 2724 	2715 	2723
f 2725 	2726 	2715
f 2727 	2715 	2726
f 2732 	2713 	2730
f 2720 	2713 	2733
f 7357 	7166 	2740
f 2742 	2743 	2713
f 2740 	2713 	2741
f 2715 	2747 	2713
f 2747 	2744 	2713
f 2741 	2713 	2743
f 2737 	2738 	2734
f 2742 	2713 	2744
f 2738 	2735 	2734
f 2749 	2750 	2715
f 2738 	2739 	2735
f 2747 	2715 	2750
f 2735 	2739 	2736
f 2737 	2741 	2743
f 2738 	2737 	2742
f 2742 	2744 	2738
f 2743 	2742 	2737
f 2746 	2762 	2748
f 2744 	2747 	2738
f 2750 	2738 	2747
f 2739 	2738 	2750
f 2749 	2739 	2750
f 2752 	2754 	2753
f 2752 	2760 	2754
f 2758 	2760 	2755
f 2759 	2761 	2756
f 2758 	2776 	2764
f 2758 	2764 	2760
f 2755 	2760 	2752
f 2746 	2756 	2761
f 2761 	2762 	2746
f 2769 	2776 	2758
f 2763 	2765 	2751
f 2757 	2751 	2765
f 2765 	2766 	2757
f 2754 	2783 	2784
f 2765 	3200 	2766
f 2759 	2757 	2766
f 2759 	2767 	2761
f 2766 	2767 	2759
f 2767 	2768 	2761
f 2761 	2768 	2762
f 3195 	3200 	2765
f 2769 	2773 	2776
f 2773 	2778 	2776
f 2786 	2764 	2776
f 2776 	2778 	2786
f 2775 	3248 	2777
f 2787 	2780 	2779
f 2764 	2783 	2760
f 2781 	2791 	2782
f 2760 	2783 	2754
f 2779 	2785 	2787
f 2792 	2785 	2782
f 2764 	2786 	2788
f 2772 	2780 	2787
f 2783 	2764 	2788
f 2788 	2790 	2783
f 2794 	2788 	2786
f 2789 	2791 	2781
f 2783 	2790 	2784
f 2782 	2791 	2792
f 2778 	2793 	2786
f 2793 	2794 	2786
f 2788 	2795 	2790
f 2787 	3243 	2772
f 2794 	2795 	2788
f 2791 	2789 	3261
f 2797 	2804 	2799
f 2804 	2797 	2753
f 2804 	2805 	2799
f 2799 	2805 	2811
f 2753 	2754 	2808
f 2808 	2804 	2753
f 2804 	2819 	2805
f 2819 	2821 	2805
f 2812 	2816 	2814
f 2815 	2816 	2812
f 2811 	2805 	2815
f 2811 	2815 	2812
f 2815 	2805 	2821
f 2821 	2823 	2815
f 2815 	2823 	2816
f 2819 	2804 	2808
f 2826 	2819 	2808
f 2819 	2828 	2821
f 2826 	2828 	2819
f 3031 	2820 	2822
f 2828 	2829 	2821
f 2821 	2829 	2823
f 2808 	2754 	2784
f 2784 	2826 	2808
f 2827 	2818 	2817
f 2827 	2820 	2818
f 2784 	2830 	2826
f 2827 	2822 	2820
f 2827 	2824 	2822
f 2790 	2830 	2784
f 2827 	2825 	2824
f 2830 	2831 	2826
f 2827 	2803 	2825
f 2834 	2869 	2830
f 2827 	2806 	2803
f 2830 	2869 	2831
f 2827 	2807 	2806
f 2831 	2828 	2826
f 2827 	2809 	2807
f 2831 	2832 	2828
f 2827 	2810 	2809
f 2828 	2832 	2829
f 2795 	2834 	2790
f 2790 	2834 	2830
f 2835 	2833 	2827
f 2835 	2827 	2817
f 2812 	2814 	7413
f 2838 	2842 	7288
f 2838 	7288 	2839
f 2837 	2847 	2843
f 2846 	2847 	2837
f 2847 	2848 	2843
f 2843 	2848 	2844
f 2844 	2850 	2845
f 2839 	2849 	7603
f 2848 	2850 	2844
f 2849 	7291 	2852
f 7289 	7291 	2849
f 2851 	2853 	2846
f 2852 	4780 	2854
f 7291 	4780 	2852
f 2846 	2853 	2847
f 2855 	2848 	2847
f 2853 	2855 	2847
f 2855 	2859 	2848
f 2848 	2859 	2850
f 2857 	2871 	2862
f 7587 	2862 	2770
f 2860 	2863 	2861
f 2770 	2864 	2771
f 2862 	2864 	2770
f 2771 	2866 	2774
f 2864 	2866 	2771
f 2856 	2870 	2858
f 2868 	2870 	2856
f 2831 	2872 	2832
f 2831 	2869 	2872
f 2867 	2871 	2857
f 2871 	2873 	2862
f 2862 	2873 	2864
f 2834 	3377 	2869
f 2873 	2875 	2864
f 2864 	2875 	2866
f 2874 	2906 	7638
f 2871 	3007 	2873
f 3007 	3009 	2873
f 2873 	3009 	2875
f 2878 	2898 	2886
f 2878 	2886 	2879
f 2980 	2883 	2882
f 2883 	2980 	2981
f 2883 	2981 	2884
f 2880 	2889 	2881
f 2888 	2879 	2886
f 2886 	2891 	2888
f 2886 	2890 	2891
f 2888 	2880 	2879
f 2889 	2880 	2888
f 2888 	2892 	2889
f 2888 	2891 	2892
f 2890 	2894 	2891
f 2890 	2893 	2894
f 2891 	2894 	2895
f 2891 	2895 	2892
f 2893 	3690 	2894
f 3691 	2895 	2894
f 7563 	2898 	2878
f 7563 	2897 	2898
f 2896 	2899 	2900
f 2896 	2900 	2897
f 2897 	2900 	2901
f 2900 	2904 	2901
f 2897 	2901 	2898
f 2890 	2886 	2898
f 2901 	2890 	2898
f 2899 	2902 	2903
f 2900 	2899 	2903
f 2904 	2900 	2903
f 2901 	2893 	2890
f 2901 	2904 	2893
f 2905 	3721 	3723
f 2902 	2905 	3723
f 2906 	3634 	2907
f 2916 	2922 	2907
f 2908 	2909 	7653
f 2906 	2912 	2908
f 2907 	2912 	2906
f 2912 	2913 	2908
f 2908 	2913 	2909
f 2909 	2914 	2910
f 2909 	2913 	2914
f 2910 	2914 	2915
f 2910 	2915 	2911
f 2907 	2922 	2912
f 2912 	2923 	2913
f 2912 	2922 	2923
f 2924 	2914 	2913
f 2918 	3196 	2917
f 2914 	2919 	2915
f 2914 	2924 	2919
f 2924 	2920 	2919
f 2921 	3338 	3847
f 2913 	2923 	2924
f 2927 	2863 	2860
f 2863 	2932 	2865
f 6933 	2925 	2860
f 2925 	2927 	2860
f 2932 	2863 	2927
f 2925 	2929 	2927
f 2928 	2929 	2925
f 2929 	2935 	2927
f 2946 	2941 	2885
f 2930 	2931 	2928
f 2928 	2931 	2929
f 2948 	2926 	2950
f 2927 	2935 	2932
f 7674 	2885 	2941
f 2933 	2868 	2865
f 2926 	2947 	2885
f 2946 	2885 	2947
f 2932 	2933 	2865
f 2933 	2934 	2868
f 2933 	2937 	2934
f 2868 	2934 	2870
f 2935 	2936 	2932
f 2932 	2936 	2933
f 2936 	2937 	2933
f 2929 	2938 	2935
f 2931 	2938 	2929
f 2938 	2939 	2935
f 2938 	2954 	2939
f 2935 	2939 	2936
f 2939 	2940 	2936
f 2936 	2940 	2937
f 2953 	2954 	2938
f 2950 	2926 	2958
f 2943 	6951 	2942
f 2944 	2945 	2930
f 2947 	2926 	2948
f 2930 	2945 	2931
f 2953 	2938 	2931
f 2949 	2943 	2942
f 2944 	2943 	2951
f 2943 	2949 	2951
f 2951 	2952 	2944
f 2944 	2952 	2945
f 2948 	2962 	2947
f 2941 	2946 	2962
f 2949 	2963 	2951
f 2946 	2947 	2962
f 2951 	2964 	2952
f 2948 	2950 	2962
f 2945 	2953 	2931
f 2958 	2979 	2957
f 2939 	2955 	2940
f 2954 	2955 	2939
f 2952 	2956 	2945
f 2953 	2945 	2956
f 2956 	2959 	2953
f 2953 	2959 	2954
f 2954 	2960 	2955
f 2959 	2960 	2954
f 2958 	2957 	2962
f 2958 	2962 	2950
f 2961 	2963 	2949
f 2964 	2951 	2963
f 2952 	2964 	2966
f 2964 	2972 	2966
f 2952 	2966 	2956
f 2968 	2956 	2966
f 2966 	2973 	2968
f 2965 	2996 	3001
f 2972 	2973 	2966
f 2965 	3001 	2967
f 2956 	2968 	2959
f 2968 	2970 	2959
f 2957 	2979 	2969
f 2979 	2967 	2969
f 2959 	2970 	2960
f 2957 	2969 	3002
f 3001 	3002 	2967
f 2967 	3002 	2969
f 2971 	2964 	2963
f 2971 	2972 	2964
f 2957 	3002 	2962
f 2968 	2974 	2970
f 2973 	2974 	2968
f 2867 	3004 	2871
f 3004 	3007 	2871
f 2972 	6897 	2973
f 2973 	3212 	2974
f 2975 	3208 	3184
f 2975 	3184 	2976
f 2980 	2882 	2887
f 2887 	2982 	2983
f 2887 	2983 	2980
f 2983 	2984 	2980
f 2980 	2984 	2981
f 2982 	3104 	2985
f 2985 	2876 	2982
f 2983 	2982 	2876
f 2983 	2877 	2984
f 2983 	2876 	2877
f 2986 	2989 	2987
f 2987 	2990 	2988
f 2987 	2989 	2990
f 2989 	2883 	2884
f 2989 	2884 	2990
f 7289 	2849 	2839
f 2979 	2958 	2926
f 2995 	2965 	2979
f 2996 	2965 	2995
f 2967 	2979 	2965
f 3035 	2997 	2993
f 2995 	2998 	2996
f 2993 	2997 	2999
f 2993 	2999 	2994
f 2999 	3000 	2994
f 3001 	2996 	2998
f 3003 	2867 	2962
f 7432 	3000 	3175
f 2962 	3002 	3003
f 3004 	2867 	3003
f 3053 	3010 	3005
f 3007 	3517 	3009
f 3011 	3006 	3005
f 3011 	3012 	3006
f 3006 	3012 	3008
f 3003 	3002 	3512
f 3512 	3514 	3003
f 3003 	3514 	3004
f 3007 	3004 	3515
f 3514 	3515 	3004
f 3010 	3011 	3005
f 3515 	3517 	3007
f 3012 	3013 	3008
f 3014 	3015 	3062
f 3010 	3062 	3015
f 3015 	3016 	3010
f 3010 	3016 	3011
f 3011 	3017 	3012
f 3016 	3017 	3011
f 3020 	3021 	3055
f 2994 	3015 	3014
f 2994 	3014 	2993
f 3022 	3023 	2836
f 3025 	3017 	3016
f 2827 	3023 	3022
f 3023 	2833 	3041
f 2994 	3024 	3015
f 3024 	3016 	3015
f 3023 	2827 	2833
f 3024 	3025 	3016
f 3025 	7412 	3017
f 2994 	3000 	3024
f 3025 	7416 	7412
f 2827 	3018 	3019
f 3020 	3018 	2827
f 3020 	2827 	3021
f 3022 	3021 	2827
f 3026 	3034 	3028
f 3033 	3034 	3026
f 3060 	3028 	3030
f 3027 	3032 	3033
f 3033 	3026 	3027
f 3034 	3035 	3028
f 3029 	2818 	2820
f 3034 	3040 	3035
f 3029 	2820 	3031
f 3028 	3035 	3030
f 3031 	2822 	2813
f 2993 	3030 	3035
f 3032 	3036 	3033
f 2822 	2824 	2813
f 3037 	3036 	3032
f 3033 	3036 	3039
f 3033 	3039 	3034
f 3040 	3034 	3039
f 2836 	3041 	3073
f 3035 	3040 	2997
f 3042 	3043 	3038
f 3043 	3042 	2835
f 3040 	3172 	2997
f 3044 	2818 	3029
f 3041 	2836 	3023
f 3046 	3048 	3049
f 2833 	3042 	3041
f 3046 	3049 	3045
f 3042 	2833 	2835
f 3045 	3049 	3050
f 3045 	3050 	3047
f 3043 	2835 	2817
f 3043 	2817 	3044
f 2817 	2818 	3044
f 3047 	3050 	3051
f 3052 	3020 	3055
f 3005 	3006 	3845
f 3054 	3018 	3052
f 3049 	3060 	3050
f 3054 	3019 	3018
f 3018 	3020 	3052
f 3021 	3056 	3055
f 3062 	3053 	3051
f 3021 	3022 	3056
f 3056 	3022 	2836
f 3062 	3010 	3053
f 3048 	3057 	3058
f 3058 	3049 	3048
f 3060 	3049 	3058
f 3051 	3050 	3061
f 3050 	3060 	3061
f 3061 	3062 	3051
f 3041 	3042 	3059
f 3059 	3042 	3038
f 3064 	3066 	3067
f 3064 	3067 	3063
f 3063 	3068 	3065
f 3067 	3068 	3063
f 3068 	3072 	3065
f 3066 	3052 	3067
f 3054 	3052 	3066
f 3052 	3055 	3067
f 3055 	3068 	3067
f 3055 	3056 	3068
f 3318 	3065 	3070
f 3065 	3072 	3070
f 3070 	3071 	3069
f 3068 	3056 	3072
f 3072 	3073 	3070
f 3070 	3073 	3071
f 3073 	3059 	3071
f 3072 	2836 	3073
f 3056 	2836 	3072
f 3073 	3041 	3059
f 3077 	3075 	3074
f 3029 	3031 	3075
f 3038 	3043 	3076
f 3076 	3043 	3044
f 3076 	3044 	3077
f 3077 	3044 	3029
f 3029 	3075 	3077
f 3078 	3079 	3791
f 3069 	3071 	3081
f 3082 	3083 	3080
f 3082 	3085 	3083
f 3080 	3083 	3078
f 3079 	3078 	3083
f 3082 	3081 	3084
f 3071 	3084 	3081
f 3084 	3085 	3082
f 3087 	2998 	2995
f 2995 	3086 	3087
f 3089 	3501 	3086
f 3160 	3162 	3089
f 3167 	2992 	2986
f 3499 	3500 	3086
f 2991 	3650 	3113
f 3001 	2998 	3087
f 2992 	2991 	3088
f 3088 	2991 	3113
f 3090 	3091 	3092
f 2992 	3088 	3093
f 3113 	3096 	3088
f 3090 	3094 	3091
f 3094 	3095 	3091
f 3089 	3091 	3095
f 3095 	3405 	3089
f 3088 	2882 	3093
f 3096 	2882 	3088
f 2992 	3093 	2986
f 3093 	2989 	2986
f 3093 	2882 	2883
f 2796 	2801 	2802
f 3093 	2883 	2989
f 3096 	2887 	2882
f 3100 	2887 	3096
f 2801 	3110 	2802
f 3098 	3103 	3104
f 3103 	3111 	3104
f 3098 	3104 	3100
f 3100 	2982 	2887
f 3100 	3104 	2982
f 3134 	3108 	3102
f 3103 	3102 	3109
f 3102 	3108 	3109
f 3110 	3106 	3105
f 3110 	3107 	3106
f 3111 	3103 	3109
f 2985 	3104 	3111
f 3110 	3117 	3116
f 3110 	3121 	3120
f 3110 	3123 	3121
f 3110 	2798 	3123
f 3110 	2800 	2798
f 3110 	2801 	2800
f 3097 	2802 	3110
f 3110 	3099 	3097
f 3110 	3101 	3099
f 3114 	3113 	3112
f 3107 	3115 	3229
f 3107 	3110 	3115
f 3113 	3114 	3096
f 3100 	3096 	3114
f 3118 	3122 	3124
f 3122 	3125 	3124
f 3118 	3124 	3112
f 3114 	3112 	3124
f 3110 	3116 	3115
f 3117 	3110 	3119
f 3110 	3120 	3119
f 3124 	3125 	3098
f 3114 	3124 	3098
f 3100 	3114 	3098
f 3125 	3102 	3103
f 3125 	3103 	3098
f 3130 	3657 	5343
f 3128 	3130 	3132
f 3126 	3131 	3133
f 3128 	3132 	3122
f 3132 	3125 	3122
f 3130 	3134 	3132
f 3132 	3102 	3125
f 3132 	3134 	3102
f 3129 	3127 	3123
f 3129 	3123 	2798
f 2798 	3131 	3129
f 3131 	2800 	3133
f 2798 	2800 	3131
f 3133 	2801 	2796
f 3133 	2800 	2801
f 3138 	3119 	3139
f 3138 	3117 	3119
f 3136 	3116 	3117
f 3135 	3145 	3140
f 3138 	3136 	3117
f 3144 	3145 	3135
f 3140 	3145 	3146
f 3139 	3119 	3120
f 3140 	3146 	3142
f 3139 	3120 	3141
f 3142 	3147 	3143
f 3141 	3121 	3127
f 3142 	3146 	3147
f 3141 	3120 	3121
f 3127 	3121 	3123
f 3144 	3148 	3150
f 3144 	3150 	3145
f 3152 	3146 	3145
f 4449 	3153 	3151
f 3152 	3145 	3150
f 3146 	3152 	3155
f 3151 	3225 	3154
f 3146 	3155 	3147
f 3151 	3153 	3219
f 3219 	3225 	3151
f 3092 	3157 	3090
f 3090 	3157 	3158
f 3094 	3090 	3158
f 3538 	3152 	3150
f 3152 	3540 	3155
f 3152 	3538 	3540
f 3095 	3094 	3158
f 3089 	3161 	3160
f 3162 	3501 	3089
f 3499 	3086 	3501
f 3154 	3165 	3149
f 2986 	3159 	3167
f 3149 	3165 	3156
f 3159 	2987 	3163
f 3165 	3166 	3156
f 2987 	3159 	2986
f 3163 	2987 	2988
f 3156 	3166 	3164
f 3163 	2988 	3137
f 3058 	3057 	3026
f 3057 	3027 	3026
f 3275 	3650 	2991
f 3026 	3028 	3058
f 3058 	3028 	3060
f 3167 	3276 	2992
f 3061 	3060 	3030
f 3030 	3014 	3061
f 3030 	2993 	3014
f 3061 	3014 	3062
f 3172 	3040 	3170
f 3170 	3176 	3172
f 2997 	3174 	2999
f 2997 	3172 	3174
f 3000 	2999 	3175
f 3168 	3178 	3167
f 3175 	2999 	3174
f 3168 	3159 	3169
f 3168 	3167 	3159
f 3169 	3159 	3163
f 3177 	3174 	3172
f 3169 	3163 	3171
f 3171 	3137 	3173
f 3177 	3172 	3176
f 3171 	3163 	3137
f 3200 	3202 	2766
f 3037 	3179 	3036
f 2766 	3202 	2767
f 3179 	3037 	3180
f 3181 	3039 	3036
f 3036 	3179 	3181
f 3039 	3181 	3170
f 2977 	3187 	2978
f 3170 	3040 	3039
f 3185 	2976 	3184
f 3184 	3192 	3185
f 3184 	3191 	3192
f 3186 	2922 	2916
f 3185 	2977 	2976
f 2916 	2917 	3186
f 3195 	2763 	3183
f 3187 	2977 	3185
f 3186 	3188 	2922
f 2922 	3188 	2923
f 3190 	2924 	2923
f 3189 	3214 	3182
f 3190 	2923 	3188
f 2924 	3190 	2920
f 3185 	3193 	3187
f 3185 	3192 	3193
f 3190 	2921 	2920
f 2765 	2763 	3195
f 3191 	3197 	3192
f 2917 	3196 	3186
f 3191 	3194 	3197
f 3192 	3197 	3199
f 3186 	3198 	3188
f 3195 	3205 	3200
f 3186 	3196 	3198
f 3215 	3205 	3195
f 3188 	3198 	3201
f 3192 	3199 	3193
f 3201 	3190 	3188
f 2921 	3190 	3201
f 2767 	3203 	2768
f 3194 	5425 	3197
f 3335 	3196 	2918
f 3202 	3203 	2767
f 3183 	3182 	3214
f 3335 	3336 	3196
f 3196 	3336 	3198
f 3195 	3183 	3215
f 3200 	3207 	3202
f 3205 	3207 	3200
f 3202 	3209 	3203
f 3207 	3209 	3202
f 3201 	3338 	2921
f 3204 	3210 	3213
f 3214 	3215 	3183
f 3204 	3213 	3206
f 3214 	3220 	3215
f 3217 	3220 	3214
f 3206 	3213 	3216
f 3213 	3226 	3216
f 3206 	3216 	3208
f 3191 	3184 	3208
f 3216 	3191 	3208
f 3165 	3229 	3166
f 3289 	3217 	3189
f 3189 	3217 	3214
f 3210 	3218 	3222
f 3205 	3215 	3221
f 3220 	3221 	3215
f 3153 	3223 	3219
f 3224 	3207 	3205
f 3213 	3210 	3222
f 3231 	3219 	3223
f 3221 	3224 	3205
f 3226 	3213 	3222
f 3224 	3227 	3207
f 3216 	3194 	3191
f 3216 	3226 	3194
f 3207 	3227 	3209
f 3225 	3228 	3154
f 3228 	3107 	3229
f 3220 	3292 	3221
f 3223 	3230 	3231
f 3219 	3105 	3225
f 3232 	5518 	5520
f 3231 	3105 	3219
f 3232 	5520 	3218
f 3105 	3106 	3225
f 3225 	3106 	3228
f 3106 	3107 	3228
f 2745 	3235 	3399
f 3235 	2745 	2748
f 2748 	3242 	3235
f 3230 	3110 	3231
f 3110 	3105 	3231
f 3237 	3164 	3166
f 3261 	3237 	3238
f 3154 	3228 	3165
f 3228 	3229 	3165
f 3240 	3237 	3166
f 3166 	3229 	3240
f 3240 	3136 	3237
f 3116 	3136 	3240
f 3237 	3136 	3238
f 3136 	3138 	3238
f 3115 	3240 	3229
f 3235 	3244 	3241
f 3115 	3116 	3240
f 2748 	2762 	3242
f 3245 	2772 	3243
f 3242 	3244 	3235
f 3244 	3246 	3241
f 3243 	3252 	3245
f 3244 	3250 	3246
f 3245 	2775 	2772
f 3248 	2775 	3245
f 2762 	3247 	3242
f 2768 	3247 	2762
f 3247 	3249 	3242
f 3249 	3244 	3242
f 3252 	3243 	3251
f 3248 	3245 	3253
f 3248 	3253 	3254
f 3252 	3253 	3245
f 3251 	3257 	3252
f 3251 	3256 	3257
f 3257 	3258 	3252
f 3127 	3258 	3257
f 3253 	3252 	3258
f 3253 	3259 	3254
f 3253 	3258 	3259
f 3254 	3259 	3126
f 3255 	3138 	3139
f 3255 	3139 	3256
f 3256 	3141 	3257
f 3256 	3139 	3141
f 3127 	3257 	3141
f 3258 	3127 	3129
f 3258 	3129 	3259
f 3259 	3131 	3126
f 3259 	3129 	3131
f 3260 	2787 	2785
f 2785 	2792 	3260
f 2787 	3260 	3243
f 3261 	2789 	3164
f 3164 	3237 	3261
f 2791 	3262 	2792
f 3261 	3262 	2791
f 2792 	3262 	3263
f 3260 	2792 	3263
f 3260 	3263 	3251
f 3260 	3251 	3243
f 2974 	3212 	3211
f 3249 	3250 	3244
f 3246 	3267 	3239
f 3250 	3267 	3246
f 3267 	3437 	3239
f 2768 	3268 	3247
f 3269 	3249 	3247
f 3249 	3270 	3250
f 2768 	3203 	3268
f 3269 	3247 	3268
f 3340 	3169 	3171
f 3269 	3270 	3249
f 3340 	3171 	3341
f 3209 	3271 	3203
f 3341 	3171 	3173
f 3203 	3271 	3268
f 3271 	3272 	3268
f 3268 	3272 	3269
f 3269 	3272 	3277
f 3269 	3277 	3270
f 3277 	3278 	3270
f 3273 	3276 	3178
f 3273 	3275 	3276
f 3276 	3167 	3178
f 3275 	3274 	3650
f 3209 	3279 	3271
f 2991 	3276 	3275
f 3279 	3209 	3227
f 3276 	2991 	2992
f 3279 	3280 	3271
f 3279 	3301 	3280
f 3272 	3271 	3280
f 3280 	3281 	3272
f 3277 	3272 	3281
f 3281 	3282 	3277
f 3277 	3282 	3278
f 3270 	3283 	3250
f 3250 	3283 	3267
f 3285 	3267 	3283
f 3283 	3270 	3278
f 3283 	3278 	3286
f 3283 	3286 	3285
f 3290 	3217 	3289
f 3284 	3274 	3275
f 3287 	3290 	3289
f 3284 	3275 	3273
f 3217 	3291 	3220
f 3290 	3291 	3217
f 3291 	3292 	3220
f 3221 	3293 	3224
f 3292 	3293 	3221
f 3293 	3294 	3224
f 3224 	3294 	3227
f 3352 	3353 	3292
f 3292 	3353 	3293
f 3293 	3288 	3294
f 3298 	3286 	3278
f 3278 	3282 	3298
f 3297 	3299 	3265
f 3453 	3286 	3298
f 3300 	3279 	3227
f 3265 	3299 	3266
f 3227 	3294 	3300
f 3300 	3301 	3279
f 3266 	3302 	3359
f 3299 	3302 	3266
f 3303 	3281 	3280
f 3280 	3301 	3303
f 3281 	3303 	3304
f 3281 	3304 	3282
f 3083 	3305 	3079
f 3304 	3296 	3282
f 3085 	3305 	3083
f 3079 	3305 	3074
f 3296 	3298 	3282
f 3071 	3059 	3084
f 3084 	3038 	3085
f 3059 	3038 	3084
f 3038 	3076 	3085
f 3306 	7051 	7052
f 3085 	3076 	3305
f 3305 	3077 	3074
f 3076 	3077 	3305
f 3303 	3301 	3364
f 3307 	3306 	7052
f 3307 	5269 	3308
f 3307 	7052 	5269
f 3309 	3310 	3321
f 3309 	3312 	3313
f 3310 	3309 	3313
f 3310 	3314 	3311
f 3313 	3314 	3310
f 3314 	3315 	3311
f 3316 	3317 	3312
f 3312 	3317 	3313
f 3317 	3318 	3313
f 3313 	3318 	3314
f 3314 	3069 	3315
f 3318 	3069 	3314
f 3069 	3081 	3315
f 3063 	3317 	3316
f 3063 	3316 	3064
f 3063 	3065 	3317
f 3317 	3065 	3318
f 3318 	3070 	3069
f 3320 	3319 	3321
f 3320 	3311 	3322
f 3310 	3320 	3321
f 3320 	3310 	3311
f 3080 	3078 	3323
f 3325 	3329 	3326
f 3325 	3328 	3329
f 3326 	3330 	3837
f 3326 	3329 	3330
f 3327 	7075 	3328
f 3328 	7077 	3329
f 3328 	7075 	7077
f 3330 	7051 	3306
f 3332 	3355 	3333
f 3333 	3334 	3331
f 3332 	3354 	3355
f 3355 	3356 	3333
f 3333 	3356 	3334
f 3178 	3407 	3406
f 3331 	3335 	2918
f 3178 	3168 	3407
f 3335 	3343 	3336
f 3337 	3201 	3198
f 3198 	3336 	3337
f 3338 	3201 	3337
f 3345 	3338 	3337
f 3331 	3334 	3335
f 3335 	3334 	3343
f 3336 	3343 	3344
f 3337 	3336 	3344
f 3344 	3345 	3337
f 3339 	3407 	3168
f 3847 	3338 	3346
f 3340 	3339 	3169
f 3338 	3345 	3346
f 3339 	3168 	3169
f 3343 	3452 	3344
f 3351 	3352 	3291
f 3353 	3288 	3293
f 3354 	3360 	3355
f 3349 	3287 	3358
f 3561 	3358 	3357
f 3359 	3360 	3354
f 3360 	3361 	3355
f 3360 	3367 	3361
f 3365 	3367 	3360
f 3355 	3361 	3356
f 3361 	3348 	3356
f 3356 	3348 	3584
f 3302 	3365 	3359
f 3359 	3365 	3360
f 3361 	3350 	3348
f 3367 	3350 	3361
f 3233 	3370 	3234
f 3233 	3369 	3370
f 3234 	3370 	3371
f 3370 	3376 	3371
f 3234 	3371 	3236
f 3236 	3032 	3027
f 3236 	3371 	3032
f 3369 	3715 	3372
f 3369 	3372 	3374
f 3374 	3370 	3369
f 3376 	3370 	3374
f 3371 	3376 	3037
f 3373 	3366 	3561
f 3375 	3373 	3561
f 3769 	3368 	3767
f 3371 	3037 	3032
f 3379 	3324 	3322
f 3379 	3322 	3311
f 3379 	3380 	3324
f 3311 	3315 	3379
f 3379 	3381 	3380
f 3379 	3315 	3381
f 2756 	2746 	3377
f 3381 	3080 	3380
f 2748 	3378 	2746
f 3381 	3082 	3080
f 3380 	3080 	3323
f 3377 	2746 	3378
f 3315 	3081 	3381
f 3081 	3082 	3381
f 3378 	2748 	2745
f 2751 	2757 	3383
f 3383 	2757 	3384
f 2759 	2756 	3384
f 2757 	2759 	3384
f 2763 	2751 	3388
f 3390 	2763 	3388
f 3389 	3398 	3393
f 4488 	3394 	4478
f 3390 	4189 	3182
f 3391 	3182 	4189
f 3390 	3183 	2763
f 3182 	3183 	3390
f 3392 	3391 	4195
f 3389 	3397 	3398
f 3392 	3189 	3391
f 4488 	3393 	3394
f 3289 	3189 	3392
f 3395 	3387 	3386
f 3182 	3391 	3189
f 3395 	3386 	3396
f 3387 	3395 	3397
f 3449 	3397 	3395
f 3387 	3397 	3389
f 3444 	3289 	3392
f 7149 	2872 	3399
f 3393 	3398 	3401
f 3235 	3241 	3399
f 3393 	3401 	3394
f 3400 	3399 	3241
f 3394 	3446 	3385
f 3394 	3401 	3446
f 3400 	3241 	3402
f 3173 	3342 	3341
f 3498 	3382 	3385
f 3178 	3406 	3273
f 3403 	3438 	3404
f 3089 	3405 	3161
f 3405 	3506 	3161
f 3162 	3160 	3506
f 3160 	3161 	3506
f 3429 	3428 	3284
f 3408 	3274 	3284
f 3408 	3674 	3274
f 3406 	3410 	3273
f 3284 	3410 	3429
f 3284 	3273 	3410
f 3408 	3284 	3428
f 3674 	3408 	3412
f 3410 	3406 	3416
f 3407 	3339 	3419
f 3422 	3421 	3341
f 3417 	3429 	3410
f 3416 	3417 	3410
f 3419 	3418 	3407
f 3426 	3427 	3408
f 3341 	3342 	3422
f 3414 	3412 	3413
f 3414 	3415 	3412
f 3409 	3414 	3413
f 3409 	3692 	3414
f 3340 	3341 	3421
f 3342 	3423 	3422
f 3406 	3418 	3416
f 3406 	3407 	3418
f 3339 	3420 	3419
f 3421 	3420 	3340
f 3339 	3340 	3420
f 3424 	3425 	3412
f 3425 	3413 	3412
f 3412 	3408 	3424
f 3427 	3424 	3408
f 3428 	3426 	3408
f 3427 	3409 	3424
f 3424 	3409 	3425
f 3413 	3425 	3409
f 3416 	3418 	3409
f 3427 	3426 	3409
f 3417 	3416 	3409
f 3411 	3409 	3418
f 3418 	3419 	3411
f 3420 	3421 	3411
f 3419 	3420 	3411
f 3421 	3422 	3411
f 3422 	3423 	3411
f 3396 	3386 	3404
f 3402 	3241 	3246
f 3402 	3239 	3430
f 3246 	3239 	3402
f 3433 	3430 	3239
f 3442 	3434 	3431
f 3431 	3435 	3432
f 3431 	3434 	3435
f 3432 	3436 	3403
f 3432 	3435 	3436
f 3437 	3433 	3239
f 3437 	4259 	3433
f 3437 	3267 	3285
f 3285 	3439 	3437
f 3438 	3403 	3436
f 3404 	3438 	3396
f 3434 	3463 	3435
f 3438 	3436 	3466
f 3439 	4413 	4267
f 3439 	3285 	3440
f 3285 	3286 	3440
f 3440 	4413 	3439
f 3431 	4509 	3441
f 3441 	3442 	3431
f 3432 	4509 	3431
f 3392 	4391 	3444
f 4391 	3443 	3444
f 3516 	3519 	3442
f 3442 	3441 	3516
f 3444 	3443 	3445
f 3347 	3445 	3443
f 3287 	3444 	3445
f 3287 	3289 	3444
f 3347 	3357 	3445
f 3447 	3395 	3396
f 3445 	3358 	3287
f 3445 	3357 	3358
f 3396 	3448 	3447
f 3449 	3395 	3447
f 3450 	3398 	3397
f 3397 	3449 	3450
f 3287 	3349 	3290
f 3349 	3351 	3290
f 3351 	3291 	3290
f 3398 	3450 	3451
f 3352 	3292 	3291
f 3294 	3288 	3362
f 3294 	3362 	3300
f 3300 	3363 	3301
f 3362 	3363 	3300
f 3363 	3364 	3301
f 3303 	3366 	3304
f 3398 	3451 	3401
f 3366 	3303 	3364
f 3296 	3304 	3373
f 3401 	3451 	3456
f 3304 	3366 	3373
f 3373 	3375 	3296
f 3446 	3401 	3456
f 3453 	3440 	3286
f 3446 	3456 	3637
f 3454 	3453 	3298
f 3298 	3296 	3454
f 3449 	3447 	7297
f 3454 	3368 	3453
f 3296 	3375 	3454
f 3767 	3368 	3454
f 3767 	3454 	3375
f 3455 	3440 	3453
f 3453 	3368 	3455
f 3368 	3805 	3455
f 3449 	7297 	7298
f 3449 	7298 	3450
f 4803 	3461 	3457
f 3434 	3442 	3460
f 3460 	3462 	3434
f 3463 	3434 	3462
f 3459 	3468 	3461
f 3435 	3463 	3464
f 3435 	3464 	3436
f 3466 	3436 	3464
f 3438 	3466 	3448
f 3438 	3448 	3396
f 3461 	3465 	3457
f 3483 	3468 	3459
f 3344 	3469 	3345
f 3344 	3452 	3469
f 3470 	3465 	3461
f 3471 	3346 	3345
f 3461 	3468 	3470
f 3470 	3467 	3465
f 3471 	3345 	3469
f 3470 	3539 	3467
f 3452 	3584 	3473
f 3452 	3474 	3469
f 3473 	3474 	3452
f 3469 	3474 	3475
f 3472 	3484 	3485
f 3471 	3469 	3475
f 3475 	3325 	3471
f 3348 	3350 	3477
f 3477 	3473 	3348
f 3473 	3477 	3479
f 3473 	3479 	3474
f 3327 	3475 	3474
f 3484 	3472 	3478
f 3327 	3474 	3479
f 3482 	3570 	3476
f 3482 	3481 	3569
f 3482 	3569 	3570
f 3459 	3458 	3483
f 3458 	3472 	3483
f 3472 	3485 	3483
f 3483 	3486 	3468
f 3485 	3486 	3483
f 3486 	3487 	3468
f 3464 	2809 	3466
f 3466 	2810 	3448
f 3488 	3462 	3460
f 3495 	3533 	3496
f 3497 	3494 	3493
f 3496 	3497 	3493
f 3494 	3532 	3502
f 3532 	3494 	3497
f 3495 	3382 	3498
f 3533 	3495 	3498
f 3498 	3536 	3533
f 3534 	3497 	3496
f 3533 	3534 	3496
f 3405 	3095 	3506
f 3158 	3506 	3095
f 3804 	3489 	3594
f 3500 	3504 	3086
f 3594 	3489 	3492
f 3490 	3494 	3502
f 3499 	3501 	3507
f 3499 	3507 	3500
f 3502 	3491 	3490
f 3597 	3491 	3502
f 3506 	3507 	3162
f 3503 	3087 	3086
f 3503 	3086 	3504
f 3504 	3500 	3508
f 3507 	3508 	3500
f 3087 	3503 	3001
f 3503 	3504 	3001
f 3508 	3001 	3504
f 3510 	3002 	3001
f 3158 	3157 	3518
f 3518 	3506 	3158
f 3501 	3162 	3507
f 3001 	3508 	3510
f 3518 	3508 	3507
f 3518 	3510 	3508
f 3509 	3523 	3511
f 3512 	3002 	3510
f 3509 	3511 	3513
f 3511 	3669 	3513
f 3509 	3513 	3505
f 3516 	3505 	3513
f 3513 	3519 	3516
f 3520 	3527 	3521
f 3460 	3442 	3519
f 3520 	3525 	3527
f 3522 	3524 	3935
f 3937 	3525 	3520
f 3521 	3048 	3046
f 3521 	3527 	3048
f 4178 	3787 	3528
f 3528 	3526 	4178
f 3526 	3528 	3529
f 3524 	3606 	3525
f 3525 	3608 	3527
f 3525 	3606 	3608
f 3057 	3048 	3527
f 3793 	3528 	3787
f 3523 	3529 	3528
f 3530 	3529 	3509
f 3509 	3529 	3523
f 3530 	3509 	3505
f 3535 	3497 	3534
f 3532 	3497 	3535
f 3635 	3498 	3385
f 3635 	3536 	3498
f 3475 	3327 	3328
f 3409 	3428 	3429
f 3428 	3409 	3426
f 3475 	3328 	3325
f 3417 	3409 	3429
f 3470 	3468 	3487
f 3557 	3558 	3409
f 3148 	4077 	3537
f 3411 	3645 	3409
f 3484 	3543 	3550
f 3538 	3150 	3537
f 3537 	3542 	3547
f 3537 	3547 	3538
f 3487 	3539 	3470
f 3467 	3539 	3541
f 3486 	3554 	3487
f 3539 	3556 	3541
f 3543 	3478 	3476
f 3543 	3484 	3478
f 3645 	3559 	3409
f 3569 	3546 	3548
f 3561 	3549 	3548
f 3543 	3549 	3550
f 3645 	3411 	3647
f 3646 	3647 	3411
f 3550 	3562 	3484
f 3538 	3547 	3551
f 3484 	3562 	3485
f 3485 	3563 	3486
f 3538 	3551 	3540
f 3561 	3548 	3546
f 3552 	3409 	3553
f 3561 	3562 	3550
f 3539 	3487 	3555
f 3542 	4131 	3552
f 3554 	3555 	3487
f 3553 	3542 	3552
f 3555 	3556 	3539
f 3553 	3409 	3558
f 3541 	3556 	3560
f 3557 	3409 	3559
f 3560 	3347 	3541
f 3560 	3357 	3347
f 3561 	3357 	3560
f 3561 	3554 	3563
f 3561 	3555 	3554
f 3561 	3556 	3555
f 3561 	3560 	3556
f 3349 	3358 	3561
f 3561 	3351 	3349
f 3561 	3352 	3351
f 3561 	3353 	3352
f 3561 	3288 	3353
f 3563 	3485 	3562
f 3486 	3563 	3554
f 3545 	3561 	3544
f 3546 	3544 	3561
f 3550 	3549 	3561
f 3561 	3563 	3562
f 3480 	3566 	3481
f 3566 	3480 	3567
f 3569 	3481 	3566
f 3617 	7610 	3565
f 3565 	7610 	3568
f 3543 	3476 	3570
f 3544 	3566 	3567
f 3567 	3545 	3544
f 3546 	3566 	3544
f 3566 	3546 	3569
f 3570 	3569 	3548
f 3570 	3548 	3549
f 3570 	3549 	3543
f 3574 	3816 	3575
f 3575 	3816 	3567
f 3575 	3567 	3480
f 3576 	3811 	3577
f 3814 	3574 	3577
f 3769 	3805 	3368
f 3578 	3580 	3581
f 3583 	3814 	3582
f 3561 	3362 	3288
f 3561 	3363 	3362
f 3561 	3364 	3363
f 3561 	3366 	3364
f 3561 	3769 	3767
f 3561 	3772 	3769
f 3561 	3775 	3772
f 3561 	3579 	3786
f 7148 	3479 	3477
f 3479 	7148 	7074
f 3479 	7074 	3327
f 3584 	3343 	3334
f 3356 	3584 	3334
f 3584 	3452 	3343
f 3473 	3584 	3348
f 3586 	3592 	3587
f 3592 	3593 	3587
f 3587 	3593 	3588
f 3536 	3589 	3533
f 2858 	2870 	3590
f 3533 	3589 	3534
f 2858 	3590 	3585
f 3590 	3591 	3585
f 7275 	3534 	3589
f 3585 	3591 	3586
f 3586 	3591 	3592
f 3518 	3507 	3506
f 3518 	3512 	3510
f 3518 	3514 	3512
f 3518 	3515 	3514
f 3518 	3517 	3515
f 3597 	3492 	3491
f 3597 	3600 	3492
f 3595 	3599 	3601
f 3594 	3492 	3600
f 3595 	3601 	3596
f 3596 	3602 	3598
f 3596 	3601 	3602
f 3522 	3603 	3524
f 3522 	3531 	3603
f 3606 	3524 	3603
f 3923 	3607 	3604
f 3590 	3611 	3591
f 3604 	3609 	3605
f 3527 	3608 	3057
f 3604 	3607 	3609
f 3623 	3592 	3591
f 3605 	3599 	3595
f 3605 	3609 	3599
f 3233 	3603 	3531
f 3531 	3797 	3233
f 3603 	3233 	3234
f 3603 	3234 	3606
f 2870 	3610 	3590
f 3606 	3236 	3608
f 3234 	3236 	3606
f 3608 	3236 	3027
f 3610 	2870 	2934
f 3611 	3590 	3610
f 3608 	3027 	3057
f 3797 	3369 	3233
f 2934 	2937 	3613
f 3610 	2934 	3613
f 3610 	3616 	3611
f 3564 	3617 	3565
f 3613 	3616 	3610
f 3614 	3617 	3564
f 2937 	3619 	3613
f 3619 	2937 	2940
f 3616 	3613 	3620
f 3619 	3620 	3613
f 3571 	3742 	3572
f 7614 	3614 	3572
f 3620 	3651 	3658
f 3611 	3623 	3591
f 3625 	3593 	3592
f 3623 	3625 	3592
f 3593 	3625 	3640
f 3616 	3627 	3611
f 3611 	3627 	3623
f 3627 	3628 	3623
f 3008 	3622 	3621
f 3006 	3008 	3621
f 3623 	3628 	3625
f 3008 	3571 	3622
f 3620 	3630 	3616
f 3597 	3502 	3629
f 3630 	3627 	3616
f 3627 	3632 	3628
f 3502 	3532 	3629
f 3630 	3632 	3627
f 3632 	3644 	3628
f 3620 	3658 	3630
f 2906 	2874 	3634
f 3385 	3446 	3635
f 3639 	3634 	3633
f 3446 	3637 	3635
f 3639 	2907 	3634
f 3588 	3593 	3636
f 3588 	3636 	3633
f 3636 	3639 	3633
f 3615 	3862 	3624
f 3635 	7295 	3536
f 3641 	3639 	3636
f 7300 	3589 	3536
f 7295 	7300 	3536
f 2916 	2907 	3639
f 3593 	3640 	3636
f 3640 	3641 	3636
f 3641 	2916 	3639
f 2916 	3641 	2917
f 3558 	3542 	3553
f 3625 	3642 	3640
f 3628 	3642 	3625
f 3642 	3643 	3640
f 3557 	3547 	3542
f 3557 	3559 	3547
f 3640 	3643 	3641
f 3558 	3557 	3542
f 3451 	3450 	7299
f 3643 	2917 	3641
f 3628 	3644 	3642
f 3644 	3648 	3642
f 3559 	3645 	3547
f 3642 	3648 	3643
f 3643 	2918 	2917
f 3647 	3547 	3645
f 3648 	2918 	3643
f 3488 	2825 	2803
f 3646 	3551 	3647
f 3488 	2803 	3462
f 3462 	2803 	2806
f 3462 	2806 	3463
f 3463 	2807 	3464
f 2955 	3649 	2940
f 3547 	3647 	3551
f 2955 	2960 	3653
f 2807 	3463 	2806
f 2940 	3649 	3619
f 2809 	3464 	2807
f 3649 	3651 	3619
f 3649 	3656 	3651
f 3466 	2809 	2810
f 3653 	3656 	3649
f 3650 	3112 	3113
f 3651 	3620 	3619
f 3460 	3519 	3652
f 3780 	3031 	2813
f 3118 	3112 	3668
f 3668 	3112 	3650
f 3649 	2955 	3653
f 3652 	3654 	3488
f 2960 	3670 	3653
f 3655 	3128 	3122
f 3671 	3656 	3653
f 3488 	3460 	3652
f 3655 	3122 	3118
f 3670 	3671 	3653
f 3654 	2813 	2824
f 2825 	3488 	3654
f 2824 	2825 	3654
f 3630 	3659 	3632
f 3128 	3683 	3657
f 3658 	3659 	3630
f 3660 	3644 	3632
f 3659 	3660 	3632
f 3657 	3130 	3128
f 3651 	3662 	3658
f 3661 	3511 	3523
f 3656 	3662 	3651
f 3663 	3659 	3658
f 3668 	3650 	3274
f 3662 	3663 	3658
f 3663 	3665 	3659
f 3661 	3667 	3511
f 3659 	3665 	3660
f 3661 	3664 	3667
f 3511 	3667 	3669
f 3667 	3781 	3669
f 3655 	3118 	3666
f 3667 	3780 	3781
f 3261 	3238 	3262
f 3668 	3666 	3118
f 3238 	3255 	3262
f 3138 	3255 	3238
f 3263 	3262 	3255
f 3670 	2960 	2970
f 3263 	3256 	3251
f 3256 	3263 	3255
f 3656 	3672 	3662
f 3672 	3656 	3671
f 3672 	3676 	3662
f 3681 	3672 	3671
f 4244 	3673 	3675
f 3663 	3662 	3676
f 3674 	3685 	3666
f 3663 	3676 	3677
f 3674 	3666 	3668
f 3674 	3668 	3274
f 3663 	3677 	3665
f 3673 	2772 	2775
f 2775 	3675 	3673
f 2970 	2974 	3678
f 3675 	2775 	2777
f 2970 	3678 	3670
f 3678 	3679 	3670
f 3670 	3679 	3671
f 3679 	3681 	3671
f 3676 	3672 	3265
f 3681 	3265 	3672
f 3685 	3686 	3666
f 3676 	3266 	3677
f 3683 	3655 	3686
f 3265 	3266 	3676
f 3686 	3655 	3666
f 3266 	3359 	3677
f 3677 	3359 	3354
f 2974 	3211 	3678
f 3655 	3683 	3128
f 3682 	3680 	3958
f 3678 	3264 	3679
f 3211 	3264 	3678
f 3958 	4162 	3682
f 3679 	3295 	3681
f 3264 	3295 	3679
f 3295 	3297 	3681
f 3681 	3297 	3265
f 3644 	3660 	3684
f 3644 	3684 	3648
f 3331 	2918 	3648
f 3684 	3331 	3648
f 3332 	3684 	3660
f 3332 	3660 	3665
f 3332 	3333 	3684
f 3684 	3333 	3331
f 3354 	3332 	3665
f 3665 	3677 	3354
f 2902 	3687 	2903
f 2902 	3723 	3687
f 3688 	2904 	2903
f 2903 	3687 	3688
f 2904 	3688 	3689
f 3694 	3688 	3687
f 2893 	2904 	3689
f 3690 	2893 	3689
f 3695 	3689 	3688
f 3689 	3696 	3690
f 3689 	3695 	3696
f 3691 	2894 	3690
f 3690 	3697 	3691
f 3690 	3696 	3697
f 3687 	3693 	3694
f 3688 	3694 	3695
f 3709 	3657 	3683
f 3710 	3694 	3693
f 3698 	3695 	3694
f 3415 	3685 	3412
f 3685 	3674 	3412
f 3695 	3699 	3696
f 3700 	3697 	3696
f 3699 	3695 	3698
f 3415 	3722 	3685
f 3696 	3699 	3700
f 3699 	3703 	3700
f 3729 	3734 	3685
f 3698 	3701 	3702
f 3699 	3698 	3702
f 3415 	3414 	3692
f 3703 	3699 	3702
f 3729 	3685 	3722
f 3704 	3701 	3713
f 3701 	3704 	3706
f 3701 	3706 	3702
f 3705 	3686 	3731
f 3702 	3706 	3707
f 3702 	3707 	3703
f 3753 	3706 	3704
f 3704 	3752 	3753
f 3705 	3683 	3686
f 3728 	3708 	3693
f 3708 	3728 	3735
f 3710 	3693 	3708
f 3683 	3705 	3709
f 3698 	3694 	3710
f 3712 	3708 	3735
f 3709 	3711 	3657
f 3708 	3713 	3710
f 3708 	3712 	3713
f 3710 	3701 	3698
f 3710 	3713 	3701
f 3712 	3714 	3716
f 3797 	3715 	3369
f 3712 	3716 	3713
f 3713 	3716 	3704
f 3737 	3740 	3709
f 3716 	3714 	3770
f 3008 	3013 	3571
f 3626 	3622 	3571
f 3571 	3572 	3626
f 3731 	3732 	3705
f 3726 	3721 	2911
f 2915 	3726 	2911
f 3721 	3726 	3728
f 4067 	4068 	3705
f 4068 	3709 	3705
f 3721 	3728 	3723
f 3723 	3693 	3687
f 3693 	3723 	3728
f 3622 	3626 	3860
f 3692 	3722 	3415
f 3860 	3626 	3724
f 3724 	3730 	3725
f 3735 	3728 	3726
f 3730 	3724 	3626
f 3705 	3732 	3948
f 3725 	3730 	3564
f 2915 	3733 	3726
f 3734 	3731 	3686
f 3733 	2915 	2919
f 3686 	3685 	3734
f 3725 	3564 	3727
f 3726 	3733 	3735
f 4067 	3705 	4066
f 3948 	4066 	3705
f 3727 	3565 	3813
f 3564 	3565 	3727
f 3717 	3732 	3692
f 3572 	3730 	3626
f 3730 	3614 	3564
f 3572 	3614 	3730
f 3722 	3692 	3729
f 3715 	3612 	3720
f 3731 	3692 	3732
f 3612 	3719 	3720
f 3734 	3692 	3731
f 3372 	3715 	3720
f 3729 	3692 	3734
f 3853 	3719 	3718
f 3719 	3853 	3855
f 3719 	3855 	3720
f 3737 	3709 	3736
f 3740 	3943 	3709
f 3738 	3782 	3739
f 3738 	3779 	3782
f 3739 	3782 	3785
f 3741 	3785 	3531
f 3571 	3013 	3742
f 7614 	3572 	3742
f 2919 	2920 	3743
f 3743 	3733 	2919
f 3733 	3744 	3735
f 3013 	7409 	3742
f 3733 	3743 	3744
f 3712 	3735 	3744
f 2920 	2921 	3747
f 3743 	2920 	3747
f 3748 	3744 	3743
f 3743 	3747 	3748
f 3744 	3748 	3714
f 3744 	3714 	3712
f 2921 	3847 	3747
f 3745 	3750 	3746
f 3749 	3750 	3745
f 3750 	3751 	3746
f 3765 	3714 	3748
f 3752 	3704 	3716
f 3706 	3754 	3707
f 3753 	3754 	3706
f 3752 	3755 	3756
f 3757 	3746 	3751
f 3752 	3756 	3753
f 3753 	3758 	3754
f 3753 	3756 	3758
f 3561 	3580 	3579
f 3561 	3581 	3580
f 3561 	3582 	3581
f 3561 	3583 	3582
f 3764 	3802 	3765
f 3770 	3714 	3765
f 3762 	3861 	3763
f 3741 	3531 	3522
f 3669 	3519 	3513
f 3074 	3075 	3664
f 3375 	3561 	3767
f 3667 	3664 	3780
f 3664 	3075 	3780
f 3519 	3669 	3652
f 3669 	3781 	3652
f 3075 	3031 	3780
f 3561 	3783 	3775
f 3741 	3739 	3785
f 2813 	3781 	3780
f 3783 	3561 	3786
f 3781 	3654 	3652
f 3781 	2813 	3654
f 3778 	3788 	3779
f 4348 	3788 	3778
f 3545 	3583 	3561
f 3779 	3788 	3790
f 4252 	3078 	3791
f 4252 	3791 	3787
f 3779 	3790 	3782
f 3787 	3791 	3793
f 3782 	3794 	3785
f 3523 	3528 	3793
f 3782 	3790 	3794
f 3791 	3796 	3793
f 3785 	3797 	3531
f 3785 	3794 	3797
f 3791 	3079 	3796
f 3793 	3796 	3661
f 3664 	3661 	3796
f 3789 	3799 	3573
f 3661 	3523 	3793
f 3789 	3798 	3799
f 3796 	3079 	3074
f 3752 	3716 	3770
f 3799 	3578 	3573
f 3796 	3074 	3664
f 3799 	3580 	3578
f 3847 	3800 	3764
f 3573 	3578 	3576
f 3578 	3811 	3576
f 3802 	3764 	3800
f 3765 	3802 	3803
f 3783 	3795 	3792
f 3795 	3786 	3798
f 3765 	3803 	3770
f 3786 	3795 	3783
f 3770 	3803 	3755
f 3804 	4229 	3801
f 3579 	3799 	3798
f 3798 	3786 	3579
f 3799 	3579 	3580
f 3770 	3755 	3752
f 3804 	4238 	4229
f 3759 	7626 	3760
f 3760 	5050 	3761
f 3805 	3772 	3806
f 3769 	3772 	3805
f 3788 	3812 	3790
f 3797 	3794 	3715
f 3806 	3772 	3775
f 3806 	3775 	3792
f 4348 	3810 	3788
f 3783 	3792 	3775
f 3812 	3788 	3810
f 3814 	3577 	3811
f 3790 	3612 	3794
f 3807 	3815 	3808
f 3813 	3815 	3807
f 3812 	3612 	3790
f 3809 	3808 	3745
f 3612 	3715 	3794
f 3816 	3574 	3814
f 3815 	3745 	3808
f 3810 	3718 	3812
f 3745 	3746 	3809
f 3816 	3545 	3567
f 3812 	3718 	3719
f 3812 	3719 	3612
f 3820 	3746 	3757
f 3811 	3578 	3581
f 3582 	3811 	3581
f 3372 	3817 	3374
f 3811 	3582 	3814
f 3856 	3817 	3372
f 3816 	3814 	3583
f 3374 	3817 	3818
f 3583 	3545 	3816
f 3568 	3813 	3565
f 3374 	3818 	3376
f 3815 	3813 	3568
f 3376 	3818 	3180
f 3818 	2978 	3180
f 3568 	3749 	3815
f 3815 	3749 	3745
f 3376 	3180 	3037
f 3825 	3802 	3800
f 3809 	3820 	3980
f 3809 	3746 	3820
f 3803 	3828 	3830
f 3830 	3755 	3803
f 3346 	3471 	3823
f 3823 	3800 	3346
f 3819 	3824 	3827
f 3823 	3825 	3800
f 3802 	3828 	3803
f 4917 	3819 	3827
f 3802 	3825 	3828
f 3828 	3839 	3830
f 3829 	4917 	3827
f 3826 	3761 	3831
f 3828 	3837 	3839
f 3755 	3830 	3832
f 3830 	3841 	3832
f 3821 	3820 	3757
f 3789 	3827 	3824
f 3755 	3832 	3756
f 3757 	3759 	3821
f 3756 	3832 	3833
f 3821 	3759 	3822
f 3829 	3827 	3573
f 3826 	3822 	3760
f 3759 	3760 	3822
f 3756 	3833 	3758
f 3829 	3573 	3576
f 3471 	3325 	3823
f 3826 	3760 	3761
f 3823 	3325 	3326
f 3823 	3326 	3825
f 3825 	3326 	3837
f 3828 	3825 	3837
f 3841 	3830 	3839
f 3832 	3842 	3833
f 3834 	3844 	3846
f 3832 	3841 	3842
f 3846 	3824 	3834
f 3792 	3844 	3838
f 3330 	3306 	3837
f 3843 	3835 	3878
f 3837 	3306 	3839
f 3843 	3845 	3835
f 3839 	3306 	3307
f 3839 	3307 	3841
f 3841 	3307 	3308
f 3835 	3845 	3836
f 3841 	3308 	3842
f 3845 	3621 	3836
f 3764 	3748 	3747
f 3621 	3622 	3859
f 3789 	3824 	3846
f 3764 	3747 	3847
f 3789 	3573 	3827
f 3047 	3051 	3840
f 3764 	3765 	3748
f 3051 	3053 	3840
f 3847 	3346 	3800
f 3838 	3806 	3792
f 3843 	3840 	3053
f 3844 	3795 	3846
f 3843 	3005 	3845
f 3795 	3844 	3792
f 2977 	3818 	3817
f 3053 	3005 	3843
f 3846 	3795 	3798
f 3817 	2976 	2977
f 3846 	3798 	3789
f 3845 	3006 	3621
f 3818 	2977 	2978
f 3849 	3718 	4341
f 3718 	3849 	3853
f 3849 	3857 	3853
f 3720 	3856 	3372
f 3720 	3855 	3856
f 3384 	3852 	3851
f 3383 	3384 	3851
f 3836 	3848 	3871
f 3384 	2756 	3852
f 3857 	3849 	4534
f 3377 	3852 	2756
f 3853 	3857 	3858
f 3848 	3836 	3859
f 3859 	3850 	3848
f 3853 	3858 	3855
f 3859 	3860 	3850
f 3855 	3858 	2975
f 3618 	3762 	3777
f 3858 	3208 	2975
f 3777 	3615 	3618
f 3850 	3860 	3854
f 3861 	3762 	3618
f 3855 	2975 	3856
f 3856 	2976 	3817
f 3860 	3724 	3854
f 2976 	3856 	2975
f 3763 	3861 	3784
f 3858 	3857 	3206
f 3836 	3621 	3859
f 3622 	3860 	3859
f 3631 	3624 	3892
f 3208 	3858 	3206
f 3204 	4534 	4555
f 4534 	3204 	3857
f 3206 	3857 	3204
f 3777 	3862 	3615
f 4082 	3865 	3868
f 3624 	3862 	3892
f 3878 	3868 	3865
f 3607 	3872 	3609
f 3926 	3873 	3870
f 3864 	3874 	3875
f 3864 	3875 	3863
f 3863 	3875 	3876
f 3863 	3876 	3865
f 3867 	3877 	3869
f 3869 	3877 	3879
f 3865 	3876 	3878
f 3868 	3835 	3871
f 3869 	3879 	3870
f 3607 	3638 	3872
f 3784 	3880 	3763
f 3881 	3883 	3886
f 3909 	3898 	3762
f 3880 	3784 	3882
f 3881 	3880 	3882
f 3883 	3881 	3882
f 3609 	3872 	3884
f 3777 	3901 	3862
f 3884 	3599 	3609
f 3885 	3880 	3881
f 3881 	3889 	3885
f 3889 	3881 	3886
f 3887 	3880 	3885
f 3887 	3763 	3880
f 3888 	3601 	3599
f 3885 	3902 	3887
f 3894 	3762 	3763
f 3599 	3884 	3888
f 3913 	3889 	3890
f 3889 	3886 	3890
f 3601 	3888 	3891
f 3889 	3912 	3885
f 3890 	3914 	3913
f 3911 	3889 	3913
f 3602 	3601 	3891
f 3899 	3900 	3862
f 3862 	3920 	3892
f 3892 	4464 	3631
f 3895 	3896 	3777
f 3896 	3901 	3777
f 3899 	3862 	3901
f 3762 	3897 	3777
f 3894 	3909 	3762
f 3920 	3917 	3892
f 3638 	4169 	3893
f 3892 	3918 	4464
f 3872 	3638 	3893
f 3894 	3763 	3887
f 3900 	3919 	3862
f 3895 	3777 	3897
f 3897 	3762 	3898
f 3884 	3872 	3897
f 3895 	3897 	3872
f 3872 	3896 	3895
f 3898 	3884 	3897
f 3899 	3901 	3872
f 3899 	3872 	3900
f 3872 	3901 	3896
f 3893 	3900 	3872
f 3915 	3903 	3885
f 3902 	3885 	3903
f 3915 	3885 	3912
f 3905 	3894 	3904
f 3904 	3894 	3907
f 3894 	3887 	3907
f 3906 	3907 	3887
f 3887 	3908 	3906
f 3908 	3887 	3902
f 3905 	3909 	3894
f 3898 	3909 	3884
f 3884 	3905 	3904
f 3884 	3904 	3907
f 3905 	3884 	3909
f 3884 	3908 	3888
f 3903 	3888 	3902
f 3907 	3906 	3884
f 3906 	3908 	3884
f 3902 	3888 	3908
f 3889 	3911 	3910
f 3910 	3912 	3889
f 3888 	3911 	3891
f 3910 	3911 	3888
f 3888 	3912 	3910
f 3913 	3914 	3891
f 3891 	3911 	3913
f 3903 	3915 	3888
f 3915 	3912 	3888
f 3920 	3862 	3919
f 3916 	3892 	3917
f 3916 	3918 	3892
f 3916 	3917 	3893
f 3893 	4169 	3916
f 3918 	3916 	4169
f 3919 	3893 	3920
f 3920 	3893 	3917
f 3893 	3919 	3900
f 3631 	3866 	7263
f 7264 	3624 	3631
f 3923 	3922 	3607
f 3638 	3607 	3922
f 3870 	3879 	3926
f 3873 	3874 	3864
f 3873 	3926 	3874
f 3877 	3520 	3879
f 3877 	3937 	3520
f 3879 	3520 	3521
f 3879 	3521 	3926
f 3926 	3521 	3046
f 3926 	3046 	3874
f 3867 	3929 	3877
f 5426 	3932 	3933
f 3928 	3935 	3929
f 3928 	3934 	3935
f 3929 	3937 	3877
f 3929 	3935 	3937
f 3934 	3741 	3522
f 3936 	4125 	4124
f 3934 	3522 	3935
f 3935 	3524 	3937
f 3740 	3737 	4263
f 3737 	3736 	4263
f 3937 	3524 	3525
f 3717 	4263 	3736
f 3943 	3944 	3711
f 3711 	3709 	3943
f 3947 	3941 	3940
f 4263 	4266 	3944
f 3947 	3928 	3941
f 3944 	3943 	4263
f 3740 	4263 	3943
f 3940 	3946 	3947
f 3945 	3941 	3928
f 3945 	3928 	3929
f 3945 	3929 	3867
f 4069 	3947 	3946
f 3950 	2751 	3383
f 3947 	4069 	3934
f 3947 	3934 	3928
f 3868 	3878 	3835
f 3871 	3835 	3836
f 3874 	3045 	3875
f 3874 	3046 	3045
f 3875 	3047 	3876
f 3875 	3045 	3047
f 3953 	3955 	3976
f 3876 	3047 	3840
f 3878 	3876 	3840
f 3878 	3840 	3843
f 3952 	3870 	3953
f 3680 	5579 	3958
f 3952 	3869 	3870
f 3953 	3870 	3873
f 3955 	3953 	3873
f 3955 	3873 	3864
f 3955 	3864 	3956
f 3854 	3963 	4017
f 3949 	3801 	4229
f 3963 	3965 	3957
f 3957 	3965 	3959
f 3959 	3967 	3960
f 3941 	3962 	3961
f 3965 	3967 	3959
f 3961 	3940 	3941
f 3960 	3967 	3807
f 3964 	3962 	3945
f 3964 	3945 	3867
f 3967 	3813 	3807
f 3964 	3867 	3966
f 3960 	3807 	3997
f 3966 	3869 	3952
f 3966 	3867 	3869
f 3854 	3724 	3963
f 3965 	3963 	3725
f 3724 	3725 	3963
f 3725 	3727 	3965
f 3965 	3727 	3967
f 3727 	3813 	3967
f 3962 	3970 	3969
f 3971 	3970 	3964
f 3970 	3962 	3964
f 4091 	3980 	3981
f 3972 	3971 	3966
f 3971 	3964 	3966
f 3972 	3966 	3952
f 3979 	3990 	3983
f 3972 	3952 	3974
f 3974 	3952 	3953
f 3974 	3953 	3976
f 3976 	3955 	3977
f 3977 	3955 	3956
f 3977 	3956 	3978
f 3983 	3991 	3984
f 3984 	3992 	3986
f 4007 	3989 	4006
f 3970 	3989 	3969
f 3981 	3980 	3820
f 3971 	3989 	3970
f 3982 	3981 	3821
f 3972 	3989 	3971
f 3991 	3983 	3990
f 3820 	3821 	3981
f 3974 	3989 	3972
f 3982 	3822 	3985
f 3976 	3989 	3974
f 3977 	3989 	3976
f 3821 	3822 	3982
f 3978 	3989 	3977
f 3822 	3826 	3985
f 3992 	3984 	3991
f 3987 	3985 	3826
f 3989 	3994 	3995
f 3995 	3969 	3989
f 3826 	3831 	3987
f 3987 	3831 	3988
f 4699 	3996 	3990
f 3990 	3996 	3998
f 3990 	3998 	3991
f 4020 	3995 	3994
f 3991 	4000 	3992
f 3995 	4020 	3961
f 3995 	3961 	3969
f 3991 	3998 	4000
f 3969 	3961 	3962
f 3989 	4001 	4002
f 4002 	4003 	3989
f 4003 	4004 	3989
f 4004 	4005 	3989
f 4005 	4006 	3989
f 4049 	4000 	3998
f 4007 	4008 	3989
f 3987 	3988 	4095
f 3993 	3989 	4008
f 3994 	3989 	3993
f 3997 	3808 	3999
f 4009 	4010 	4637
f 3807 	3808 	3997
f 3808 	3809 	3999
f 3999 	3809 	3980
f 4009 	3930 	4037
f 4006 	4041 	4007
f 4013 	4012 	3848
f 4009 	4014 	4010
f 4007 	4043 	4008
f 4009 	4037 	4014
f 4007 	4041 	4043
f 4014 	4016 	4010
f 4010 	4016 	4011
f 4016 	4014 	4042
f 3957 	3959 	4084
f 4018 	4027 	4019
f 3868 	3871 	4083
f 3994 	4019 	4020
f 3871 	4012 	4083
f 3848 	4012 	3871
f 4678 	4021 	4022
f 4021 	4028 	4022
f 4023 	4043 	4130
f 4016 	4026 	4011
f 4027 	4018 	4023
f 4011 	4026 	4021
f 4019 	4029 	4020
f 4026 	4028 	4021
f 4028 	4030 	4022
f 4029 	4019 	4027
f 4020 	4029 	3940
f 4022 	4030 	4024
f 4024 	4031 	4025
f 4030 	4031 	4024
f 4029 	3946 	3940
f 4016 	4032 	4026
f 4020 	3940 	3961
f 4016 	4042 	4032
f 4032 	4033 	4026
f 3941 	3945 	3962
f 4028 	4026 	4033
f 4028 	4034 	4030
f 4033 	4034 	4028
f 4034 	4035 	4030
f 4030 	4035 	4031
f 4034 	4302 	4035
f 3986 	3992 	4036
f 3986 	4036 	3930
f 4037 	3930 	4036
f 4036 	4039 	4037
f 3992 	4000 	4038
f 4004 	4048 	4005
f 4047 	4048 	4004
f 4036 	3992 	4038
f 4039 	4036 	4038
f 4051 	4006 	4005
f 4037 	4039 	4040
f 4040 	4014 	4037
f 4042 	4014 	4040
f 4018 	3993 	4008
f 4018 	4008 	4043
f 3993 	4018 	4019
f 4038 	4000 	4050
f 3994 	3993 	4019
f 4043 	4023 	4018
f 4044 	4002 	4001
f 4001 	4045 	4044
f 4002 	4044 	4046
f 4002 	4046 	4003
f 4003 	4047 	4004
f 4003 	4046 	4047
f 4049 	5902 	5973
f 4051 	4005 	4048
f 4049 	4050 	4000
f 4049 	4054 	4050
f 5973 	4054 	4049
f 4041 	4006 	4051
f 4038 	4052 	4039
f 4050 	4052 	4038
f 4052 	4053 	4039
f 4052 	4056 	4053
f 4039 	4053 	4040
f 4047 	4143 	4048
f 4054 	4055 	4050
f 4055 	4052 	4050
f 4051 	4129 	4041
f 4055 	4056 	4052
f 4130 	4043 	4041
f 4059 	4027 	4058
f 4058 	4063 	4059
f 4042 	4062 	4032
f 4027 	4059 	4029
f 4059 	3946 	4029
f 4033 	4301 	4034
f 4302 	4034 	4301
f 4040 	4053 	4060
f 4061 	4058 	4057
f 4060 	4042 	4040
f 4060 	4062 	4042
f 4072 	4061 	4057
f 4063 	4058 	4061
f 4061 	4076 	4078
f 4032 	4064 	4033
f 4059 	4065 	3946
f 4059 	4063 	4065
f 3946 	4065 	4069
f 4068 	3736 	3709
f 4067 	4066 	3717
f 4061 	4072 	4076
f 4063 	4061 	4078
f 4067 	3717 	4068
f 3736 	4068 	3717
f 3738 	4065 	4063
f 4078 	3738 	4063
f 3732 	3717 	3948
f 4065 	3738 	3739
f 4065 	3739 	4069
f 4066 	3948 	3717
f 3934 	4069 	3741
f 4069 	3739 	3741
f 4071 	4075 	4072
f 4071 	4070 	4074
f 4075 	4071 	4074
f 4072 	4075 	4076
f 3409 	3552 	3692
f 4073 	4128 	4131
f 4073 	4131 	4077
f 4075 	4074 	4880
f 4151 	3692 	4156
f 3537 	3150 	3148
f 4078 	4076 	3778
f 4078 	3778 	3779
f 4078 	3779 	3738
f 4079 	4076 	4075
f 4079 	3778 	4076
f 4015 	4013 	3850
f 3848 	3850 	4013
f 3850 	3854 	4015
f 3768 	5612 	3766
f 4015 	3854 	4017
f 4017 	3963 	3957
f 4103 	4081 	4082
f 3774 	3773 	5586
f 5587 	5596 	3776
f 4012 	4013 	4106
f 4015 	4107 	4013
f 3956 	3863 	4081
f 3956 	3864 	3863
f 3680 	3954 	5579
f 3865 	4082 	4081
f 4081 	3863 	3865
f 3868 	4083 	4082
f 5596 	3954 	3776
f 5596 	5579 	3954
f 4108 	4017 	4109
f 4108 	4015 	4017
f 4109 	4017 	3957
f 4084 	3959 	4085
f 4086 	4085 	3960
f 4113 	3925 	4112
f 3924 	4112 	3925
f 3959 	3960 	4085
f 3960 	3997 	4086
f 4086 	3997 	4089
f 4089 	3997 	3999
f 4089 	3999 	4090
f 4090 	3980 	4091
f 3999 	3980 	4090
f 4092 	4091 	3981
f 3981 	3982 	4092
f 4093 	4092 	3982
f 6977 	4100 	6909
f 3982 	3985 	4093
f 4093 	3985 	4094
f 4094 	3987 	4095
f 3985 	3987 	4094
f 3988 	4096 	4095
f 4110 	3925 	4113
f 4112 	3924 	4114
f 4084 	3989 	4109
f 4084 	4085 	3989
f 3978 	4081 	4103
f 3978 	3956 	4081
f 3925 	4132 	4606
f 4082 	4104 	4103
f 4111 	3925 	4110
f 4104 	4083 	4105
f 4104 	4082 	4083
f 4105 	4012 	4106
f 4105 	4083 	4012
f 4114 	3924 	4115
f 4106 	4013 	4107
f 4107 	4015 	4108
f 4109 	3957 	4084
f 4103 	3989 	3978
f 4104 	3989 	4103
f 4105 	3989 	4104
f 4106 	3989 	4105
f 4107 	3989 	4106
f 4108 	3989 	4107
f 4109 	3989 	4108
f 6467 	4088 	4087
f 4086 	3989 	4085
f 4097 	4088 	6321
f 4089 	3989 	4086
f 6321 	4088 	6467
f 4090 	3989 	4089
f 4091 	3989 	4090
f 4092 	3989 	4091
f 4093 	3989 	4092
f 4094 	3989 	4093
f 4095 	3989 	4094
f 4096 	3989 	4095
f 4119 	4120 	4117
f 4117 	4120 	4118
f 4099 	4098 	6296
f 4100 	6297 	6291
f 4119 	4122 	4120
f 4101 	4100 	6291
f 4119 	4121 	4122
f 4476 	4527 	4121
f 4121 	4127 	4122
f 4113 	4135 	4110
f 4123 	4127 	4121
f 3950 	3388 	2751
f 4185 	4125 	3936
f 4125 	3388 	4124
f 3692 	4137 	4261
f 4051 	4080 	4129
f 4129 	4130 	4041
f 4080 	4153 	4133
f 4132 	3925 	4111
f 4133 	4129 	4080
f 4129 	4133 	4134
f 4129 	4134 	4130
f 4156 	3692 	3552
f 4077 	3542 	3537
f 4130 	4057 	4023
f 4130 	4134 	4057
f 4077 	4131 	3542
f 4027 	4023 	4058
f 4057 	4058 	4023
f 4111 	4110 	4135
f 4071 	4134 	4133
f 4134 	4071 	4072
f 4149 	3692 	4148
f 4134 	4072 	4057
f 4044 	4045 	4138
f 4139 	4261 	4137
f 4138 	4045 	4140
f 4046 	4044 	4141
f 4044 	4138 	4141
f 4142 	4046 	4141
f 4047 	4046 	4142
f 4143 	4047 	4142
f 4137 	4128 	4139
f 4144 	4136 	4261
f 4139 	4144 	4261
f 4080 	4051 	4048
f 4048 	4143 	4080
f 4136 	4144 	4508
f 4139 	4508 	4144
f 4606 	4147 	4145
f 4606 	4132 	4147
f 4150 	3692 	4149
f 4150 	4137 	3692
f 4142 	4152 	4143
f 4150 	4149 	4128
f 4143 	4153 	4080
f 4137 	4150 	4128
f 4143 	4152 	4153
f 4149 	4148 	4128
f 4131 	4128 	4148
f 4151 	4131 	4148
f 4154 	4969 	4155
f 3692 	4151 	4148
f 4111 	4135 	4132
f 4152 	4155 	4157
f 4146 	4145 	4135
f 4135 	4145 	4147
f 4135 	4147 	4132
f 4126 	4172 	4158
f 3552 	4131 	4156
f 4131 	4151 	4156
f 4160 	3922 	3921
f 4159 	4160 	3921
f 3922 	4160 	3638
f 4164 	3135 	6120
f 4159 	4166 	4167
f 3144 	3135 	4164
f 4167 	4160 	4159
f 4160 	4167 	4169
f 3958 	5793 	4162
f 4161 	4170 	4163
f 4161 	4196 	4170
f 4165 	4162 	5794
f 4160 	4169 	3638
f 4163 	4170 	4171
f 4168 	4165 	5808
f 4167 	4166 	4192
f 4167 	4192 	4477
f 4477 	4483 	4169
f 4482 	4481 	4169
f 5811 	4172 	4126
f 4251 	4178 	3975
f 5823 	5830 	4172
f 4251 	3975 	3973
f 4124 	3388 	3950
f 4185 	4189 	4125
f 4125 	3390 	3388
f 3975 	4178 	4177
f 4189 	3390 	4125
f 4178 	3526 	4177
f 4180 	4191 	3939
f 3938 	4185 	3936
f 3938 	3942 	4185
f 4186 	4274 	4184
f 3319 	3968 	4186
f 4185 	3942 	4187
f 3319 	4188 	3968
f 4187 	4189 	4185
f 4188 	4190 	4299
f 4187 	3391 	4189
f 4163 	4171 	4164
f 4164 	4171 	3144
f 4464 	3866 	3631
f 3939 	4191 	3942
f 4170 	4196 	4201
f 4191 	4187 	3942
f 4257 	4171 	4170
f 4170 	4201 	4257
f 4171 	3148 	3144
f 4180 	4387 	4193
f 4180 	4193 	4191
f 4193 	4195 	4191
f 4193 	4391 	4195
f 4195 	4187 	4191
f 4198 	4127 	4123
f 4195 	3391 	4187
f 4197 	4198 	4123
f 4194 	4200 	4196
f 4194 	4199 	4200
f 4193 	4389 	4391
f 4196 	4200 	4201
f 3392 	4195 	4391
f 3936 	4124 	3931
f 3931 	4124 	3932
f 3932 	3950 	3933
f 4124 	3950 	3932
f 4202 	4203 	7319
f 4210 	4211 	4203
f 4203 	4211 	4204
f 3950 	3383 	3933
f 4204 	4212 	4205
f 3933 	3383 	3851
f 4211 	4212 	4204
f 4205 	4213 	4206
f 4212 	4213 	4205
f 4209 	4202 	4118
f 4118 	4120 	4209
f 4202 	4210 	4203
f 4209 	4210 	4202
f 4215 	4220 	4210
f 3402 	4207 	3400
f 4210 	4220 	4211
f 3402 	3430 	4207
f 4211 	4221 	4212
f 4222 	4213 	4212
f 4120 	4214 	4209
f 4207 	3430 	4208
f 4122 	4214 	4120
f 4214 	4215 	4209
f 4209 	4215 	4210
f 4127 	4216 	4122
f 4122 	4216 	4214
f 4214 	4217 	4215
f 4216 	4217 	4214
f 4198 	4218 	4127
f 4127 	4218 	4216
f 4218 	4219 	4216
f 4216 	4219 	4217
f 4221 	4211 	4220
f 4221 	4222 	4212
f 4225 	4221 	4220
f 4221 	4227 	4222
f 4225 	4227 	4221
f 4215 	4224 	4220
f 4217 	4224 	4215
f 4224 	4225 	4220
f 4217 	4228 	4224
f 4219 	4228 	4217
f 3949 	4230 	3951
f 4228 	4231 	4224
f 4228 	4273 	4231
f 3949 	4229 	4230
f 4224 	4231 	4225
f 3951 	4230 	4233
f 4231 	4235 	4225
f 4225 	4235 	4227
f 4181 	3951 	4233
f 4197 	4240 	4198
f 3804 	3594 	4238
f 4237 	4240 	4197
f 3594 	7279 	4238
f 4605 	4246 	4237
f 4175 	2779 	4176
f 4175 	4239 	2779
f 2780 	4176 	2779
f 4240 	4241 	4198
f 4218 	4198 	4241
f 4239 	2785 	2779
f 4241 	4242 	4218
f 4239 	2782 	2785
f 4247 	4241 	4240
f 4218 	4242 	4219
f 4219 	4272 	4228
f 4242 	4272 	4219
f 4233 	7453 	4181
f 4237 	4246 	4240
f 4240 	4246 	4247
f 4247 	4248 	4241
f 4616 	4116 	4087
f 4243 	4176 	2780
f 4241 	4248 	4242
f 4243 	2780 	3673
f 4248 	4278 	4242
f 4243 	3673 	4244
f 3675 	4245 	4244
f 4245 	6470 	4116
f 4246 	4293 	4247
f 4289 	4293 	4246
f 4247 	4295 	4248
f 3320 	3322 	4188
f 4251 	3973 	4250
f 4250 	4252 	4251
f 3380 	4249 	3324
f 4249 	3380 	3323
f 3323 	4250 	4249
f 4252 	4250 	3323
f 4251 	3787 	4178
f 4251 	4252 	3787
f 4252 	3323 	3078
f 4232 	4208 	4253
f 4208 	3430 	4253
f 4232 	4253 	4254
f 4226 	4250 	3973
f 4226 	4249 	4250
f 4181 	7453 	4183
f 4183 	7480 	4184
f 4255 	4253 	3433
f 4184 	7481 	4186
f 7480 	7481 	4184
f 4188 	3319 	3320
f 3433 	4253 	3430
f 4254 	4253 	4255
f 3322 	4190 	4188
f 4190 	3322 	3324
f 3433 	4259 	4255
f 4255 	4259 	4260
f 4257 	3148 	4171
f 4254 	4255 	4258
f 4199 	4271 	4200
f 4199 	4270 	4271
f 4200 	4276 	4201
f 4073 	4257 	4201
f 4257 	4073 	4077
f 3437 	3439 	4259
f 4257 	4077 	3148
f 4258 	4255 	4260
f 4261 	4513 	4263
f 4261 	4263 	3717
f 4259 	3439 	4267
f 4259 	4267 	4260
f 3717 	3692 	4261
f 4262 	4264 	4266
f 4260 	4265 	4258
f 4262 	4266 	4263
f 4268 	4265 	4260
f 4268 	4260 	4267
f 4269 	4362 	4270
f 4223 	4249 	4226
f 3324 	4249 	4223
f 4223 	4190 	3324
f 4184 	6113 	4183
f 4272 	4273 	4228
f 6116 	4184 	4274
f 4186 	3968 	4274
f 4231 	4275 	4235
f 4276 	4200 	4271
f 4231 	4273 	4275
f 4508 	4276 	4271
f 4272 	4242 	4278
f 4274 	3968 	4277
f 4278 	4279 	4272
f 3598 	4277 	3968
f 4276 	4073 	4201
f 4272 	4279 	4273
f 4273 	4280 	4275
f 4276 	4128 	4073
f 4279 	4280 	4273
f 6200 	6114 	4281
f 4248 	4296 	4278
f 4295 	4247 	4293
f 4248 	4295 	4296
f 4295 	4304 	4296
f 4297 	4278 	4296
f 4188 	4298 	3968
f 4298 	4188 	4299
f 4278 	4297 	4279
f 4062 	4064 	4032
f 4297 	4300 	4279
f 4301 	4033 	4064
f 4306 	4297 	4296
f 4279 	4300 	4280
f 4415 	4268 	4267
f 4303 	4295 	4293
f 3440 	3455 	4413
f 4324 	4062 	4060
f 4303 	4304 	4295
f 4062 	4369 	4064
f 5995 	3773 	3774
f 4304 	4306 	4296
f 4324 	4369 	4062
f 4297 	4307 	4300
f 4306 	4307 	4297
f 4376 	4375 	4305
f 4301 	4374 	4302
f 4258 	4305 	4254
f 4306 	4683 	4307
f 5885 	4314 	4308
f 4308 	4317 	4309
f 4314 	4317 	4308
f 4317 	4319 	4309
f 4312 	4310 	4320
f 4309 	4319 	4311
f 4318 	4320 	4310
f 3682 	4162 	4313
f 4320 	4323 	4533
f 4162 	4165 	4313
f 4314 	6231 	4317
f 4317 	6232 	4319
f 4165 	4315 	4313
f 4165 	4168 	4315
f 4053 	4321 	4060
f 4380 	6115 	4309
f 4316 	4315 	4168
f 4323 	4320 	4318
f 4056 	4321 	4053
f 4323 	4318 	4322
f 4324 	4060 	4321
f 4152 	4157 	4153
f 4322 	4325 	4326
f 4133 	4153 	4070
f 4070 	4153 	4157
f 4322 	4326 	4323
f 4133 	4070 	4071
f 4537 	4323 	4326
f 4359 	4328 	4325
f 4325 	4328 	4330
f 4325 	4330 	4326
f 4333 	4140 	4332
f 4140 	4333 	4138
f 4138 	4333 	4334
f 3199 	4336 	4335
f 4334 	4141 	4138
f 4338 	4142 	4141
f 4334 	4338 	4141
f 4338 	4152 	4142
f 4905 	4333 	4332
f 4126 	4327 	4316
f 4126 	4316 	4168
f 4126 	4158 	4327
f 4339 	4347 	4349
f 4339 	4349 	4340
f 4338 	4334 	4154
f 4338 	4154 	4155
f 4338 	4155 	4152
f 4318 	4310 	4340
f 4336 	4342 	4343
f 4336 	4343 	4335
f 4335 	4343 	4345
f 4335 	4345 	4337
f 4337 	4347 	4339
f 4348 	3778 	4079
f 4337 	4345 	4347
f 4079 	4346 	4348
f 4327 	4158 	4329
f 4340 	4349 	4318
f 4346 	4352 	4348
f 4344 	4351 	4346
f 4363 	4365 	4343
f 4351 	4344 	4350
f 4343 	4365 	4345
f 4352 	4346 	4351
f 4345 	4353 	4347
f 4345 	4365 	4353
f 4351 	4357 	4352
f 4352 	3810 	4348
f 4322 	4318 	4349
f 4355 	4349 	4347
f 4347 	4353 	4355
f 4351 	4350 	4356
f 4350 	4354 	4356
f 4322 	4349 	4355
f 4357 	4351 	4356
f 3810 	4352 	4341
f 4352 	4357 	4341
f 4365 	4358 	4353
f 3718 	3810 	4341
f 4353 	4358 	4359
f 4358 	4361 	4359
f 4355 	4353 	4359
f 6940 	6909 	4101
f 4325 	4322 	4355
f 4359 	4325 	4355
f 4361 	4358 	4360
f 4359 	4361 	4328
f 4360 	4418 	4361
f 4342 	4363 	4343
f 4364 	4363 	4342
f 4380 	4309 	4382
f 4364 	4366 	4367
f 4364 	4367 	4363
f 4363 	4368 	4365
f 4363 	4367 	4368
f 4365 	4368 	4358
f 4099 	7054 	4098
f 4366 	4370 	4367
f 6977 	7054 	4100
f 4370 	4366 	4371
f 4372 	4368 	4367
f 4369 	4373 	4064
f 4367 	4370 	4372
f 4368 	4372 	4360
f 4360 	4358 	4368
f 4373 	4301 	4064
f 4373 	4374 	4301
f 4376 	4305 	4258
f 6115 	6117 	4309
f 4375 	4376 	4377
f 4376 	4258 	4265
f 4376 	4265 	4256
f 4376 	4256 	4377
f 4256 	4399 	4377
f 4311 	4394 	4309
f 4382 	4309 	4394
f 4254 	4234 	4232
f 4234 	4254 	4305
f 4324 	4378 	4369
f 4305 	4236 	4234
f 4236 	4305 	4375
f 4378 	4324 	4382
f 4382 	4324 	4380
f 4397 	4398 	4311
f 4378 	4386 	4369
f 4395 	4396 	4311
f 4384 	4387 	4180
f 4378 	4396 	4386
f 3457 	3465 	4385
f 4393 	4396 	4378
f 4388 	4385 	3465
f 4373 	4369 	4386
f 4384 	4385 	4387
f 4387 	4385 	4388
f 4373 	4386 	4390
f 4387 	4389 	4193
f 4387 	4388 	4389
f 5573 	4239 	4175
f 3465 	3467 	4388
f 4392 	4389 	4388
f 4374 	4373 	4390
f 3467 	4392 	4388
f 4394 	4311 	4393
f 4389 	3443 	4391
f 4389 	4392 	3443
f 4378 	4394 	4393
f 4382 	4394 	4378
f 4393 	4311 	4396
f 4395 	4311 	4398
f 4395 	4386 	4396
f 3347 	3443 	4392
f 3541 	4392 	3467
f 3347 	4392 	3541
f 4386 	4398 	4390
f 4397 	4390 	4398
f 4379 	4175 	4381
f 4386 	4395 	4398
f 4381 	4175 	4176
f 4298 	3596 	3968
f 3598 	3968 	3596
f 4298 	4299 	3596
f 4299 	6705 	3596
f 4399 	4256 	4400
f 6762 	4288 	4402
f 4400 	3819 	4399
f 4400 	3824 	3819
f 4399 	3819 	5254
f 4692 	4405 	4401
f 3824 	4400 	3834
f 4405 	4692 	4698
f 4411 	4256 	4265
f 4405 	4698 	4410
f 4265 	4268 	4411
f 4400 	4256 	4411
f 4328 	4414 	4330
f 4607 	4330 	4414
f 4267 	4413 	4415
f 4415 	4416 	4268
f 4416 	4411 	4268
f 4411 	4416 	3834
f 3838 	4416 	4415
f 4416 	3844 	3834
f 4416 	3838 	3844
f 4417 	4360 	4372
f 4411 	3834 	4400
f 4418 	4360 	4417
f 4361 	4419 	4328
f 4361 	4418 	4419
f 4419 	4414 	4328
f 3455 	4420 	4413
f 4415 	4413 	4420
f 4417 	4422 	4418
f 3838 	4415 	4420
f 4417 	4421 	4422
f 4418 	4422 	4423
f 4418 	4423 	4419
f 3455 	3805 	4420
f 4420 	3805 	3806
f 4420 	3806 	3838
f 4441 	4422 	4421
f 4423 	4422 	4442
f 4424 	4431 	4425
f 4426 	4427 	4371
f 4430 	4431 	4424
f 4426 	4432 	4433
f 4371 	4427 	4370
f 4429 	4370 	4427
f 4427 	4426 	4433
f 4370 	4429 	4372
f 4417 	4372 	4429
f 4427 	4435 	4429
f 4428 	4425 	4434
f 4427 	4433 	4435
f 4429 	4421 	4417
f 4429 	4435 	4421
f 4432 	4437 	4433
f 4437 	4432 	4438
f 4439 	4435 	4433
f 4433 	4437 	4439
f 4431 	4436 	4425
f 4435 	4440 	4421
f 4425 	4436 	4434
f 4436 	4431 	4515
f 4435 	4439 	4440
f 4421 	4440 	4441
f 4422 	4441 	4442
f 4438 	4444 	4445
f 4438 	4445 	4437
f 4437 	4445 	4446
f 4437 	4446 	4439
f 4439 	4446 	4447
f 4439 	4447 	4440
f 4442 	4441 	4757
f 4448 	3153 	4449
f 4441 	4756 	4757
f 4496 	4452 	4451
f 4496 	4498 	4452
f 4457 	4454 	4412
f 4453 	4455 	4412
f 4455 	7043 	4412
f 4453 	4412 	4454
f 4192 	4166 	4179
f 4480 	4483 	4464
f 4454 	4463 	4460
f 3918 	4481 	4464
f 4454 	4457 	4463
f 4115 	3924 	4182
f 4458 	4467 	4471
f 4458 	4471 	4459
f 4459 	4475 	4461
f 4462 	3866 	4464
f 4462 	4174 	3866
f 4471 	4475 	4459
f 4475 	4476 	4461
f 4461 	4476 	4465
f 4465 	4119 	4117
f 4476 	4119 	4465
f 4566 	4182 	4565
f 4560 	4564 	4173
f 4467 	4490 	4471
f 4467 	4489 	4490
f 4490 	4491 	4471
f 4471 	4491 	4475
f 4476 	4475 	4527
f 4169 	4167 	4477
f 4743 	4478 	3382
f 4121 	4119 	4476
f 4478 	3385 	3382
f 4481 	4482 	4464
f 4480 	4464 	4482
f 4478 	3394 	3385
f 4462 	4464 	4483
f 4479 	4467 	4458
f 4312 	4320 	4486
f 4486 	4479 	4312
f 4467 	4479 	4486
f 4741 	4487 	4488
f 4320 	4533 	4486
f 3387 	4484 	3386
f 4482 	4169 	4480
f 4489 	4467 	4486
f 4484 	3387 	4485
f 4480 	4169 	4483
f 4486 	4533 	4489
f 4485 	3387 	3389
f 4533 	4492 	4489
f 4577 	4578 	4462
f 4485 	3389 	4487
f 4487 	3389 	3393
f 4487 	3393 	4488
f 4560 	4173 	4174
f 4452 	4498 	4456
f 4489 	4492 	4493
f 4489 	4493 	4490
f 4443 	4495 	4450
f 4490 	4494 	4491
f 4450 	4495 	4451
f 4357 	4502 	4341
f 4495 	4496 	4451
f 4542 	4354 	4497
f 4814 	4503 	4507
f 4499 	4356 	4354
f 4357 	4356 	4500
f 4356 	4499 	4500
f 4502 	4357 	4500
f 4448 	4496 	4495
f 4496 	4449 	4498
f 4448 	4449 	4496
f 4341 	4502 	3849
f 4270 	4362 	4506
f 4512 	4535 	4261
f 4498 	4449 	4511
f 4506 	4271 	4270
f 4501 	4509 	3432
f 4503 	4501 	3403
f 3156 	4504 	4524
f 4508 	4271 	4506
f 4501 	3432 	3403
f 4503 	3404 	4507
f 4503 	3403 	3404
f 4276 	4508 	4128
f 4507 	3386 	4484
f 4507 	3404 	3386
f 4510 	4261 	4136
f 4809 	4509 	4501
f 4506 	4512 	4510
f 4136 	4508 	4510
f 4506 	4510 	4508
f 4139 	4128 	4508
f 4539 	4513 	4536
f 4493 	4494 	4490
f 4513 	4262 	4263
f 4436 	4515 	4516
f 4516 	4517 	4736
f 4516 	4504 	4517
f 4524 	4504 	4516
f 4492 	4519 	4493
f 4521 	4581 	4520
f 4492 	4518 	4519
f 4519 	4522 	4493
f 4456 	4523 	4515
f 4522 	4494 	4493
f 4456 	4498 	4523
f 4523 	4524 	4515
f 4515 	4524 	4516
f 4585 	4519 	4518
f 4526 	4513 	4525
f 4513 	4539 	4525
f 4498 	4511 	4523
f 4520 	4513 	4528
f 4526 	4528 	4513
f 4491 	4527 	4475
f 4511 	3149 	4523
f 4510 	4512 	4261
f 4494 	4529 	4491
f 4491 	4529 	4527
f 4529 	4123 	4527
f 4579 	4462 	4483
f 4123 	4529 	4197
f 4527 	4123 	4121
f 4529 	4494 	4530
f 4522 	4530 	4494
f 4530 	4197 	4529
f 4500 	4499 	4531
f 4499 	4505 	4531
f 4500 	4532 	4502
f 4525 	4362 	4526
f 4530 	4237 	4197
f 4500 	4531 	4532
f 4502 	4532 	4534
f 4536 	4513 	4535
f 4535 	4513 	4261
f 4323 	4537 	4533
f 4502 	4534 	3849
f 4533 	4537 	4492
f 4326 	4538 	4537
f 4538 	4326 	4330
f 4537 	4538 	4518
f 4535 	4506 	4536
f 4362 	4536 	4506
f 4531 	4554 	4532
f 4537 	4518 	4492
f 4532 	4555 	4534
f 4532 	4554 	4555
f 4525 	4539 	4362
f 4539 	4536 	4362
f 4542 	4497 	4541
f 4499 	4354 	4542
f 4535 	4512 	4506
f 4540 	4547 	4541
f 4540 	4544 	4547
f 4541 	4547 	4549
f 4545 	3492 	3489
f 4541 	4549 	4542
f 4542 	4549 	4505
f 4546 	4550 	4551
f 4542 	4505 	4499
f 4546 	4551 	4548
f 4543 	5074 	3490
f 4548 	4264 	4262
f 3491 	4545 	4543
f 4548 	4551 	4264
f 3490 	3491 	4543
f 4544 	4747 	4792
f 4550 	6735 	4551
f 4545 	3491 	3492
f 4544 	4792 	4547
f 4547 	4793 	4549
f 4547 	4792 	4793
f 4505 	4553 	4531
f 4169 	4481 	3918
f 4554 	4531 	4553
f 4571 	4182 	4570
f 4173 	4565 	4182
f 4724 	4557 	4553
f 4179 	4559 	4192
f 4553 	4557 	4562
f 4564 	4560 	4563
f 4558 	3495 	4561
f 4560 	4174 	4462
f 5085 	4561 	3493
f 4115 	4182 	4571
f 4570 	4182 	4566
f 4561 	3496 	3493
f 4556 	5085 	3493
f 4565 	4173 	4564
f 3490 	4556 	3494
f 3493 	3494 	4556
f 3382 	4558 	4743
f 3495 	4558 	3382
f 4564 	4563 	4192
f 3495 	3496 	4561
f 4566 	4565 	4192
f 4477 	4192 	4563
f 4564 	4192 	4565
f 4559 	4570 	4192
f 5557 	4595 	4572
f 4545 	3489 	4514
f 4566 	4192 	4570
f 4559 	4571 	4570
f 4572 	4573 	4567
f 4574 	4575 	4560
f 4575 	4563 	4560
f 4462 	4578 	4560
f 4574 	4560 	4578
f 4577 	4462 	4579
f 4424 	4425 	4569
f 4575 	4574 	4477
f 4574 	4578 	4477
f 4563 	4575 	4477
f 4578 	4577 	4477
f 4477 	4577 	4579
f 4579 	4483 	4477
f 4559 	4597 	4135
f 4113 	4559 	4135
f 4581 	4548 	4262
f 4114 	4115 	4559
f 4113 	4112 	4559
f 4114 	4559 	4112
f 4559 	4115 	4571
f 4584 	4518 	4538
f 4598 	4573 	4572
f 4573 	4430 	4424
f 4585 	4518 	4584
f 4583 	4589 	4179
f 4583 	4179 	4166
f 4573 	4568 	4567
f 4519 	4586 	4522
f 4573 	4424 	4568
f 4585 	4586 	4519
f 4568 	4424 	4569
f 4582 	4589 	4583
f 4586 	4590 	4522
f 4588 	4589 	4582
f 4569 	4425 	4428
f 4592 	4593 	4587
f 4590 	4530 	4522
f 4237 	4530 	4590
f 4593 	4588 	4587
f 4588 	4593 	4594
f 4593 	4602 	4594
f 4588 	4594 	4589
f 4596 	4585 	4584
f 4589 	4597 	4179
f 4589 	4594 	4597
f 4595 	4598 	4572
f 4597 	4559 	4179
f 4595 	4451 	4598
f 4599 	4593 	4592
f 4596 	4600 	4585
f 4592 	4601 	4599
f 4430 	4573 	4598
f 4585 	4600 	4586
f 4595 	4591 	4450
f 4602 	4593 	4599
f 4586 	4603 	4590
f 4594 	4602 	4604
f 4600 	4603 	4586
f 4450 	4451 	4595
f 4451 	4452 	4598
f 4590 	4605 	4237
f 4594 	4604 	4597
f 4603 	4605 	4590
f 4598 	4452 	4430
f 4135 	4597 	4604
f 4452 	4456 	4430
f 4430 	4456 	4431
f 4599 	4601 	4975
f 4620 	4603 	4600
f 4581 	4262 	4513
f 4649 	4639 	4546
f 4633 	4649 	4546
f 4607 	4538 	4330
f 4584 	4538 	4607
f 4610 	4414 	4419
f 4176 	4243 	4383
f 4548 	4633 	4546
f 4610 	4419 	4423
f 4381 	4176 	4383
f 4611 	4414 	4610
f 4414 	4611 	4607
f 4607 	4611 	4612
f 4607 	4612 	4584
f 4612 	4596 	4584
f 4513 	4520 	4581
f 4611 	4642 	4645
f 4612 	4611 	4645
f 4612 	4617 	4596
f 4614 	4244 	4615
f 4618 	4269 	4552
f 4617 	4612 	4645
f 4596 	4617 	4619
f 4614 	4383 	4243
f 4244 	4614 	4243
f 4600 	4596 	4619
f 4615 	4244 	4245
f 4619 	4620 	4600
f 4603 	4621 	4605
f 4629 	5573 	4379
f 4620 	4621 	4603
f 4616 	4245 	4116
f 4616 	4615 	4245
f 4605 	4289 	4246
f 4617 	4623 	4619
f 4619 	4625 	4620
f 4623 	4625 	4619
f 4625 	4630 	4620
f 7139 	4628 	7150
f 4626 	4865 	4631
f 4630 	4621 	4620
f 4626 	4638 	4865
f 4552 	4613 	4618
f 4269 	4618 	4362
f 4632 	4635 	4623
f 4624 	4634 	4622
f 4624 	4636 	4634
f 4635 	4625 	4623
f 4622 	4634 	4638
f 4625 	4637 	4630
f 4635 	4637 	4625
f 4622 	4638 	4626
f 4546 	4639 	4640
f 4633 	4548 	4581
f 4632 	3930 	4635
f 3930 	4009 	4635
f 4009 	4637 	4635
f 4641 	4610 	4423
f 4610 	4641 	4642
f 4639 	4953 	4640
f 4642 	4611 	4610
f 4650 	4642 	4641
f 4649 	4633 	4648
f 4647 	4648 	4633
f 4657 	4633 	4656
f 4643 	4681 	4644
f 4650 	4641 	4646
f 4642 	4650 	4651
f 4650 	4658 	4651
f 4650 	4655 	4658
f 4649 	4648 	4953
f 4639 	4649 	4953
f 4642 	4651 	4645
f 4647 	4608 	4648
f 4663 	4617 	4645
f 4646 	4654 	4655
f 4662 	4647 	4633
f 4581 	4656 	4633
f 4660 	4633 	4657
f 4646 	4655 	4650
f 4666 	4653 	4652
f 4656 	4609 	4657
f 4655 	4654 	3979
f 4608 	4657 	4609
f 4655 	3979 	3983
f 4655 	3983 	4658
f 4662 	4633 	4660
f 4645 	4651 	4663
f 4623 	4617 	4663
f 4663 	4651 	4664
f 4662 	4660 	4608
f 4664 	4651 	4658
f 4664 	4632 	4663
f 4608 	4647 	4662
f 4657 	4608 	4660
f 4665 	4666 	4652
f 4664 	3986 	4632
f 4663 	4632 	4623
f 4667 	4668 	4581
f 4667 	4581 	4669
f 3984 	4664 	4658
f 4658 	3983 	3984
f 3986 	4664 	3984
f 3986 	3930 	4632
f 4605 	4621 	4289
f 4659 	4670 	4671
f 4670 	4872 	4671
f 4621 	4672 	4289
f 4609 	4668 	4613
f 4659 	4671 	4661
f 4621 	4630 	4672
f 4669 	4613 	4667
f 4671 	4673 	4661
f 4672 	4674 	4289
f 4667 	4613 	4668
f 4289 	4674 	4293
f 4656 	4581 	4668
f 4674 	4303 	4293
f 4661 	4673 	4665
f 4630 	4637 	4675
f 4637 	4010 	4675
f 4675 	4672 	4630
f 4609 	4656 	4668
f 4672 	4676 	4674
f 4675 	4676 	4672
f 4669 	4581 	4677
f 4674 	4678 	4303
f 4677 	4581 	4521
f 4676 	4678 	4674
f 4680 	4303 	4678
f 4671 	4873 	4673
f 4675 	4011 	4676
f 4010 	4011 	4675
f 4669 	4677 	4613
f 4011 	4021 	4676
f 4677 	4521 	4613
f 4676 	4021 	4678
f 4643 	4653 	4679
f 4613 	4521 	4618
f 4679 	4653 	4666
f 4303 	4680 	4304
f 4679 	4681 	4643
f 4680 	4682 	4304
f 4682 	4306 	4304
f 4520 	4618 	4521
f 4682 	4683 	4306
f 4520 	4528 	4618
f 4362 	4618 	4526
f 4528 	4526 	4618
f 4684 	4644 	4681
f 4580 	4685 	5302
f 4580 	3505 	4685
f 4546 	4695 	4988
f 4681 	4890 	4684
f 4693 	4988 	4695
f 4553 	4562 	4554
f 4554 	4562 	4690
f 4554 	4690 	4555
f 3979 	4654 	4410
f 4688 	5108 	4689
f 4555 	3210 	3204
f 4555 	4690 	3210
f 4688 	4988 	4694
f 4401 	4691 	4692
f 4695 	4546 	4697
f 4557 	4696 	4562
f 4562 	4696 	3232
f 3505 	3516 	4685
f 4693 	4695 	4951
f 4951 	4694 	4693
f 4697 	4951 	4695
f 4697 	4546 	4640
f 4685 	3441 	4687
f 4703 	4692 	4691
f 3516 	3441 	4685
f 4703 	4706 	4692
f 4951 	4697 	4640
f 4687 	3441 	4509
f 4410 	4699 	3979
f 4410 	4698 	4699
f 4699 	3990 	3979
f 4161 	6238 	4700
f 4701 	4703 	4691
f 4700 	4196 	4161
f 4706 	4698 	4692
f 4702 	3530 	4704
f 4698 	4706 	4708
f 3526 	3529 	4702
f 3530 	4702 	3529
f 4704 	3530 	4580
f 3530 	3505 	4580
f 4705 	4712 	4713
f 4705 	4713 	4707
f 4707 	4714 	4709
f 4194 	4700 	4709
f 4196 	4700 	4194
f 4576 	4702 	4704
f 4707 	4713 	4714
f 4709 	4714 	4194
f 4834 	4835 	4710
f 4711 	4820 	4710
f 4514 	3489 	4715
f 4712 	4813 	4716
f 4715 	3489 	3804
f 3804 	3801 	4715
f 4712 	4716 	4717
f 6191 	3951 	4181
f 4712 	4717 	4713
f 6191 	4181 	6200
f 4183 	6200 	4181
f 4718 	4714 	4713
f 6113 	6114 	4183
f 4713 	4717 	4718
f 4714 	4718 	4199
f 4718 	4270 	4199
f 4714 	4199 	4194
f 4717 	4552 	4269
f 4718 	4717 	4269
f 4719 	4177 	3526
f 4270 	4718 	4269
f 4719 	4702 	4576
f 4719 	3526 	4702
f 4562 	3232 	4690
f 4690 	3218 	3210
f 4690 	3232 	3218
f 4428 	4434 	4627
f 4627 	4722 	4628
f 4434 	4722 	4627
f 4721 	4735 	4731
f 4549 	4724 	4505
f 4722 	4725 	4628
f 4724 	4553 	4505
f 4628 	4725 	4629
f 4723 	4734 	4721
f 4557 	4724 	4726
f 4721 	4727 	4723
f 4730 	4725 	4738
f 4726 	4732 	4557
f 4726 	4729 	4732
f 4696 	4557 	4732
f 4723 	4733 	4734
f 4730 	2782 	4239
f 4735 	4721 	4734
f 4731 	4735 	4737
f 4436 	4736 	4434
f 4434 	4736 	4722
f 4722 	4738 	4725
f 4736 	4738 	4722
f 4698 	4708 	4699
f 4733 	4739 	4734
f 4431 	4456 	4515
f 3996 	4699 	4708
f 4740 	4739 	4733
f 4734 	4739 	4741
f 4736 	4436 	4516
f 4703 	4701 	4758
f 4735 	4734 	4741
f 4735 	4742 	4737
f 4517 	4738 	4736
f 4735 	4741 	4742
f 4517 	2781 	4738
f 4703 	4763 	4706
f 4703 	4758 	4763
f 4737 	4742 	4743
f 4706 	4763 	4767
f 4706 	4767 	4708
f 4740 	4484 	4485
f 4708 	4768 	3996
f 4739 	4740 	4485
f 4708 	4767 	4768
f 4741 	4739 	4487
f 4739 	4485 	4487
f 4742 	4741 	4488
f 4742 	4488 	4478
f 4743 	4742 	4478
f 4744 	5387 	4746
f 4746 	4749 	4744
f 4748 	4750 	4753
f 4680 	4678 	4022
f 4746 	4754 	4749
f 4682 	4680 	4024
f 4680 	4022 	4024
f 4746 	4752 	4754
f 4750 	4755 	4753
f 4682 	4025 	4683
f 4024 	4025 	4682
f 4641 	4423 	4442
f 4756 	4441 	4440
f 4753 	4755 	4799
f 4440 	4447 	4756
f 4753 	4799 	4745
f 4442 	4757 	4646
f 4766 	4757 	4756
f 4646 	4757 	4654
f 4757 	4766 	4654
f 4641 	4442 	4646
f 4801 	4755 	4800
f 4759 	4447 	4446
f 4447 	4759 	4762
f 4760 	4764 	4761
f 4762 	4756 	4447
f 4756 	4762 	4766
f 4774 	4763 	4758
f 4763 	4777 	4767
f 5902 	3998 	3996
f 4762 	4759 	4401
f 3996 	4768 	5902
f 4761 	4764 	4772
f 4762 	4401 	4405
f 4766 	4762 	4405
f 4761 	4776 	4765
f 4766 	4405 	4410
f 4766 	4410 	4654
f 5478 	4769 	4758
f 4444 	4770 	4445
f 4771 	4772 	4764
f 4770 	4444 	4773
f 4758 	4769 	4774
f 4771 	4779 	4772
f 4445 	4775 	4446
f 4445 	4770 	4775
f 4776 	4761 	4772
f 4759 	4446 	4775
f 4772 	4782 	4776
f 4748 	4765 	4750
f 4777 	4763 	4774
f 4765 	4776 	4750
f 4767 	4777 	5907
f 4771 	4778 	4779
f 4768 	4767 	5907
f 4782 	4772 	4779
f 4776 	4782 	4784
f 4783 	4781 	4826
f 4776 	4784 	4750
f 4784 	4755 	4750
f 4788 	4778 	4787
f 4778 	4788 	4779
f 4779 	4788 	4789
f 4769 	5527 	4785
f 4781 	4822 	4826
f 4782 	4779 	4789
f 4737 	4743 	4751
f 4789 	4825 	4782
f 4800 	4755 	4784
f 4724 	4549 	4793
f 4747 	4797 	4792
f 4747 	4796 	4797
f 4795 	4799 	4803
f 4792 	4798 	4793
f 4792 	4797 	4798
f 4795 	4803 	3457
f 4793 	4798 	4726
f 4795 	4745 	4799
f 4793 	4726 	4724
f 4796 	4802 	4797
f 4755 	4801 	4799
f 4799 	4801 	4803
f 4728 	4798 	4797
f 4728 	4797 	4802
f 4798 	4728 	4729
f 4798 	4729 	4726
f 4801 	4800 	3458
f 4802 	5784 	4728
f 4804 	5288 	4806
f 4801 	3458 	3459
f 4801 	3459 	4803
f 4804 	4806 	4808
f 4803 	3459 	3461
f 4800 	4784 	4825
f 4825 	4832 	4800
f 4804 	4808 	4794
f 3458 	4800 	4832
f 4794 	4733 	4723
f 4832 	3472 	3458
f 4794 	4808 	4733
f 4832 	3478 	3472
f 4809 	4856 	5303
f 5303 	4687 	4809
f 4712 	4705 	4720
f 4809 	4811 	4856
f 4720 	4813 	4712
f 4509 	4809 	4687
f 4830 	4831 	4710
f 4856 	4811 	4805
f 5260 	4812 	4813
f 4805 	4811 	4814
f 4811 	4503 	4814
f 4805 	4814 	4806
f 4806 	4816 	4808
f 4834 	4710 	4820
f 4814 	4816 	4806
f 4808 	4816 	4740
f 4808 	4740 	4733
f 4812 	4818 	4819
f 4812 	4819 	4813
f 4501 	4811 	4809
f 5179 	4810 	3091
f 4716 	4813 	4819
f 4811 	4501 	4503
f 4845 	4810 	4831
f 4710 	4831 	4810
f 4815 	4823 	4817
f 4830 	4710 	4835
f 4507 	4816 	4814
f 4816 	4484 	4740
f 4816 	4507 	4484
f 4819 	4949 	4716
f 4157 	4807 	4821
f 4807 	4877 	4821
f 4552 	4717 	4716
f 4821 	4070 	4157
f 4988 	4550 	4546
f 4711 	4992 	4820
f 6740 	6735 	4550
f 4780 	4822 	4781
f 4780 	4824 	4822
f 4825 	4784 	4782
f 4842 	4843 	4810
f 4824 	4827 	4828
f 4789 	4788 	4839
f 4842 	4810 	4844
f 4789 	4839 	4829
f 4789 	4829 	4825
f 4824 	4828 	4822
f 4844 	4810 	4845
f 4828 	4833 	4822
f 4825 	4829 	4832
f 4841 	4833 	4828
f 3476 	4829 	4839
f 4822 	4833 	4826
f 4829 	3476 	3478
f 4835 	4947 	4964
f 4829 	3478 	4832
f 4947 	4835 	4834
f 4834 	4820 	4947
f 4787 	4836 	4788
f 4837 	4828 	4827
f 4838 	4836 	4787
f 4839 	4788 	4836
f 4835 	4964 	4830
f 4837 	4827 	4840
f 4837 	4841 	4828
f 4830 	4964 	4831
f 4838 	3480 	3481
f 4836 	4838 	3481
f 4843 	4849 	4810
f 4839 	4836 	3482
f 4836 	3481 	3482
f 3482 	3476 	4839
f 4831 	4964 	4845
f 4847 	4845 	4964
f 4840 	6280 	4837
f 4840 	4206 	6280
f 4844 	4847 	4842
f 4845 	4847 	4844
f 4843 	4842 	4847
f 4849 	3092 	3091
f 4841 	6281 	6282
f 3157 	3092 	4849
f 3091 	4810 	4849
f 4783 	4850 	4786
f 4849 	4843 	4847
f 4849 	4847 	3157
f 4857 	4848 	4846
f 4826 	4850 	4783
f 4850 	4851 	4786
f 4771 	4764 	4848
f 4851 	5261 	4786
f 4851 	4850 	4860
f 4805 	4806 	5288
f 4854 	4846 	4881
f 4854 	4857 	4846
f 4833 	4858 	4826
f 4848 	4857 	4771
f 4850 	4826 	4858
f 4858 	4860 	4850
f 4851 	4861 	4855
f 4860 	4861 	4851
f 4854 	4862 	4863
f 4862 	4870 	4863
f 4854 	4863 	4857
f 4670 	4659 	4631
f 4857 	4778 	4771
f 4857 	4863 	4778
f 4670 	4631 	4865
f 4634 	4636 	4935
f 4859 	4900 	4869
f 4869 	4862 	4859
f 4870 	4862 	4869
f 4863 	4787 	4778
f 4924 	4865 	4638
f 4863 	4870 	4787
f 4865 	4924 	4926
f 4871 	4666 	4665
f 4665 	4673 	4871
f 4926 	4670 	4865
f 4821 	4074 	4070
f 4872 	4873 	4671
f 4807 	4876 	4877
f 4873 	4874 	4673
f 4878 	4074 	4821
f 4074 	4878 	4880
f 4871 	4673 	4874
f 4821 	4877 	4878
f 4879 	4818 	4817
f 4879 	4817 	4823
f 4075 	4880 	4079
f 4885 	4666 	4871
f 4666 	4885 	4679
f 4854 	4881 	4884
f 4885 	4887 	4679
f 4876 	4886 	4888
f 4679 	4887 	4681
f 4887 	4890 	4681
f 4875 	4889 	4883
f 4893 	4887 	4885
f 4888 	4877 	4876
f 4916 	4889 	4875
f 4877 	4891 	4878
f 4859 	4883 	4889
f 4877 	4888 	4891
f 4878 	4891 	4344
f 4871 	4874 	4892
f 4859 	4884 	4883
f 4884 	4862 	4854
f 4885 	4871 	4892
f 4862 	4884 	4859
f 4350 	4344 	4891
f 4889 	4916 	4920
f 4880 	4878 	4344
f 4892 	4893 	4885
f 4880 	4344 	4346
f 4896 	4890 	4887
f 4880 	4346 	4079
f 4896 	4887 	4893
f 4874 	4903 	4892
f 4895 	4870 	4869
f 4869 	4894 	4895
f 4870 	4895 	4838
f 4891 	4899 	4350
f 4895 	3480 	4838
f 5123 	4886 	4882
f 4870 	4838 	4787
f 4894 	3574 	3575
f 4896 	4898 	4890
f 4897 	4888 	4886
f 4909 	4896 	4893
f 3575 	4895 	4894
f 4888 	4899 	4891
f 4888 	4897 	4899
f 4895 	3575 	3480
f 4900 	4859 	4889
f 4889 	4920 	4900
f 4899 	4897 	4497
f 4873 	4901 	4874
f 4899 	4497 	4354
f 4899 	4354 	4350
f 4901 	4903 	4874
f 4902 	3577 	4904
f 4905 	4332 	4907
f 4920 	4904 	4900
f 4892 	4906 	4893
f 4908 	4334 	4333
f 4900 	4894 	4869
f 4900 	4904 	4894
f 4333 	4905 	4908
f 4903 	4906 	4892
f 4908 	4154 	4334
f 4893 	4906 	4909
f 4907 	4910 	4911
f 3576 	4902 	3829
f 4902 	3576 	3577
f 4907 	4911 	4905
f 4894 	4904 	3574
f 4905 	4911 	4912
f 4904 	3577 	3574
f 4896 	4913 	4898
f 4909 	4913 	4896
f 4905 	4912 	4908
f 4913 	5034 	4898
f 4906 	4903 	5006
f 4914 	4919 	4916
f 4790 	5118 	4918
f 4919 	4914 	4917
f 4916 	4919 	4920
f 4790 	4921 	4791
f 4918 	4921 	4790
f 4919 	4902 	4920
f 4921 	4922 	4791
f 4909 	5037 	4913
f 4917 	3829 	4919
f 4919 	3829 	4902
f 4937 	4924 	4638
f 4923 	4925 	4918
f 4920 	4902 	4904
f 4918 	4925 	4921
f 4926 	4872 	4670
f 4925 	4927 	4921
f 4924 	4928 	4931
f 4924 	4931 	4926
f 4872 	4926 	4950
f 5170 	4930 	4929
f 4921 	4927 	4922
f 4872 	4950 	4952
f 4952 	4873 	4872
f 4929 	4933 	5170
f 4935 	4636 	4934
f 4934 	4940 	4935
f 4634 	4937 	4638
f 4634 	4935 	4937
f 4934 	4942 	4940
f 4935 	4940 	4944
f 4932 	4943 	4980
f 4940 	4959 	4944
f 4935 	4944 	4937
f 4937 	4944 	4928
f 4937 	4928 	4924
f 4879 	4948 	4818
f 4818 	4948 	4819
f 4949 	4819 	4948
f 4716 	4949 	4552
f 4950 	4926 	4931
f 5029 	5030 	4936
f 4954 	4950 	4931
f 4936 	5030 	4938
f 4951 	4823 	5224
f 4823 	4951 	4953
f 4933 	4929 	4938
f 4901 	4873 	4952
f 4953 	4879 	4823
f 4608 	4948 	4879
f 4961 	4928 	4960
f 4879 	4953 	4608
f 4928 	4961 	4931
f 4948 	4608 	4609
f 5015 	4454 	4460
f 4648 	4608 	4953
f 4949 	4948 	4609
f 4931 	4961 	4954
f 4949 	4609 	4613
f 4949 	4613 	4552
f 5004 	4901 	4952
f 4942 	4957 	4940
f 4957 	4942 	4958
f 4959 	4940 	4957
f 4960 	4928 	4944
f 4944 	4959 	4960
f 4958 	4962 	4963
f 4958 	4963 	4957
f 5063 	4959 	4957
f 4959 	5064 	4960
f 4954 	4961 	5045
f 5045 	5046 	4954
f 4962 	5068 	4963
f 3518 	4853 	4852
f 3518 	4932 	4853
f 4950 	4954 	4965
f 4954 	5046 	4965
f 4965 	4952 	4950
f 4841 	4966 	4833
f 4640 	4953 	4951
f 4833 	4966 	4858
f 4966 	4967 	4858
f 4858 	4967 	4860
f 4915 	4154 	4908
f 4968 	4861 	4860
f 4908 	4912 	4915
f 4969 	4154 	4915
f 4967 	4968 	4860
f 4968 	4970 	4861
f 4155 	4807 	4157
f 4155 	4969 	4807
f 4911 	4974 	4912
f 3518 	4943 	4932
f 3518 	4945 	4943
f 4978 	4969 	4915
f 3518 	4946 	4945
f 4969 	4876 	4807
f 3518 	4947 	4946
f 4969 	4978 	4876
f 3518 	4964 	4947
f 4973 	4910 	4972
f 3518 	4847 	4964
f 4864 	4727 	4721
f 3518 	3157 	4847
f 4910 	4973 	4911
f 4864 	4721 	4731
f 4974 	4911 	4973
f 4864 	4731 	4866
f 4601 	4977 	4975
f 4912 	4976 	4915
f 4912 	4974 	4976
f 4915 	4976 	4978
f 4599 	4975 	4980
f 4980 	4602 	4599
f 4791 	5100 	4971
f 4146 	4606 	4145
f 4971 	5204 	4791
f 4986 	4604 	4602
f 4971 	4987 	4939
f 4693 	4694 	4988
f 4988 	4688 	4689
f 4986 	4602 	4980
f 4868 	4867 	5078
f 4939 	4987 	4941
f 4982 	4997 	4998
f 4941 	4989 	4985
f 4998 	4711 	4982
f 4997 	4982 	4146
f 4606 	4146 	4982
f 4604 	4986 	4990
f 4990 	4135 	4604
f 4983 	4994 	4984
f 4992 	4146 	4135
f 4994 	4983 	4995
f 4984 	4994 	4996
f 4992 	4135 	4990
f 4984 	4996 	4988
f 4710 	4982 	4711
f 4988 	4996 	4550
f 4998 	4997 	4992
f 4146 	4992 	4997
f 4711 	4998 	4992
f 4947 	4820 	4992
f 4977 	4852 	4853
f 4984 	5152 	4983
f 4975 	4977 	4853
f 4975 	4853 	4932
f 4975 	4932 	4980
f 4986 	4980 	4943
f 4986 	4943 	4945
f 4991 	5000 	4993
f 4986 	4945 	4990
f 4992 	4990 	4946
f 4990 	4945 	4946
f 4946 	4947 	4992
f 4294 	4292 	3921
f 4952 	4965 	5004
f 4294 	3921 	3922
f 5004 	5005 	4901
f 4294 	3922 	3923
f 4901 	5005 	4903
f 4290 	4291 	5007
f 5005 	5006 	4903
f 4291 	5008 	5007
f 4290 	5007 	5009
f 4290 	5009 	4292
f 3921 	4292 	5009
f 5008 	5011 	5007
f 5004 	5049 	5005
f 5009 	4159 	3921
f 5008 	5010 	5011
f 5052 	5006 	5005
f 5007 	5012 	5009
f 5011 	5012 	5007
f 5012 	4159 	5009
f 5015 	4460 	5014
f 7215 	5014 	4460
f 4582 	5011 	5010
f 4760 	4454 	5015
f 4582 	5010 	5016
f 5011 	4582 	4583
f 5011 	4583 	5012
f 4453 	4454 	5017
f 5012 	4166 	4159
f 4760 	5017 	4454
f 5012 	4583 	4166
f 5016 	4587 	4588
f 4588 	4582 	5016
f 5018 	4455 	5017
f 4402 	4288 	5059
f 5017 	4455 	4453
f 4979 	5025 	5019
f 5024 	5025 	4979
f 5166 	5019 	5021
f 4981 	5023 	5024
f 4981 	5024 	4979
f 5025 	5026 	5019
f 5025 	5036 	5026
f 5019 	5026 	5021
f 5023 	5028 	5024
f 5022 	5027 	5029
f 5029 	5031 	5030
f 5029 	4745 	5031
f 4933 	4938 	5030
f 4748 	4753 	5027
f 5027 	4753 	4745
f 5027 	4745 	5029
f 5030 	5249 	4933
f 4795 	5031 	4745
f 5031 	4795 	5252
f 5017 	4761 	4765
f 4748 	5018 	4765
f 5032 	5028 	5023
f 5028 	5033 	5024
f 5024 	5033 	5025
f 5035 	4909 	4906
f 4906 	5006 	5035
f 5033 	5036 	5025
f 5035 	5037 	4909
f 4913 	5038 	5034
f 5032 	5250 	5028
f 4913 	5037 	5038
f 5032 	2854 	5250
f 5038 	5039 	5034
f 5057 	5037 	5035
f 5026 	5040 	5021
f 5036 	5042 	5026
f 5037 	5077 	5038
f 5026 	5042 	5040
f 5042 	5043 	5040
f 5038 	5087 	5039
f 5042 	5258 	5043
f 5038 	5077 	5087
f 5040 	5043 	5041
f 5087 	5089 	5039
f 4961 	4960 	5065
f 5044 	5041 	5043
f 4961 	5065 	5045
f 5046 	5047 	4965
f 5068 	5046 	5045
f 5068 	5047 	5046
f 4965 	5047 	5004
f 5047 	5049 	5004
f 5005 	5049 	5052
f 5050 	5053 	5054
f 5050 	5054 	5048
f 5054 	5056 	5048
f 5006 	5055 	5035
f 4848 	5014 	4846
f 5052 	5055 	5006
f 5015 	4848 	4764
f 5048 	5056 	5051
f 5015 	4764 	4760
f 5035 	5055 	5057
f 5056 	5058 	5051
f 4288 	5060 	5059
f 5059 	5061 	4402
f 5053 	5162 	5054
f 5162 	5166 	5054
f 5061 	4403 	4402
f 5054 	5166 	5056
f 5056 	5167 	5058
f 5063 	4957 	4963
f 5063 	5064 	4959
f 5065 	4960 	5064
f 5067 	4955 	4993
f 4993 	5000 	5067
f 5068 	5063 	4963
f 5068 	5064 	5063
f 5070 	4956 	4955
f 5068 	5065 	5064
f 5070 	4955 	5067
f 5068 	5045 	5065
f 4956 	5070 	5072
f 5068 	5049 	5047
f 5068 	5052 	5049
f 4956 	5072 	5001
f 5068 	5055 	5052
f 4881 	5001 	5072
f 5068 	5057 	5055
f 5072 	4884 	4881
f 5000 	5073 	5067
f 5067 	5073 	4875
f 5073 	4916 	4875
f 5067 	4875 	5070
f 5070 	4883 	5072
f 4875 	4883 	5070
f 4884 	5072 	4883
f 5068 	5104 	5101
f 5073 	4914 	4916
f 4866 	4731 	5076
f 5014 	4848 	5015
f 5076 	4867 	4866
f 5037 	5057 	5077
f 4867 	5076 	5078
f 5057 	5068 	5077
f 5001 	4881 	5013
f 4846 	5014 	5013
f 5013 	4881 	4846
f 4868 	5078 	5079
f 5027 	5020 	4748
f 5079 	5080 	5066
f 5020 	5018 	4748
f 5079 	5085 	5080
f 5017 	4760 	4761
f 4765 	5018 	5017
f 4731 	4737 	5076
f 5078 	5076 	4751
f 5076 	4737 	4751
f 5020 	5027 	5022
f 5078 	4751 	5083
f 5083 	5079 	5078
f 5083 	5085 	5079
f 5082 	5060 	5081
f 5060 	5082 	5059
f 5084 	5061 	5059
f 5082 	5084 	5059
f 5084 	5146 	5061
f 5080 	4556 	5074
f 5085 	4556 	5080
f 4556 	3490 	5074
f 4751 	4743 	4558
f 5121 	5084 	5082
f 4558 	5083 	4751
f 4558 	4561 	5083
f 5083 	4561 	5085
f 5088 	4404 	4403
f 5075 	5039 	5089
f 4403 	5061 	5088
f 5090 	4404 	5088
f 4404 	5090 	4406
f 5080 	5069 	5066
f 5080 	5074 	5069
f 5061 	5146 	5088
f 4987 	4989 	4941
f 5074 	5071 	5069
f 5074 	4543 	5071
f 4868 	5079 	5066
f 5094 	4804 	4794
f 5093 	5288 	4804
f 4804 	5094 	5093
f 5094 	4794 	5095
f 5095 	4794 	4723
f 5095 	4723 	4727
f 5089 	5091 	5075
f 4989 	5099 	4985
f 4971 	5100 	4987
f 4987 	5102 	4989
f 5100 	5102 	4987
f 4989 	5103 	5099
f 5102 	5103 	4989
f 5099 	5103 	5321
f 5068 	5087 	5077
f 5087 	5068 	5089
f 5068 	5091 	5089
f 5068 	5098 	5091
f 5098 	5068 	5101
f 4791 	4922 	5100
f 5107 	5100 	4922
f 5100 	5107 	5102
f 4689 	4686 	4988
f 4951 	5224 	5108
f 5112 	5116 	5106
f 5106 	5116 	5110
f 5141 	5142 	4984
f 5002 	5113 	4999
f 5154 	4983 	5153
f 5152 	5153 	4983
f 5115 	5111 	2884
f 5002 	5117 	5113
f 2884 	2981 	5115
f 5115 	5118 	5111
f 5116 	5119 	5110
f 5120 	5082 	5081
f 5111 	5118 	5114
f 5196 	4882 	4976
f 5120 	5081 	5086
f 5120 	5121 	5082
f 4978 	4976 	4882
f 4978 	4882 	4886
f 4978 	4886 	4876
f 5086 	2774 	5125
f 4684 	5109 	4644
f 5086 	5125 	5120
f 4684 	5184 	5109
f 4882 	5122 	5123
f 4897 	4886 	5123
f 5109 	5184 	5112
f 5116 	5112 	5186
f 5122 	5124 	5126
f 5112 	5184 	5186
f 5120 	5127 	5121
f 5125 	5127 	5120
f 5122 	5126 	5123
f 5116 	5188 	5119
f 5186 	5188 	5116
f 5129 	2774 	2866
f 5123 	5128 	4897
f 5123 	5126 	5128
f 4897 	5128 	4497
f 2774 	5129 	5125
f 5129 	5130 	5125
f 5129 	5135 	5130
f 5128 	4541 	4497
f 5125 	5130 	5127
f 5130 	5132 	5127
f 5134 	5129 	2866
f 4686 	5145 	4988
f 5134 	2866 	2875
f 5141 	4984 	5143
f 4988 	5143 	4984
f 5134 	5135 	5129
f 5135 	5139 	5130
f 5138 	5003 	4999
f 5130 	5139 	5132
f 5131 	5110 	5119
f 5131 	5140 	5133
f 5138 	4999 	5113
f 5139 	5359 	5132
f 5142 	5160 	4984
f 5119 	5140 	5131
f 5140 	5144 	5133
f 5143 	4988 	5145
f 5452 	5144 	5140
f 5142 	5003 	5138
f 5003 	5142 	5141
f 5141 	5143 	5003
f 5133 	5144 	5137
f 5003 	5143 	5145
f 5113 	5159 	5138
f 5138 	5160 	5142
f 5138 	5158 	5160
f 5088 	5147 	5090
f 5119 	5220 	5140
f 5146 	5147 	5088
f 5003 	5145 	5105
f 4686 	5105 	5145
f 5151 	5157 	5147
f 5105 	4689 	5108
f 5148 	5146 	5084
f 4686 	4689 	5105
f 5108 	4688 	4694
f 5148 	5084 	5121
f 5148 	5151 	5146
f 4694 	4951 	5108
f 5146 	5151 	5147
f 5152 	4984 	5156
f 5117 	5154 	5153
f 5117 	5152 	5113
f 5117 	5153 	5152
f 5156 	5113 	5152
f 5156 	4984 	5159
f 5159 	4984 	5158
f 5113 	5156 	5159
f 5158 	5138 	5159
f 5160 	5158 	4984
f 5162 	5053 	5161
f 4936 	5022 	5029
f 5166 	5167 	5056
f 5167 	5169 	5058
f 5058 	5169 	5062
f 4979 	5162 	5161
f 5124 	5237 	5126
f 4979 	5161 	4981
f 4979 	5019 	5162
f 5162 	5019 	5166
f 5170 	5171 	4930
f 5167 	5166 	5021
f 4933 	5172 	5170
f 5170 	5172 	3939
f 5172 	4180 	3939
f 5171 	5170 	3939
f 4790 	5204 	5114
f 5171 	3939 	3942
f 5118 	4790 	5114
f 5171 	3942 	3938
f 4790 	4791 	5204
f 5175 	5115 	2981
f 2981 	2984 	5175
f 5172 	4384 	4180
f 5115 	5176 	5118
f 5128 	4540 	4541
f 5175 	5176 	5115
f 5176 	4918 	5118
f 4972 	5177 	4973
f 2984 	2877 	3927
f 2984 	3927 	5175
f 5172 	4933 	5249
f 5176 	5175 	5178
f 5175 	3927 	5178
f 5249 	4384 	5172
f 5144 	5180 	5137
f 5176 	4923 	4918
f 5178 	4923 	5176
f 5137 	5180 	5149
f 5149 	5181 	5150
f 5180 	5181 	5149
f 3137 	2988 	5182
f 5180 	5455 	5181
f 5190 	5182 	2988
f 5171 	3938 	5168
f 5171 	5168 	4930
f 2988 	2990 	5190
f 2990 	5111 	5190
f 5220 	5119 	5188
f 2990 	2884 	5111
f 5177 	4972 	5191
f 5182 	5192 	5183
f 4973 	5177 	5193
f 5199 	5177 	5191
f 5190 	5192 	5182
f 5183 	5195 	5185
f 5193 	4974 	4973
f 5184 	4684 	5194
f 5196 	4976 	4974
f 5192 	5195 	5183
f 4684 	4890 	5194
f 4974 	5193 	5196
f 5195 	4939 	5185
f 5194 	5197 	5184
f 5191 	5198 	5199
f 5195 	4971 	4939
f 5184 	5197 	5186
f 5187 	5185 	4939
f 5200 	5188 	5186
f 5197 	5200 	5186
f 4939 	4941 	5187
f 5177 	5201 	5193
f 5177 	5199 	5201
f 5193 	5201 	5203
f 5200 	5202 	5188
f 5193 	5203 	5196
f 5190 	5114 	5192
f 5111 	5114 	5190
f 4882 	5196 	5122
f 5114 	5204 	5192
f 5196 	5203 	5122
f 4898 	5194 	4890
f 5198 	5205 	5199
f 5195 	5192 	5204
f 5205 	5198 	5206
f 5204 	4971 	5195
f 5199 	5205 	5207
f 5199 	5207 	5201
f 5202 	5200 	5226
f 5201 	5208 	5203
f 5209 	4773 	3143
f 5226 	5227 	5202
f 4770 	4773 	5209
f 5210 	5197 	5194
f 4770 	5209 	5211
f 5214 	5209 	3143
f 5210 	5194 	4898
f 5210 	5212 	5197
f 4770 	5211 	4775
f 4759 	4775 	5213
f 5197 	5212 	5200
f 5213 	4775 	5211
f 4401 	4759 	5213
f 3143 	3147 	5214
f 5226 	5200 	5212
f 5034 	5210 	4898
f 5209 	5216 	5211
f 5214 	5216 	5209
f 5211 	5216 	5218
f 5216 	5294 	5218
f 5217 	5222 	5219
f 5211 	5218 	5213
f 5213 	4691 	4401
f 5213 	5218 	4691
f 5219 	5000 	4991
f 3147 	5221 	5214
f 4375 	4377 	5217
f 5220 	5452 	5140
f 5222 	5217 	4377
f 5188 	5202 	5220
f 5220 	5202 	5225
f 5173 	5232 	5174
f 4399 	5222 	4377
f 5281 	5224 	4815
f 5281 	5215 	5224
f 5232 	5234 	5174
f 5174 	5234 	5223
f 4823 	4815 	5224
f 5202 	5227 	5225
f 5164 	5163 	4999
f 5163 	5002 	4999
f 5164 	5003 	5165
f 5164 	4999 	5003
f 5165 	5003 	5105
f 5165 	5105 	5215
f 5108 	5224 	5215
f 5105 	5108 	5215
f 5228 	5212 	5210
f 5210 	5034 	5228
f 5228 	5230 	5212
f 5208 	5201 	5207
f 5203 	5208 	5124
f 5228 	5075 	5230
f 5203 	5124 	5122
f 5230 	5226 	5212
f 5231 	5173 	5062
f 5231 	5062 	5169
f 5232 	5173 	5231
f 5208 	5233 	5235
f 5233 	5240 	5235
f 5208 	5235 	5124
f 5234 	5236 	5223
f 5237 	5124 	5235
f 5167 	5021 	5238
f 4540 	5128 	5126
f 5167 	5238 	5169
f 4540 	5126 	5237
f 5238 	5239 	5169
f 5040 	5041 	5238
f 5231 	5169 	5239
f 5239 	5241 	5231
f 5242 	5237 	5235
f 5247 	5241 	5239
f 5242 	5235 	5240
f 5231 	5241 	5232
f 5237 	5242 	4544
f 5232 	5243 	5234
f 5241 	5243 	5232
f 5237 	4544 	4540
f 5242 	4747 	4544
f 5206 	5244 	5205
f 5244 	5206 	5245
f 5246 	5207 	5205
f 5238 	5021 	5040
f 5041 	5239 	5238
f 5205 	5244 	5246
f 5207 	5246 	5233
f 5041 	5247 	5239
f 4399 	5254 	5222
f 5241 	5248 	5243
f 5247 	5248 	5241
f 5248 	5360 	5243
f 5041 	5044 	5247
f 5189 	5217 	5219
f 4991 	5189 	5219
f 5030 	5031 	5249
f 5033 	5028 	5251
f 5250 	5251 	5028
f 5249 	5031 	5252
f 4783 	4786 	5251
f 5249 	5252 	4384
f 5252 	4795 	3457
f 5252 	4385 	4384
f 5252 	3457 	4385
f 5219 	5253 	5000
f 5219 	5222 	5253
f 2854 	4780 	4781
f 5253 	5073 	5000
f 2854 	4781 	5250
f 4781 	4783 	5250
f 5253 	5222 	5254
f 5250 	4783 	5251
f 5073 	5253 	4914
f 5254 	4914 	5253
f 5251 	5255 	5033
f 5033 	5255 	5036
f 3819 	4917 	5254
f 5255 	5256 	5036
f 5255 	5261 	5256
f 5036 	5256 	5042
f 5256 	5258 	5042
f 5259 	5044 	5043
f 5258 	5259 	5043
f 5266 	5257 	5229
f 5259 	5375 	5044
f 5257 	5266 	4812
f 5254 	4917 	4914
f 4786 	5255 	5251
f 5261 	5255 	4786
f 5256 	5263 	5258
f 5261 	5263 	5256
f 4851 	4855 	5261
f 4855 	5263 	5261
f 5247 	5044 	5264
f 5257 	4812 	5260
f 5121 	5127 	5277
f 5121 	5277 	5148
f 5265 	5266 	5229
f 5290 	5309 	5157
f 5266 	4818 	4812
f 4817 	4818 	5266
f 4720 	5260 	4813
f 4815 	5265 	5276
f 5265 	4815 	4817
f 5265 	4817 	5266
f 3308 	5269 	5270
f 5274 	5270 	5269
f 5269 	5273 	5274
f 3680 	5267 	5282
f 5270 	5275 	5271
f 5274 	5275 	5270
f 5271 	5275 	5276
f 5275 	5281 	5276
f 4313 	6159 	5268
f 5271 	5276 	5272
f 5272 	5265 	5229
f 5272 	5276 	5265
f 5278 	5274 	5273
f 5273 	5279 	5278
f 5274 	5278 	5280
f 5127 	5132 	5277
f 5274 	5280 	5275
f 5426 	2793 	2778
f 5233 	5208 	5207
f 2869 	3378 	2872
f 5283 	5151 	5148
f 5341 	5282 	5267
f 5148 	5277 	5283
f 5306 	5309 	5287
f 5092 	5288 	5093
f 5092 	5286 	5288
f 5335 	5341 	5267
f 5281 	5275 	5280
f 5281 	4815 	5276
f 5246 	5296 	5297
f 5283 	5290 	5151
f 4747 	5242 	5310
f 4796 	4747 	5310
f 2745 	3399 	2872
f 5291 	4802 	4796
f 3155 	5221 	3147
f 5214 	5221 	5292
f 5214 	5292 	5216
f 5783 	4802 	5291
f 2881 	5295 	5245
f 5294 	5216 	5292
f 5245 	5295 	5244
f 5244 	5295 	5296
f 5388 	5295 	2881
f 5296 	5246 	5244
f 4701 	4691 	5218
f 5233 	5246 	5297
f 5215 	5281 	5280
f 5473 	5294 	5292
f 5279 	5163 	5164
f 5278 	5279 	5164
f 5218 	5294 	4701
f 5278 	5165 	5280
f 5278 	5164 	5165
f 5280 	5165 	5215
f 5478 	4701 	5294
f 4758 	4701 	5478
f 4856 	4805 	5286
f 5300 	5572 	5187
f 5187 	4941 	5300
f 5286 	4805 	5288
f 5240 	5233 	5297
f 5295 	5389 	5296
f 5295 	5388 	5389
f 4941 	4985 	5300
f 5301 	5302 	5303
f 5242 	5240 	5310
f 5301 	5303 	5284
f 5296 	5304 	5297
f 5151 	5290 	5157
f 5284 	4856 	5286
f 5296 	5389 	5304
f 5284 	5303 	4856
f 5305 	5297 	5304
f 5307 	5308 	5287
f 5306 	5287 	5308
f 5302 	4687 	5303
f 5287 	5309 	5285
f 5305 	5240 	5297
f 5302 	4685 	4687
f 5310 	5240 	5305
f 5305 	5304 	5312
f 5389 	5311 	5304
f 5309 	5306 	5157
f 5308 	5157 	5306
f 5304 	5311 	5312
f 5313 	5477 	4704
f 5305 	5314 	5310
f 5313 	5301 	5096
f 5313 	4704 	4580
f 5305 	5312 	5314
f 4580 	5302 	5313
f 5313 	5302 	5301
f 5096 	5301 	5097
f 5301 	5284 	5097
f 5298 	7049 	5299
f 5285 	5309 	5353
f 5234 	5243 	5315
f 5136 	5284 	5286
f 5315 	5236 	5234
f 5315 	5316 	5236
f 5308 	5307 	5157
f 5307 	6584 	5157
f 5136 	5097 	5284
f 5315 	5243 	5360
f 5136 	5286 	5092
f 4985 	5099 	5318
f 4727 	4864 	2877
f 4864 	5178 	3927
f 5319 	5320 	6788
f 5323 	6788 	5320
f 5324 	5318 	5099
f 5300 	4985 	5328
f 5322 	6783 	5323
f 5102 	5363 	5103
f 5298 	5322 	7049
f 5364 	5321 	5103
f 5363 	5364 	5103
f 5099 	5321 	5324
f 5386 	5107 	4922
f 5323 	7049 	5322
f 5102 	5107 	5363
f 5107 	5368 	5363
f 5386 	5368 	5107
f 5282 	5347 	5471
f 5354 	5329 	6660
f 5094 	2876 	2985
f 5277 	5132 	5332
f 5095 	2876 	5094
f 5332 	5283 	5277
f 2876 	5095 	2877
f 5335 	5334 	5336
f 5350 	5336 	5334
f 5351 	5352 	5285
f 3108 	3134 	5479
f 5267 	5268 	5334
f 5334 	5268 	5285
f 5339 	5329 	5338
f 5337 	5329 	5339
f 5345 	5340 	5329
f 5342 	5282 	5341
f 5339 	6679 	5337
f 5334 	5335 	5267
f 5338 	5331 	5339
f 6679 	5339 	5331
f 5340 	5331 	5338
f 5345 	5329 	5344
f 3130 	5343 	5608
f 5342 	5341 	5283
f 5608 	3134 	3130
f 5290 	5283 	5336
f 5335 	5336 	5283
f 5343 	3657 	3711
f 5338 	5329 	5340
f 5335 	5283 	5341
f 5347 	5282 	5346
f 4923 	5178 	4867
f 5282 	5342 	5346
f 5331 	5340 	5345
f 4867 	4868 	4923
f 4925 	4868 	4927
f 5332 	5346 	5283
f 4927 	5066 	5386
f 5069 	5386 	5066
f 4864 	3927 	2877
f 5332 	5347 	5346
f 5342 	5283 	5346
f 4866 	5178 	4864
f 5334 	5349 	5350
f 4866 	4867 	5178
f 5349 	5334 	5352
f 5285 	5352 	5334
f 5285 	5353 	5351
f 5368 	5386 	5069
f 5069 	5071 	5368
f 5349 	5352 	5290
f 5350 	5349 	5290
f 5336 	5350 	5290
f 5352 	5351 	5290
f 5298 	5299 	6783
f 5071 	5356 	5370
f 5290 	5351 	5353
f 4514 	5371 	5356
f 5353 	5309 	5290
f 5332 	5132 	5359
f 5354 	5358 	5355
f 5354 	5357 	5358
f 4796 	5310 	5314
f 5332 	5471 	5347
f 5316 	5362 	5317
f 5356 	4543 	4545
f 5316 	5315 	5361
f 5071 	4543 	5356
f 5315 	5360 	5361
f 5356 	4545 	4514
f 5466 	5465 	5359
f 5361 	5362 	5316
f 2875 	5482 	5134
f 5486 	5135 	5134
f 5264 	5248 	5247
f 5365 	5248 	5264
f 5135 	5522 	5139
f 5135 	5486 	5522
f 5360 	5248 	5365
f 5321 	5364 	5366
f 5423 	5487 	5995
f 5361 	5360 	5367
f 5365 	5367 	5360
f 5367 	5369 	5361
f 4985 	5318 	5328
f 5368 	5370 	5363
f 5318 	5330 	5328
f 5361 	5369 	5362
f 5369 	5373 	5362
f 5363 	5370 	5364
f 5370 	5371 	5364
f 5327 	5330 	5376
f 5365 	5406 	5367
f 5364 	5371 	5366
f 5226 	5372 	5227
f 5376 	5374 	5327
f 5367 	5408 	5369
f 5044 	5375 	5264
f 5375 	5377 	5264
f 5258 	5263 	5378
f 5376 	5330 	5382
f 5259 	5258 	5378
f 5371 	5379 	5366
f 5259 	5380 	5375
f 5378 	5380 	5259
f 5380 	5381 	5375
f 5370 	5368 	5071
f 5318 	5382 	5330
f 5375 	5381 	5377
f 5371 	5370 	5356
f 5314 	5291 	4796
f 5382 	5318 	5324
f 5311 	5383 	5384
f 5412 	5382 	5324
f 5383 	6521 	5384
f 5311 	5384 	5312
f 5385 	5314 	5312
f 5312 	5384 	5385
f 5314 	5385 	5291
f 4922 	4927 	5386
f 4868 	4925 	4923
f 5066 	4927 	4868
f 5568 	5380 	5378
f 5381 	5380 	5570
f 5380 	5568 	5570
f 5400 	5398 	5374
f 5412 	5407 	5382
f 4514 	4715 	5379
f 5379 	5371 	4514
f 2881 	2889 	5388
f 4715 	5809 	5379
f 3801 	5809 	4715
f 2889 	2892 	5390
f 3801 	3949 	5981
f 2889 	5390 	5388
f 5388 	5390 	5391
f 5230 	5372 	5226
f 5388 	5391 	5389
f 5389 	5391 	5311
f 5439 	5372 	5444
f 5311 	5391 	5383
f 5034 	5039 	5228
f 5393 	5390 	2892
f 2895 	5393 	2892
f 5039 	5075 	5228
f 5395 	5390 	5393
f 5393 	6509 	5395
f 5396 	5293 	5394
f 5376 	5382 	5407
f 5395 	5391 	5390
f 5394 	5403 	5396
f 5262 	5293 	5396
f 5383 	5391 	5395
f 5262 	5396 	5397
f 5262 	5397 	2773
f 2895 	6507 	5393
f 5397 	2778 	2773
f 6509 	5393 	6507
f 5399 	5400 	5374
f 5376 	5399 	5374
f 5399 	5402 	5400
f 5401 	5403 	5394
f 3218 	5405 	3222
f 5396 	5404 	5397
f 3218 	5520 	5405
f 5403 	5404 	5396
f 5376 	5407 	5399
f 5365 	5264 	5377
f 5365 	5377 	5406
f 5406 	5408 	5367
f 5408 	5409 	5369
f 5408 	5415 	5409
f 5369 	5409 	5373
f 5412 	5901 	5407
f 5373 	5409 	5410
f 5377 	5381 	5411
f 5411 	5406 	5377
f 5408 	5406 	5414
f 5411 	5414 	5406
f 5416 	3226 	3222
f 3222 	5405 	5416
f 4930 	5401 	5413
f 3226 	5416 	5418
f 5481 	5416 	5405
f 5402 	5417 	5400
f 5399 	5448 	5402
f 5420 	5225 	5227
f 5563 	5359 	5139
f 3194 	3226 	5418
f 5425 	3194 	5418
f 5483 	5418 	5416
f 5397 	5404 	5426
f 5418 	5484 	5425
f 5418 	5483 	5484
f 5397 	5426 	2778
f 5348 	5344 	5427
f 2793 	5426 	3933
f 5427 	5329 	5354
f 5427 	5354 	5355
f 3933 	3851 	2793
f 5168 	5403 	5401
f 5432 	5404 	5403
f 5329 	5427 	5344
f 5435 	5437 	5427
f 4930 	5413 	4929
f 5422 	5424 	5359
f 5299 	5507 	6783
f 5348 	5427 	5437
f 2794 	2793 	3851
f 2794 	3851 	2795
f 3852 	2795 	3851
f 6674 	5430 	5419
f 3377 	2834 	3852
f 2795 	3852 	2834
f 2869 	3377 	3378
f 2745 	2872 	3378
f 5404 	3931 	5426
f 5426 	3931 	3932
f 5432 	5403 	5168
f 3931 	5404 	5432
f 5430 	5431 	5419
f 5168 	5401 	4930
f 5168 	3938 	5432
f 3938 	3936 	5432
f 3931 	5432 	3936
f 5439 	5420 	5227
f 5420 	5441 	5421
f 5439 	5441 	5420
f 5435 	5427 	5440
f 5474 	5475 	5427
f 5331 	5345 	5428
f 5344 	5428 	5345
f 5372 	5439 	5227
f 5427 	5438 	5474
f 5497 	5474 	5438
f 5355 	5438 	5427
f 5421 	5442 	5436
f 5441 	5442 	5421
f 5438 	5355 	6783
f 5443 	5230 	5075
f 5230 	5443 	5372
f 5372 	5443 	5444
f 5458 	5449 	5407
f 5439 	5445 	5441
f 7217 	7218 	4956
f 5901 	5461 	5407
f 5444 	5445 	5439
f 5445 	5446 	5441
f 5441 	5446 	5442
f 5282 	5471 	5429
f 5075 	5091 	5443
f 5091 	5098 	5443
f 5417 	4746 	5387
f 5443 	5098 	5444
f 5098 	5101 	5444
f 5444 	5101 	5445
f 5449 	5450 	5407
f 5399 	5407 	5450
f 5445 	5104 	5446
f 5470 	5467 	5429
f 5101 	5104 	5445
f 5450 	5448 	5399
f 5150 	5451 	5155
f 5150 	5181 	5451
f 5392 	5324 	5321
f 5144 	5454 	5180
f 5468 	5453 	5467
f 5452 	5454 	5144
f 5321 	5366 	5392
f 5454 	5455 	5180
f 5459 	5455 	5454
f 5450 	5449 	5417
f 5455 	5456 	5181
f 5455 	5460 	5456
f 5459 	5460 	5455
f 5448 	5417 	5402
f 3774 	3776 	5453
f 5451 	5181 	5456
f 5225 	5452 	5220
f 5448 	5450 	5417
f 5225 	5457 	5452
f 5225 	5420 	5457
f 5452 	5457 	5454
f 5458 	5407 	5461
f 5457 	5459 	5454
f 5429 	5467 	5453
f 5458 	4752 	5449
f 5461 	4752 	5458
f 5421 	5457 	5420
f 5417 	5449 	4752
f 5094 	2985 	5093
f 5457 	5421 	5459
f 5459 	5436 	5460
f 5421 	5436 	5459
f 2877 	5095 	4727
f 5465 	5453 	5468
f 5417 	4752 	4746
f 5463 	5472 	5464
f 5464 	5472 	4636
f 5464 	4636 	4624
f 5465 	5466 	5453
f 5462 	5469 	5463
f 5523 	5516 	4744
f 5470 	5429 	5471
f 5472 	5463 	5469
f 5627 	5472 	5469
f 5519 	5513 	5387
f 5465 	5468 	5359
f 5332 	5359 	5468
f 5435 	5430 	5437
f 5424 	5995 	5476
f 5428 	5437 	5430
f 5466 	5359 	5476
f 5430 	5435 	5440
f 5428 	5344 	5348
f 5428 	5348 	5437
f 5471 	5332 	5470
f 5497 	5438 	5496
f 5440 	5427 	5475
f 5479 	5097 	5136
f 5468 	5467 	5332
f 3109 	3108 	5092
f 5470 	5332 	5467
f 3111 	5092 	5093
f 2985 	3111 	5093
f 5476 	5453 	5466
f 5440 	5475 	5430
f 5424 	5476 	5359
f 5479 	5096 	5097
f 5282 	5429 	3954
f 5282 	3954 	3680
f 4576 	4704 	5477
f 5096 	5477 	5313
f 3682 	5267 	3680
f 3197 	5425 	4336
f 5267 	3682 	5268
f 5479 	3134 	5608
f 4313 	5268 	3682
f 5425 	4342 	4336
f 3197 	4336 	3199
f 5294 	5473 	5478
f 5405 	5480 	5481
f 5416 	5481 	5483
f 5387 	4744 	5516
f 5482 	2875 	3009
f 5527 	4744 	4785
f 4342 	5425 	5484
f 5482 	5486 	5134
f 5524 	5525 	4744
f 5510 	5481 	5480
f 5473 	5488 	5478
f 5484 	5495 	4364
f 5289 	5491 	5434
f 5484 	4364 	4342
f 5430 	5475 	5431
f 5491 	5289 	5490
f 5474 	5431 	5475
f 5481 	5492 	5483
f 5483 	5495 	5484
f 5438 	5494 	5496
f 5489 	5493 	5498
f 5483 	5492 	5495
f 5499 	5494 	5438
f 5489 	5498 	5490
f 5490 	5498 	5501
f 5492 	5500 	5502
f 5490 	5501 	5491
f 5492 	5502 	5495
f 5496 	5431 	5497
f 5495 	4366 	4364
f 5497 	5431 	5474
f 5495 	5502 	4366
f 5512 	5503 	5500
f 5500 	5503 	5504
f 5431 	5496 	5433
f 5494 	5433 	5496
f 5499 	5433 	5494
f 5500 	5504 	5502
f 5502 	5504 	4371
f 5438 	5505 	5506
f 5438 	5506 	5499
f 5502 	4371 	4366
f 5507 	5505 	6783
f 5438 	6783 	5505
f 5501 	5508 	5491
f 5503 	5537 	5504
f 5503 	5536 	5537
f 5504 	4426 	4371
f 5473 	5485 	5488
f 5504 	5537 	4426
f 5526 	5509 	5480
f 5509 	5526 	5529
f 5478 	5488 	4769
f 5510 	5480 	5509
f 5516 	5517 	5387
f 5523 	4744 	5525
f 5492 	5481 	5510
f 5511 	5509 	5529
f 5509 	5512 	5510
f 5509 	5511 	5512
f 5510 	5500 	5492
f 5512 	5500 	5510
f 5511 	5514 	5515
f 5485 	5841 	5866
f 5013 	7220 	5001
f 5511 	5515 	5512
f 5512 	5515 	5503
f 4955 	4956 	7144
f 7182 	7110 	7144
f 5001 	7217 	4956
f 5515 	5514 	5544
f 5189 	4991 	5508
f 5508 	5501 	5189
f 5485 	5517 	5488
f 5422 	5423 	5995
f 5516 	5488 	5517
f 3773 	5995 	5487
f 5518 	5521 	5526
f 5424 	5422 	5995
f 5518 	5526 	5520
f 5485 	5513 	5519
f 5485 	5519 	5517
f 5519 	5387 	5517
f 7110 	7278 	4993
f 5524 	4744 	5527
f 5516 	5523 	5488
f 6568 	6496 	4207
f 5520 	5480 	5405
f 5480 	5520 	5526
f 6573 	6568 	4208
f 4207 	4208 	6568
f 5528 	5521 	5779
f 4232 	6599 	4208
f 5521 	5529 	5526
f 5447 	4232 	4234
f 5493 	5447 	4234
f 5529 	5521 	5528
f 5493 	4234 	4236
f 7047 	5506 	5505
f 5528 	5532 	5529
f 5528 	5530 	5532
f 5507 	7047 	5505
f 5498 	5493 	4236
f 5433 	5499 	5506
f 4236 	5531 	5498
f 5529 	5532 	5511
f 5531 	5189 	5501
f 5501 	5498 	5531
f 5530 	5534 	5532
f 5530 	5533 	5534
f 5532 	5534 	5514
f 5217 	5531 	4375
f 5543 	5514 	5534
f 5532 	5514 	5511
f 4236 	4375 	5531
f 5534 	5542 	5543
f 5535 	5469 	5462
f 5531 	5217 	5189
f 4443 	4450 	5830
f 5877 	4443 	5830
f 5536 	5538 	5539
f 4934 	4636 	5472
f 5538 	5556 	5539
f 5536 	5539 	5537
f 5537 	4432 	4426
f 5537 	5539 	4432
f 6193 	4448 	4495
f 5556 	5538 	5555
f 5599 	5487 	5598
f 5539 	4438 	4432
f 6203 	3153 	4448
f 5542 	5546 	5543
f 5542 	5545 	5546
f 5544 	5514 	5543
f 4504 	3156 	3164
f 5536 	5503 	5515
f 5515 	5544 	5536
f 5545 	5542 	5775
f 4517 	2789 	2781
f 5543 	5546 	5547
f 5553 	5546 	5545
f 4517 	4504 	2789
f 4523 	3149 	4524
f 5543 	5547 	5544
f 5544 	5547 	5538
f 3149 	3156 	4524
f 5540 	5549 	5541
f 4449 	3151 	4511
f 5544 	5538 	5536
f 5545 	5551 	5553
f 5548 	5549 	5540
f 3154 	4511 	3151
f 5550 	5541 	5549
f 4511 	3154 	3149
f 6301 	6085 	4331
f 4567 	4568 	6301
f 5525 	5488 	5523
f 5546 	5554 	5547
f 5524 	4769 	5525
f 5546 	5553 	5554
f 5547 	5554 	5555
f 4567 	6301 	4331
f 5488 	5525 	4769
f 5554 	5560 	5555
f 5527 	4769 	5524
f 5547 	5555 	5538
f 4329 	4158 	5557
f 5555 	5767 	5556
f 5555 	5560 	5767
f 4329 	5557 	4331
f 4438 	5539 	5556
f 4331 	5557 	4572
f 5553 	5551 	6073
f 5557 	4591 	4595
f 5553 	6073 	5559
f 5559 	5554 	5553
f 5185 	5187 	5558
f 4572 	4567 	4331
f 5557 	4158 	4591
f 5414 	5415 	5408
f 4158 	4172 	4591
f 5415 	5561 	5409
f 5409 	5561 	5410
f 5522 	5563 	5139
f 5558 	5617 	5564
f 5185 	5558 	5564
f 5182 	5562 	3137
f 5598 	5487 	5423
f 5562 	5182 	5183
f 5564 	5562 	5183
f 5359 	5565 	5423
f 5263 	5566 	5378
f 5183 	5185 	5564
f 4855 	5566 	5263
f 5423 	5422 	5359
f 5566 	5568 	5378
f 5566 	5574 	5568
f 5830 	4450 	4591
f 5571 	5574 	5566
f 5571 	4855 	4861
f 5572 	5619 	5558
f 4861 	4970 	5571
f 4855 	5571 	5566
f 4629 	4725 	5573
f 4379 	5573 	4175
f 5568 	5575 	5570
f 5573 	4725 	4730
f 5574 	5575 	5568
f 5575 	5584 	5570
f 5567 	5577 	5569
f 5576 	5577 	5567
f 4730 	4239 	5573
f 5571 	5578 	5574
f 4738 	2781 	4730
f 4970 	5578 	5571
f 3108 	5479 	5136
f 5327 	5577 	5330
f 2782 	4730 	2781
f 5136 	5092 	3108
f 5092 	3111 	3109
f 5558 	5187 	5572
f 5576 	5572 	5300
f 5603 	5581 	5579
f 5300 	5328 	5576
f 3958 	5579 	5581
f 5381 	5583 	5411
f 5576 	5328 	5577
f 5381 	5570 	5583
f 5581 	5793 	3958
f 5583 	5602 	5411
f 7047 	5507 	5299
f 5585 	3773 	3771
f 5585 	5586 	3773
f 5587 	3776 	3774
f 5586 	5587 	3774
f 5585 	5590 	5586
f 5585 	5588 	5590
f 5586 	5590 	5597
f 5584 	5583 	5570
f 5586 	5597 	5587
f 6463 	6465 	5589
f 5574 	5592 	5575
f 5589 	6465 	5591
f 5578 	5592 	5574
f 5592 	5593 	5575
f 5588 	5684 	5590
f 5575 	5593 	5584
f 5593 	5595 	5584
f 5594 	5591 	6468
f 5578 	6641 	5592
f 6643 	6644 	5593
f 5359 	5563 	5565
f 5593 	6644 	5595
f 5596 	5587 	5600
f 5548 	5894 	5601
f 5587 	5597 	5600
f 5583 	5674 	5602
f 5548 	5601 	5549
f 5596 	5603 	5579
f 5549 	5604 	5550
f 5411 	5602 	5414
f 5600 	5603 	5596
f 5549 	5601 	5604
f 5602 	5605 	5414
f 5565 	5599 	5598
f 5565 	5598 	5423
f 5550 	5606 	5552
f 5414 	5605 	5415
f 5604 	5606 	5550
f 5552 	5606 	5535
f 5608 	5343 	5582
f 5600 	5693 	5603
f 5552 	5535 	5462
f 5693 	5798 	5603
f 5582 	5580 	5610
f 5580 	5609 	5610
f 5563 	5522 	5648
f 5582 	5611 	5608
f 5563 	5649 	5565
f 5582 	5610 	5611
f 5479 	5608 	5611
f 5577 	5328 	5330
f 3517 	5614 	3009
f 3173 	5562 	5615
f 3009 	5614 	5482
f 5482 	5614 	5618
f 5482 	5618 	5486
f 5615 	5564 	5617
f 5610 	5477 	5611
f 3173 	3137 	5562
f 5615 	5562 	5564
f 5558 	5619 	5617
f 5629 	5619 	5572
f 5620 	5616 	5904
f 5903 	5904 	5616
f 4177 	5622 	6723
f 5610 	5609 	4576
f 3173 	5615 	3342
f 5627 	5469 	5625
f 3342 	5615 	5623
f 5623 	5617 	5624
f 5623 	5615 	5617
f 5624 	5617 	5619
f 5472 	5627 	4934
f 5624 	5619 	5626
f 5625 	5666 	5628
f 5096 	5611 	5477
f 5619 	5629 	5626
f 5096 	5479 	5611
f 5625 	5630 	5627
f 5628 	5630 	5625
f 5627 	5630 	4942
f 5567 	5569 	5635
f 5572 	5576 	5629
f 6387 	6596 	3975
f 5629 	5576 	5567
f 5627 	4942 	4934
f 5569 	5577 	5327
f 5327 	5641 	5569
f 4576 	5477 	5610
f 4719 	5622 	4177
f 5609 	5622 	4719
f 4576 	5609 	4719
f 5655 	5623 	5654
f 5626 	5657 	5624
f 5632 	5658 	5626
f 5637 	5660 	5635
f 5626 	5629 	5632
f 5632 	5567 	5635
f 5629 	5567 	5632
f 5634 	5580 	5582
f 5635 	5569 	5637
f 5634 	5582 	5343
f 5657 	5626 	5658
f 5635 	5659 	5632
f 5662 	5660 	5637
f 5613 	5612 	3768
f 3766 	5612 	5640
f 5637 	5641 	5663
f 5641 	5637 	5569
f 5639 	5656 	5650
f 5643 	2709 	5642
f 5664 	5641 	5374
f 2709 	5643 	5633
f 5327 	5374 	5641
f 5636 	5633 	5644
f 5643 	5644 	5633
f 5644 	5646 	5636
f 5624 	5657 	5654
f 5636 	5646 	5638
f 5646 	5639 	5638
f 5412 	5324 	5392
f 5658 	5632 	5659
f 5642 	5589 	5643
f 5803 	5412 	5392
f 5643 	5591 	5644
f 5637 	5663 	5662
f 5589 	5591 	5643
f 5591 	5594 	5644
f 5644 	5594 	5646
f 5461 	5901 	5930
f 5486 	5647 	5522
f 5618 	5647 	5486
f 5647 	5648 	5522
f 5645 	5849 	3411
f 5639 	5653 	5656
f 4752 	5461 	5930
f 5398 	5777 	5374
f 5623 	5763 	3342
f 5624 	5654 	5623
f 5594 	5653 	5646
f 5646 	5653 	5639
f 5635 	5660 	5659
f 5606 	5631 	5666
f 5667 	5664 	5665
f 5666 	5535 	5606
f 5664 	5667 	5641
f 5663 	5641 	5667
f 5535 	5625 	5469
f 5664 	5668 	5665
f 5535 	5666 	5625
f 5659 	5660 	5645
f 5631 	5670 	5666
f 5631 	5669 	5670
f 5666 	5670 	5628
f 3518 	5614 	3517
f 3518 	5618 	5614
f 3518 	5647 	5618
f 5657 	5658 	3411
f 5670 	5676 	5628
f 3518 	5648 	5647
f 5654 	5657 	3411
f 5655 	5654 	3411
f 3518 	5649 	5648
f 5658 	5659 	3411
f 3518 	5651 	5649
f 5645 	3411 	5659
f 5415 	5607 	5561
f 3518 	5671 	5651
f 5605 	5607 	5415
f 3518 	5857 	5671
f 5612 	5680 	5681
f 3518 	5977 	5857
f 5612 	5681 	5640
f 5670 	5673 	5676
f 3766 	5640 	3771
f 5583 	5584 	5674
f 5674 	5677 	5602
f 5585 	3771 	5640
f 5595 	5674 	5584
f 5640 	5588 	5585
f 5678 	5630 	5628
f 5602 	5677 	5605
f 5677 	5679 	5605
f 5678 	5628 	5676
f 5630 	5678 	4958
f 5605 	5679 	5607
f 5678 	4962 	4958
f 5612 	5613 	5680
f 5630 	4958 	4942
f 5680 	5719 	5681
f 5595 	5682 	5674
f 5588 	5640 	5681
f 5674 	5682 	5677
f 5700 	5673 	5672
f 5673 	5703 	5676
f 6654 	5682 	5595
f 5683 	5678 	5676
f 6644 	6654 	5595
f 4962 	5678 	5683
f 3831 	3761 	5685
f 3761 	5048 	5685
f 5068 	4962 	5683
f 5684 	5722 	5695
f 3761 	5050 	5048
f 5689 	5597 	5590
f 5684 	5689 	5590
f 5689 	5692 	5597
f 5686 	5691 	5688
f 5697 	5702 	5689
f 5686 	5756 	5691
f 5689 	5702 	5692
f 5688 	5691 	5672
f 5685 	5051 	5687
f 5597 	5692 	5600
f 5048 	5051 	5685
f 5692 	5693 	5600
f 5688 	5672 	5669
f 5669 	5673 	5670
f 5669 	5672 	5673
f 5684 	5695 	5697
f 5698 	5687 	5051
f 5058 	5698 	5051
f 5700 	5672 	5699
f 5687 	5698 	5690
f 5698 	5701 	5690
f 5697 	5689 	5684
f 5701 	5694 	5690
f 5703 	5673 	5700
f 5701 	5704 	5694
f 5703 	5683 	5676
f 5701 	5173 	5704
f 5068 	5735 	5104
f 5692 	5705 	5693
f 5694 	5704 	5696
f 5068 	5737 	5735
f 5068 	5739 	5737
f 5702 	5705 	5692
f 5068 	5741 	5739
f 5068 	5743 	5741
f 5068 	5745 	5743
f 5068 	5710 	5745
f 5068 	5712 	5710
f 5058 	5062 	5698
f 5068 	5714 	5712
f 5701 	5698 	5062
f 5068 	5715 	5714
f 5068 	5720 	5715
f 5068 	5721 	5720
f 5062 	5173 	5701
f 5697 	5695 	5706
f 5068 	5725 	5721
f 5173 	5174 	5704
f 5068 	5699 	5725
f 5697 	5707 	5702
f 5068 	5700 	5699
f 5068 	5703 	5700
f 5697 	5706 	5707
f 5702 	5707 	5915
f 5068 	5683 	5703
f 5709 	5690 	5711
f 5956 	5707 	5706
f 5922 	5915 	5707
f 5613 	5716 	5680
f 5708 	3831 	5685
f 5716 	5717 	5680
f 5685 	5687 	5708
f 5716 	5718 	5717
f 5687 	5709 	5708
f 5687 	5690 	5709
f 5719 	5680 	5717
f 5681 	5719 	5722
f 5681 	5722 	5588
f 5722 	5684 	5588
f 5718 	5726 	5727
f 5730 	5731 	5724
f 5724 	5731 	5728
f 5718 	5727 	5717
f 5717 	5727 	5729
f 5672 	5691 	5699
f 5711 	5694 	5713
f 5690 	5694 	5711
f 5691 	5725 	5699
f 5696 	5723 	5713
f 5719 	5717 	5729
f 5713 	5694 	5696
f 5730 	5723 	5696
f 5696 	5733 	5730
f 5730 	5724 	5723
f 5729 	5757 	5740
f 5696 	5704 	5733
f 5719 	5736 	5722
f 5719 	5729 	5736
f 5736 	5695 	5722
f 5730 	5733 	5734
f 5736 	5729 	5740
f 5736 	5740 	5742
f 5740 	5744 	5746
f 5740 	5746 	5742
f 5736 	5742 	5695
f 5741 	5743 	5732
f 5742 	5706 	5695
f 5742 	5747 	5706
f 5747 	5742 	5746
f 5956 	5706 	5747
f 5961 	5747 	5746
f 5746 	5744 	6096
f 5704 	5174 	5733
f 6096 	5744 	5774
f 5734 	5733 	5223
f 5174 	5223 	5733
f 5223 	5749 	5734
f 5223 	5236 	5749
f 5726 	5750 	5751
f 5734 	5749 	5738
f 5749 	5753 	5738
f 5660 	5662 	5645
f 5662 	5663 	5645
f 5663 	5667 	5645
f 5667 	5665 	5645
f 5668 	5645 	5665
f 5726 	5751 	5727
f 5727 	5757 	5729
f 5727 	5751 	5757
f 5758 	5759 	5750
f 5750 	5759 	5751
f 5886 	5714 	5748
f 5728 	5731 	5760
f 5751 	5759 	5761
f 5748 	5715 	5752
f 5715 	5748 	5714
f 5752 	5715 	5720
f 3423 	3342 	5763
f 5623 	5655 	5763
f 5754 	5752 	5720
f 5754 	5721 	5756
f 5762 	5769 	5764
f 3423 	5763 	3411
f 5655 	3411 	5763
f 5754 	5720 	5721
f 5664 	5765 	5668
f 5756 	5721 	5725
f 5691 	5756 	5725
f 5734 	5731 	5730
f 5650 	5661 	5652
f 5738 	5731 	5734
f 5759 	5771 	5761
f 5731 	5738 	5760
f 5656 	5661 	5650
f 5751 	5761 	5757
f 5766 	5762 	5760
f 5757 	5744 	5740
f 5560 	5554 	5559
f 5757 	5761 	5744
f 5766 	5760 	5738
f 5556 	4444 	4438
f 5766 	5769 	5762
f 5759 	5758 	5768
f 5556 	5767 	4444
f 5594 	6471 	5653
f 5770 	5768 	5758
f 5771 	5759 	5768
f 5656 	5653 	5958
f 6099 	5771 	5768
f 6061 	5767 	5560
f 5769 	5772 	5764
f 5767 	6061 	4773
f 5761 	5771 	5774
f 5767 	4773 	4444
f 5661 	5970 	5971
f 5797 	6012 	5772
f 5772 	6012 	5773
f 5776 	5487 	5599
f 5675 	5487 	5776
f 5542 	5534 	5533
f 5761 	5774 	5744
f 5542 	5533 	5775
f 5777 	5765 	5664
f 5738 	5753 	5766
f 5664 	5374 	5777
f 5545 	5775 	6144
f 5769 	5766 	5755
f 5753 	5755 	5766
f 5551 	5545 	6144
f 3771 	5675 	3766
f 4732 	5778 	4696
f 5668 	5765 	5645
f 4696 	5518 	3232
f 5487 	5675 	3773
f 3771 	3773 	5675
f 5776 	5599 	5565
f 4696 	5778 	5518
f 5777 	5398 	5645
f 5780 	5825 	5638
f 5778 	5521 	5518
f 5521 	5778 	5779
f 5779 	5791 	5795
f 5638 	5639 	5780
f 5781 	5780 	5650
f 5417 	5645 	5398
f 5639 	5650 	5780
f 5652 	5782 	5781
f 5781 	5650 	5652
f 5765 	5777 	5645
f 5784 	4802 	5783
f 5783 	5789 	5784
f 5783 	5787 	5789
f 5400 	5417 	5398
f 5788 	5782 	5652
f 4728 	5785 	4729
f 4728 	5784 	5785
f 4729 	5785 	5786
f 5675 	5817 	3766
f 5781 	5827 	5780
f 5675 	5845 	5846
f 4729 	5786 	4732
f 5778 	4732 	5786
f 5788 	5833 	5782
f 5784 	5789 	5790
f 5785 	5784 	5790
f 5785 	5791 	5786
f 5790 	5791 	5785
f 5786 	5791 	5779
f 5633 	5863 	2709
f 2727 	2709 	5863
f 5822 	5633 	5821
f 5638 	5824 	5636
f 5786 	5779 	5778
f 5821 	5636 	5824
f 5793 	5794 	4162
f 5787 	6050 	5892
f 5825 	5780 	5827
f 5787 	5892 	5789
f 5782 	5829 	5781
f 5581 	5799 	5793
f 5791 	5898 	5795
f 5528 	5779 	5795
f 5794 	5808 	4165
f 5769 	5797 	5772
f 5898 	5796 	5795
f 5581 	5603 	5798
f 5795 	5796 	5530
f 5755 	5797 	5769
f 5530 	5796 	5533
f 6207 	6231 	4314
f 5795 	5530 	5528
f 5581 	5798 	5799
f 5798 	5889 	5799
f 4317 	6231 	6232
f 5796 	5800 	5533
f 6012 	6013 	5773
f 5793 	5801 	5794
f 5749 	5802 	5753
f 5799 	5801 	5793
f 5802 	5749 	5236
f 5316 	5317 	5802
f 5236 	5316 	5802
f 5804 	5803 	5392
f 5693 	5880 	5798
f 5392 	5366 	5804
f 5804 	5806 	5803
f 5880 	5889 	5798
f 5799 	5890 	5801
f 5366 	5379 	5804
f 5805 	5709 	5807
f 5804 	5379 	5809
f 5810 	5869 	5807
f 5809 	5806 	5804
f 4168 	5808 	5811
f 5810 	5812 	5870
f 4168 	5811 	4126
f 5645 	5417 	5387
f 3988 	5708 	5805
f 3988 	3831 	5708
f 5815 	4754 	4752
f 5805 	5708 	5709
f 5815 	4752 	5814
f 5709 	5711 	5807
f 5816 	3155 	3540
f 5807 	5711 	5810
f 5711 	5713 	5810
f 5849 	5850 	3411
f 5810 	5713 	5812
f 5723 	5813 	5812
f 3155 	5816 	5221
f 5713 	5723 	5812
f 5814 	4282 	4283
f 5815 	5814 	4283
f 5842 	5843 	5675
f 5221 	5818 	5292
f 5940 	2715 	5792
f 5811 	5823 	4172
f 5794 	5819 	5808
f 5808 	5820 	5811
f 5820 	5823 	5811
f 5834 	5836 	5788
f 3768 	3766 	5817
f 4096 	3988 	5805
f 4591 	4172 	5830
f 5805 	5807 	5868
f 5817 	5839 	3768
f 5869 	5810 	5870
f 5801 	5819 	5794
f 5636 	5821 	5633
f 5563 	5648 	5649
f 5852 	5853 	5817
f 5863 	5633 	5822
f 5852 	5817 	5854
f 5872 	5812 	5813
f 5820 	5808 	5819
f 5855 	5817 	5843
f 5824 	5638 	5825
f 5820 	5875 	5823
f 5871 	5875 	5820
f 5776 	5828 	5675
f 5845 	5675 	5828
f 5813 	5724 	5826
f 5781 	5829 	5827
f 5782 	5831 	5829
f 5831 	5782 	5833
f 5221 	5816 	5818
f 5836 	5834 	5835
f 5818 	5473 	5292
f 5848 	5645 	5859
f 5833 	5788 	5836
f 3646 	3411 	5850
f 5834 	5837 	5835
f 5776 	5565 	5828
f 5387 	5866 	5645
f 3540 	5838 	5816
f 5651 	5828 	5565
f 5565 	5649 	5651
f 3540 	3551 	5838
f 5865 	5864 	5834
f 5853 	5862 	5817
f 5816 	5841 	5818
f 5675 	5843 	5817
f 5854 	5817 	5855
f 5844 	5914 	5840
f 5842 	5675 	5846
f 5816 	5838 	5841
f 5818 	5841 	5485
f 5845 	5651 	5846
f 5828 	5651 	5845
f 5671 	5846 	5651
f 5818 	5485 	5473
f 5813 	5723 	5724
f 5842 	5671 	5843
f 5858 	5859 	5645
f 5728 	5826 	5724
f 5826 	5728 	5832
f 5861 	5645 	5867
f 2715 	5827 	5792
f 5846 	5671 	5842
f 5850 	5849 	3551
f 5822 	5821 	2715
f 5839 	5817 	5862
f 5838 	3551 	5849
f 5848 	5838 	5849
f 5832 	5851 	5840
f 5821 	5824 	2715
f 5824 	5825 	2715
f 5825 	5827 	2715
f 5827 	5829 	5792
f 5829 	5831 	5792
f 5728 	5851 	5832
f 3646 	5850 	3551
f 5831 	5833 	5792
f 5851 	5856 	5840
f 5857 	5855 	5671
f 5833 	5836 	5792
f 5843 	5671 	5855
f 5840 	5856 	5844
f 5836 	5835 	5792
f 5844 	5860 	5847
f 5645 	5861 	5858
f 5837 	5792 	5835
f 5854 	5857 	5852
f 5855 	5857 	5854
f 5853 	5852 	5857
f 5856 	5860 	5844
f 5860 	5974 	5847
f 5838 	5859 	5858
f 5838 	5858 	5841
f 2727 	5863 	2715
f 2715 	5863 	5822
f 5858 	5861 	5841
f 5834 	5864 	5837
f 5849 	5645 	5848
f 5838 	5848 	5859
f 5513 	5866 	5387
f 5760 	5851 	5728
f 5867 	5645 	5866
f 5834 	5978 	5865
f 5762 	5856 	5851
f 5867 	5841 	5861
f 5851 	5760 	5762
f 5837 	5864 	5792
f 5764 	5860 	5856
f 5867 	5866 	5841
f 5513 	5485 	5866
f 5865 	5792 	5864
f 5944 	5871 	5819
f 5819 	5871 	5820
f 5823 	5877 	5830
f 5865 	6015 	5792
f 5875 	5877 	5823
f 4096 	5805 	5868
f 5877 	5875 	6182
f 5948 	5951 	5871
f 5871 	5951 	5875
f 5878 	2859 	2736
f 5877 	6182 	6184
f 4443 	5877 	6184
f 5693 	5705 	5880
f 6246 	5732 	5881
f 5732 	5743 	5881
f 5882 	5884 	5879
f 4749 	4754 	5887
f 5748 	5919 	5886
f 5883 	4749 	5887
f 5883 	5888 	5885
f 5889 	5890 	5799
f 5743 	5745 	5881
f 5881 	5745 	5882
f 5884 	5882 	5710
f 5882 	5745 	5710
f 5884 	5710 	5712
f 5712 	5886 	5884
f 5712 	5714 	5886
f 5775 	5533 	5800
f 5880 	5891 	5889
f 5889 	5891 	5893
f 5894 	5548 	5621
f 5621 	5906 	5894
f 5895 	5790 	5789
f 5906 	5896 	5894
f 5889 	5893 	5890
f 5895 	5789 	5892
f 5894 	5897 	5601
f 5790 	5895 	5898
f 5790 	5898 	5791
f 5896 	5897 	5894
f 5601 	5897 	5899
f 5887 	5888 	5883
f 4314 	5885 	5888
f 5601 	5899 	5604
f 5631 	5606 	5604
f 5631 	5604 	5899
f 6236 	6205 	5887
f 5901 	5412 	5803
f 6205 	5888 	5887
f 5888 	6207 	4314
f 5896 	5686 	5897
f 5899 	5897 	5688
f 5897 	5686 	5688
f 5899 	5688 	5669
f 5899 	5669 	5631
f 5902 	4049 	3998
f 5906 	5621 	5620
f 5620 	5904 	5906
f 5885 	5905 	5883
f 5903 	5908 	5904
f 5904 	5908 	5909
f 5996 	5997 	5905
f 5904 	5909 	5906
f 5906 	5909 	5896
f 5905 	5885 	5998
f 4768 	5907 	5910
f 5868 	5807 	5869
f 5812 	5872 	5870
f 4768 	5910 	5902
f 5813 	5873 	5872
f 3801 	5981 	5809
f 5873 	5826 	5874
f 5912 	5908 	5903
f 5806 	5809 	5981
f 5705 	5702 	5915
f 5705 	5918 	5880
f 5913 	5919 	5911
f 5873 	5813 	5826
f 5915 	5918 	5705
f 5918 	5891 	5880
f 5892 	5900 	5920
f 5874 	5832 	5876
f 5911 	5919 	5912
f 5874 	5826 	5832
f 5912 	5921 	5908
f 5707 	5956 	5922
f 5892 	5920 	5895
f 5840 	5914 	5876
f 5895 	5923 	5898
f 5921 	5912 	5919
f 5876 	5832 	5840
f 5908 	5921 	5924
f 5895 	5920 	5923
f 5844 	5916 	5914
f 5922 	5925 	5915
f 5921 	5919 	5748
f 5898 	5923 	5796
f 5963 	5922 	5956
f 5792 	5950 	5939
f 5940 	5792 	5939
f 5847 	5917 	5916
f 5844 	5847 	5916
f 5915 	5925 	5918
f 2736 	5931 	5878
f 5926 	5891 	5918
f 5925 	5926 	5918
f 5926 	5927 	5891
f 5949 	5950 	5792
f 5868 	3989 	4096
f 5891 	5927 	5893
f 5868 	5869 	3989
f 5927 	5929 	5893
f 5869 	5870 	3989
f 2749 	2715 	5942
f 5940 	5942 	2715
f 5870 	5872 	3989
f 5872 	5873 	3989
f 5932 	5901 	5984
f 5901 	5932 	5930
f 5873 	5874 	3989
f 6104 	5986 	5933
f 5874 	5876 	3989
f 5984 	5901 	5986
f 5876 	5914 	3989
f 5901 	5803 	5933
f 2736 	2739 	5931
f 5914 	5916 	3989
f 5806 	5933 	5803
f 5878 	5934 	5928
f 5935 	5936 	3989
f 5936 	5937 	3989
f 5937 	5938 	3989
f 5931 	5934 	5878
f 5938 	5941 	3989
f 5941 	5943 	3989
f 5943 	5945 	3989
f 5945 	5946 	3989
f 5954 	5952 	5792
f 5917 	3989 	5916
f 5935 	3989 	5917
f 5929 	5927 	6026
f 5927 	6024 	6026
f 6026 	6028 	5929
f 5801 	5944 	5819
f 5931 	2739 	5940
f 5939 	5931 	5940
f 5890 	5944 	5801
f 2739 	5942 	5940
f 5955 	5935 	5917
f 5890 	5947 	5944
f 5893 	5947 	5890
f 2739 	2749 	5942
f 5944 	5948 	5871
f 5948 	5944 	5947
f 5949 	5792 	5952
f 5966 	5941 	5938
f 5949 	5934 	5931
f 5934 	5949 	5952
f 5931 	5950 	5949
f 5893 	5929 	5947
f 5969 	5972 	5945
f 5939 	5950 	5931
f 5945 	5972 	5946
f 5847 	5955 	5917
f 5955 	5847 	5974
f 5934 	5952 	5954
f 5953 	6348 	5934
f 5935 	5955 	5957
f 5954 	5953 	5934
f 5935 	5957 	5936
f 5959 	5936 	5957
f 5746 	6096 	5961
f 5956 	5747 	5962
f 5962 	5747 	5961
f 5962 	5963 	5956
f 5959 	5937 	5936
f 5964 	6516 	5965
f 5937 	5960 	5938
f 5960 	5937 	5959
f 5960 	5966 	5938
f 5289 	5434 	5965
f 5656 	5958 	5970
f 5656 	5970 	5661
f 5941 	5966 	5967
f 5652 	5661 	5968
f 5652 	5968 	5788
f 5941 	5967 	5943
f 5943 	5969 	5945
f 5968 	5661 	5971
f 5967 	5969 	5943
f 5969 	6005 	5972
f 5967 	5966 	6002
f 5971 	5970 	5964
f 5968 	5971 	5980
f 5969 	6004 	6005
f 5980 	5978 	5968
f 6010 	6011 	5905
f 5860 	5982 	5974
f 5955 	5975 	5957
f 5788 	5978 	5834
f 5862 	5977 	5976
f 5955 	5974 	5975
f 5976 	5839 	5862
f 5968 	5978 	5788
f 5977 	5862 	5857
f 5853 	5857 	5862
f 5856 	5762 	5764
f 5982 	5860 	5764
f 5764 	5772 	5982
f 5975 	5974 	5983
f 5982 	5983 	5974
f 5993 	6097 	5981
f 5932 	5814 	4752
f 5930 	5932 	4752
f 5971 	5985 	5980
f 5772 	5773 	5982
f 5964 	5985 	5971
f 5773 	5983 	5982
f 5933 	6106 	6104
f 5975 	5987 	5979
f 6091 	5933 	5806
f 5985 	5964 	5965
f 5983 	5987 	5975
f 5987 	5988 	5979
f 5987 	5990 	5988
f 6015 	5865 	5978
f 5932 	5984 	5814
f 5773 	5989 	5983
f 5987 	5983 	5989
f 5986 	5814 	5984
f 5989 	5990 	5987
f 5990 	5991 	5988
f 5957 	5975 	5979
f 6016 	5978 	5980
f 5957 	5979 	5959
f 5980 	6048 	6016
f 5979 	5994 	5959
f 5979 	5988 	5994
f 5994 	5960 	5959
f 5998 	5885 	4308
f 5902 	5910 	5973
f 5453 	5476 	5995
f 5453 	5995 	3774
f 3776 	5429 	5453
f 6094 	6091 	5806
f 5996 	5905 	5999
f 5429 	3776 	3954
f 4407 	6003 	4408
f 6043 	6010 	5998
f 5905 	5998 	6010
f 4406 	5090 	6000
f 5966 	5960 	6001
f 5994 	6001 	5960
f 4406 	6000 	4407
f 6000 	6003 	4407
f 6001 	6002 	5966
f 6004 	5967 	6002
f 6002 	6008 	6004
f 6007 	6008 	6002
f 5967 	6004 	5969
f 5994 	5988 	6006
f 5907 	5997 	5910
f 5988 	5991 	6006
f 5996 	5910 	5997
f 5994 	6006 	6001
f 6006 	6007 	6001
f 5999 	5910 	5996
f 6002 	6001 	6007
f 6086 	6090 	5907
f 6004 	6009 	6005
f 5992 	6658 	6657
f 6008 	6009 	6004
f 6040 	6042 	5998
f 5999 	5905 	6011
f 6007 	6062 	6008
f 5985 	6048 	5980
f 6014 	5925 	5922
f 5963 	6014 	5922
f 5755 	6020 	5797
f 6016 	6017 	5978
f 6015 	5978 	6017
f 5908 	5924 	5909
f 6020 	6021 	5797
f 5981 	6095 	5806
f 5909 	5924 	6018
f 6021 	6023 	6012
f 5752 	5924 	5921
f 6012 	6023 	6013
f 6105 	6129 	5961
f 5909 	6018 	5896
f 5961 	6129 	5962
f 6019 	5753 	5802
f 6018 	5686 	5896
f 5913 	5879 	5884
f 5753 	6019 	5755
f 5913 	5886 	5919
f 6019 	6020 	5755
f 5884 	5886 	5913
f 5963 	6140 	6014
f 5797 	6021 	6012
f 5921 	5748 	5752
f 6014 	6022 	5925
f 6014 	6141 	6022
f 6030 	6021 	6020
f 5926 	5925 	6022
f 5924 	5754 	6018
f 6022 	6024 	5926
f 5924 	5752 	5754
f 6018 	5754 	5756
f 6019 	5802 	5317
f 5927 	5926 	6024
f 6018 	5756 	5686
f 6019 	6027 	6020
f 6027 	6019 	5317
f 6027 	6030 	6020
f 6021 	6031 	6023
f 6030 	6031 	6021
f 6031 	6032 	6023
f 6025 	5621 	6029
f 6025 	5620 	5621
f 6029 	5621 	5548
f 6011 	5910 	5999
f 6029 	5548 	5540
f 6027 	6036 	6030
f 5179 	5155 	6033
f 6088 	6089 	6033
f 5910 	6011 	5973
f 6033 	6089 	6034
f 6047 	6223 	6032
f 6027 	5317 	6035
f 5923 	5800 	5796
f 6035 	5317 	5362
f 6036 	6027 	6035
f 6017 	6016 	6037
f 6010 	5973 	6011
f 5900 	6039 	5920
f 5900 	6038 	6039
f 6035 	5362 	5373
f 5920 	6039 	6041
f 6043 	5998 	6042
f 6041 	5923 	5920
f 6040 	5998 	6044
f 4412 	6064 	4457
f 6063 	6064 	4412
f 5800 	5923 	6041
f 6030 	6045 	6031
f 4408 	6046 	4409
f 5998 	4308 	6054
f 6030 	6036 	6045
f 6045 	6047 	6031
f 6038 	6153 	6039
f 6039 	6155 	6041
f 6031 	6047 	6032
f 6053 	6047 	6045
f 6042 	5973 	6043
f 6043 	5973 	6010
f 5985 	6057 	6048
f 6049 	6036 	6035
f 6049 	6035 	5373
f 5973 	6042 	4054
f 6036 	6049 	6051
f 6040 	4054 	6042
f 6044 	4054 	6040
f 6036 	6051 	6045
f 6050 	5900 	5892
f 5998 	6054 	6055
f 6055 	6044 	5998
f 6050 	6052 	5900
f 6051 	6053 	6045
f 6056 	6052 	6469
f 5985 	5965 	6057
f 6052 	6056 	6038
f 6052 	6038 	5900
f 6233 	6051 	6049
f 6233 	6234 	6051
f 6051 	6234 	6053
f 6015 	6074 	5792
f 6060 	6007 	6006
f 5559 	6059 	5560
f 6061 	5560 	6059
f 6059 	3142 	6061
f 6060 	6006 	5991
f 6059 	3140 	3142
f 6055 	4055 	4054
f 6003 	6046 	4408
f 6060 	6062 	6007
f 6046 	6063 	4409
f 4409 	6063 	4412
f 6054 	4055 	6055
f 6058 	4055 	6054
f 6055 	4054 	6044
f 6058 	6093 	4055
f 6093 	4056 	4055
f 6071 	4785 	4744
f 6066 	6071 	4744
f 6078 	6071 	6066
f 4744 	4749 	6066
f 6062 	6068 	6008
f 6081 	6062 	6060
f 6062 	6083 	6068
f 6061 	3143 	4773
f 6066 	5883 	5905
f 6081 	6083 	6062
f 6061 	3142 	3143
f 6008 	6068 	6009
f 5883 	6066 	4749
f 5773 	6013 	5989
f 6070 	5989 	6013
f 6017 	6074 	6015
f 6013 	6188 	6070
f 5989 	6070 	5990
f 6066 	6079 	6080
f 6072 	5991 	5990
f 6078 	6066 	6080
f 5551 	6069 	6073
f 5905 	6086 	6066
f 6069 	6120 	6073
f 6037 	6074 	6017
f 4774 	4785 	6071
f 6070 	6072 	5990
f 6072 	6075 	5991
f 4785 	4774 	4769
f 6060 	5991 	6075
f 6087 	6082 	6066
f 6075 	6081 	6060
f 6071 	6078 	4774
f 6080 	4774 	6078
f 6013 	6023 	6188
f 6079 	4777 	6080
f 4774 	6080 	4777
f 6072 	6070 	6190
f 6082 	4777 	6079
f 6194 	6075 	6072
f 6022 	6148 	6024
f 6075 	6195 	6081
f 6194 	6195 	6075
f 6016 	6110 	6037
f 6143 	6881 	6034
f 6081 	6196 	6083
f 6087 	6066 	6086
f 6086 	5907 	6087
f 4777 	6087 	5907
f 5155 	6088 	6033
f 6079 	6066 	6082
f 6085 	6084 	4329
f 4777 	6082 	6087
f 6086 	5905 	6090
f 6090 	5905 	5997
f 6141 	6148 	6022
f 6024 	6151 	6026
f 5997 	5907 	6090
f 6154 	6028 	6026
f 6091 	6106 	5933
f 6154 	6156 	6028
f 6092 	4308 	6107
f 6093 	6058 	4308
f 6058 	6054 	4308
f 6092 	6093 	4308
f 4309 	6108 	4308
f 6094 	5806 	6095
f 6095 	5981 	6097
f 6098 	5770 	3101
f 5770 	6098 	5768
f 6094 	5814 	6091
f 5768 	6098 	6099
f 6092 	4056 	6093
f 5771 	6100 	5774
f 5792 	6074 	5992
f 6095 	5814 	6094
f 6107 	4308 	6108
f 5814 	6095 	4282
f 5771 	6099 	6100
f 6101 	6102 	4309
f 5774 	6100 	6103
f 4056 	6102 	4321
f 6095 	6097 	4282
f 6097 	5993 	4282
f 6101 	4321 	6102
f 5901 	5933 	5986
f 6096 	5774 	6103
f 6096 	6103 	6105
f 5986 	6104 	5814
f 6108 	4309 	6102
f 5992 	6074 	6658
f 6104 	6106 	5814
f 6091 	5814 	6106
f 6107 	6108 	4056
f 6092 	6107 	4056
f 6108 	6102 	4056
f 6138 	6111 	6048
f 6111 	6112 	6048
f 6016 	6048 	6112
f 6200 	4183 	6114
f 6112 	6110 	6016
f 6109 	6119 	6121
f 6101 	4309 	6117
f 4184 	6116 	6113
f 6139 	6138 	6048
f 5981 	3949 	5993
f 3951 	5993 	3949
f 6101 	6117 	4321
f 4321 	6117 	4324
f 6115 	4324 	6117
f 6120 	6069 	6077
f 4380 	4324 	6115
f 5559 	6073 	6122
f 6073 	6120 	6122
f 6122 	6059 	5559
f 6110 	6112 	6074
f 4025 	4031 	6127
f 4025 	6127 	6123
f 6076 	4163 	6077
f 5090 	5147 	6124
f 6076 	4161 	4163
f 6077 	4164 	6120
f 4163 	4164 	6077
f 3135 	6122 	6120
f 6122 	3135 	3140
f 6096 	6105 	5961
f 6122 	3140 	6059
f 6041 	6128 	5800
f 6123 	6130 	6125
f 5800 	6128 	5775
f 6067 	6084 	6298
f 6144 	5775 	6128
f 6127 	6130 	6123
f 6128 	6133 	6144
f 6130 	6131 	6125
f 5963 	6137 	6140
f 6125 	6131 	6126
f 6131 	6150 	6126
f 4031 	6134 	6127
f 6037 	6110 	6074
f 6134 	4031 	4035
f 6134 	6135 	6127
f 6111 	6074 	6112
f 6127 	6135 	6130
f 6130 	6136 	6131
f 6135 	6136 	6130
f 6137 	5963 	5962
f 4277 	6114 	6113
f 6113 	6116 	4277
f 5962 	6129 	6137
f 6138 	6663 	6111
f 6139 	6663 	6138
f 6074 	6111 	6663
f 6140 	6141 	6014
f 6163 	6136 	6135
f 5616 	6315 	6121
f 6121 	6302 	5616
f 5616 	5620 	6315
f 6142 	6152 	6145
f 6150 	6152 	6142
f 6132 	6208 	6133
f 6152 	6369 	6145
f 6145 	6369 	6147
f 6150 	6142 	6126
f 6149 	6038 	6056
f 6024 	6148 	6151
f 6153 	6038 	6149
f 6151 	6154 	6026
f 6153 	6155 	6039
f 6128 	6041 	6155
f 6369 	6370 	6147
f 6372 	6373 	6150
f 6152 	6150 	6373
f 6149 	6157 	6153
f 6153 	6157 	6132
f 4035 	4302 	6158
f 4035 	6158 	6134
f 6161 	6135 	6134
f 6153 	6132 	6155
f 6161 	6163 	6135
f 6124 	6000 	5090
f 4568 	4569 	6366
f 6151 	3110 	6154
f 5285 	5268 	6159
f 6134 	6158 	6161
f 6163 	6165 	6136
f 6180 	6161 	6158
f 6161 	6180 	6183
f 6163 	6161 	6183
f 6168 	6143 	6034
f 6034 	6089 	6168
f 6143 	6170 	6146
f 6168 	6170 	6143
f 6146 	6170 	6118
f 4311 	6174 	6171
f 6146 	6118 	6167
f 6167 	6119 	6109
f 6174 	4311 	4319
f 6174 	6175 	6171
f 6155 	6133 	6128
f 6155 	6132 	6133
f 3101 	3110 	6098
f 6171 	6175 	6173
f 3110 	6099 	6098
f 3110 	6100 	6099
f 3110 	6103 	6100
f 3110 	6105 	6103
f 3110 	6129 	6105
f 3110 	6137 	6129
f 3110 	6140 	6137
f 6149 	6056 	6176
f 3110 	6141 	6140
f 4302 	6178 	6158
f 3110 	6148 	6141
f 6171 	6341 	4311
f 3110 	6151 	6148
f 6178 	4302 	4374
f 3110 	6156 	6154
f 6160 	6156 	3110
f 3110 	6162 	6160
f 6176 	6179 	6181
f 3110 	6164 	6162
f 6328 	6329 	6171
f 3110 	6290 	6164
f 6176 	6181 	6149
f 6157 	6149 	6181
f 6178 	6180 	6158
f 6182 	5875 	5951
f 6179 	6177 	6349
f 6173 	6331 	6171
f 6193 	4495 	4443
f 6184 	6193 	4443
f 5948 	6211 	5951
f 6165 	6163 	6186
f 5948 	6210 	6211
f 6211 	6187 	5951
f 6023 	6032 	6188
f 4274 	4277 	6116
f 6187 	6182 	5951
f 6182 	6189 	6184
f 6187 	6189 	6182
f 3951 	6191 	6192
f 6184 	6202 	6193
f 6189 	6202 	6184
f 6167 	6118 	6119
f 6188 	6190 	6070
f 6190 	6194 	6072
f 6190 	6220 	6194
f 6195 	6196 	6081
f 6190 	6219 	6220
f 6198 	6255 	6197
f 6199 	5436 	5442
f 6193 	6203 	4448
f 5436 	6199 	6197
f 6199 	6201 	6197
f 6192 	6191 	4281
f 6191 	6200 	4281
f 4277 	4281 	6114
f 6197 	6201 	6198
f 3951 	6192 	5993
f 6202 	6203 	6193
f 5993 	6192 	4282
f 4281 	4282 	6192
f 6204 	6199 	5442
f 6203 	3223 	3153
f 5446 	6204 	5442
f 6189 	6288 	6202
f 6204 	6206 	6199
f 6202 	6289 	6203
f 6208 	6132 	6185
f 6203 	6289 	3223
f 6209 	6144 	6133
f 5947 	6210 	5948
f 5947 	5929 	6210
f 6209 	6133 	6208
f 6144 	6209 	5551
f 6209 	6069 	5551
f 5929 	6028 	6210
f 6210 	6212 	6211
f 6028 	6212 	6210
f 6185 	6214 	6208
f 6185 	6213 	6214
f 6208 	6214 	6215
f 6211 	6217 	6187
f 6215 	6209 	6208
f 6069 	6209 	6215
f 6212 	6217 	6211
f 6187 	6218 	6189
f 6195 	6222 	6196
f 6188 	6219 	6190
f 6032 	6219 	6188
f 6219 	6224 	6220
f 6194 	6221 	6195
f 6220 	6221 	6194
f 6221 	6222 	6195
f 6221 	6226 	6222
f 6223 	6219 	6032
f 6223 	6224 	6219
f 6224 	6225 	6220
f 6224 	6229 	6225
f 6225 	6221 	6220
f 6225 	6226 	6221
f 6047 	6227 	6223
f 6053 	6227 	6047
f 6227 	6228 	6223
f 6228 	6224 	6223
f 6228 	6229 	6224
f 6229 	6230 	6225
f 6225 	6230 	6226
f 6205 	6207 	5888
f 5373 	5410 	6049
f 5410 	6233 	6049
f 5410 	6237 	6233
f 6205 	4285 	4286
f 5561 	6237 	5410
f 4287 	6231 	4286
f 6207 	6205 	4286
f 6231 	6207 	4286
f 4288 	6232 	4287
f 6231 	4287 	6232
f 4754 	5815 	6236
f 4283 	4284 	5815
f 6234 	6235 	6053
f 6236 	5887 	4754
f 6236 	5815 	4284
f 4284 	4285 	6236
f 6236 	4285 	6205
f 6213 	6216 	6238
f 6216 	4700 	6238
f 6199 	6206 	6201
f 6238 	6214 	6213
f 6206 	6239 	6201
f 6076 	6215 	6214
f 6076 	6214 	6238
f 6215 	6076 	6077
f 6215 	6077 	6069
f 5446 	5104 	5735
f 6163 	6183 	6186
f 6204 	5446 	5735
f 5737 	6206 	6204
f 5735 	5737 	6204
f 6206 	5739 	6239
f 5737 	5739 	6206
f 5739 	5741 	6239
f 6239 	5741 	5732
f 6328 	6171 	6331
f 4374 	6241 	6178
f 4397 	4311 	6342
f 6341 	6342 	4311
f 4390 	6241 	4374
f 6242 	6243 	6240
f 6519 	6332 	6173
f 6198 	6244 	6242
f 6201 	6244 	6198
f 6178 	6245 	6180
f 6244 	6246 	6242
f 6237 	6247 	6233
f 6242 	6246 	6243
f 6233 	6247 	6234
f 6246 	6248 	6243
f 6309 	6248 	5879
f 6247 	6237 	6263
f 6201 	6239 	6244
f 6227 	6053 	6235
f 6246 	6244 	5732
f 6227 	6249 	6228
f 6239 	5732 	6244
f 6227 	6235 	6249
f 6249 	6250 	6228
f 6246 	5881 	6248
f 6248 	5882 	5879
f 5882 	6248 	5881
f 6250 	6229 	6228
f 5155 	5451 	6088
f 6250 	6251 	6229
f 5451 	6252 	6088
f 6250 	6261 	6251
f 5451 	5456 	6252
f 6229 	6251 	6230
f 6249 	6235 	6259
f 6088 	6253 	6089
f 6252 	6253 	6088
f 6253 	6254 	6089
f 6250 	6260 	6261
f 5607 	6262 	5561
f 5456 	5460 	6255
f 5682 	6256 	5677
f 5677 	6256 	5679
f 5456 	6255 	6252
f 6255 	6257 	6252
f 6256 	6268 	5679
f 6252 	6257 	6253
f 6253 	6240 	6254
f 6234 	6247 	6258
f 6253 	6257 	6240
f 6258 	6235 	6234
f 6258 	6259 	6235
f 6249 	6260 	6250
f 6197 	5460 	5436
f 6259 	6260 	6249
f 6197 	6255 	5460
f 6255 	6198 	6257
f 6258 	6247 	6264
f 6247 	6263 	6264
f 6259 	6272 	6260
f 6273 	6261 	6260
f 5561 	6262 	6237
f 6262 	6263 	6237
f 6265 	6262 	5607
f 5679 	6265 	5607
f 6265 	6266 	6262
f 6269 	6266 	6265
f 6262 	6266 	6263
f 6266 	6267 	6263
f 6263 	6267 	6264
f 6268 	6265 	5679
f 6268 	6269 	6265
f 6266 	6270 	6267
f 6269 	6270 	6266
f 6270 	6277 	6267
f 6258 	6264 	6271
f 6258 	6271 	6259
f 6271 	6272 	6259
f 6271 	6275 	6272
f 6272 	6273 	6260
f 6272 	6276 	6273
f 6271 	6264 	6274
f 6377 	3711 	3944
f 6267 	6274 	6264
f 6274 	6275 	6271
f 6275 	6276 	6272
f 6277 	6274 	6267
f 6278 	6275 	6274
f 6277 	6278 	6274
f 6278 	6279 	6275
f 6275 	6279 	6276
f 6278 	2858 	6279
f 4841 	4837 	6281
f 6280 	6281 	4837
f 4966 	4841 	6282
f 4966 	6282 	6283
f 6286 	6282 	6281
f 6286 	6287 	6282
f 4966 	6283 	4967
f 6413 	4967 	6283
f 6283 	6282 	6287
f 4206 	4213 	6284
f 4206 	6284 	6280
f 6284 	6285 	6280
f 6280 	6285 	6281
f 6285 	6286 	6281
f 6187 	6217 	6218
f 6288 	6189 	6218
f 6218 	6164 	6288
f 6162 	6164 	6218
f 6289 	6202 	6288
f 6290 	6289 	6288
f 6028 	6156 	6212
f 6217 	6212 	6160
f 6156 	6160 	6212
f 6160 	6162 	6217
f 6217 	6162 	6218
f 6164 	6290 	6288
f 6289 	3230 	3223
f 6290 	3230 	6289
f 3110 	3230 	6290
f 6292 	4102 	4101
f 6292 	4101 	6291
f 4102 	6292 	5613
f 4102 	5613 	3768
f 6297 	6293 	6291
f 6291 	6294 	6292
f 6291 	6293 	6294
f 6292 	5716 	5613
f 6292 	6294 	5716
f 6294 	6346 	5718
f 6295 	4098 	4097
f 4098 	6295 	6296
f 6295 	6316 	6296
f 4099 	6297 	4100
f 4099 	6296 	6297
f 6198 	6242 	6257
f 6257 	6242 	6240
f 6118 	6170 	6299
f 6170 	6312 	6299
f 6084 	6166 	6298
f 6118 	6299 	6300
f 6166 	6085 	6169
f 6084 	6085 	6166
f 6118 	6300 	6119
f 6085 	6301 	6169
f 6119 	6300 	6302
f 6169 	6301 	6172
f 6119 	6302 	6121
f 6172 	6301 	6304
f 6243 	6309 	6303
f 6304 	4568 	6366
f 6303 	6309 	6305
f 6312 	6305 	6299
f 6299 	6305 	6306
f 6300 	6299 	6306
f 6307 	6302 	6300
f 6000 	6308 	6003
f 6307 	6300 	6306
f 6302 	6307 	5903
f 5903 	6307 	5912
f 6302 	5903 	5616
f 6303 	6240 	6243
f 6243 	6248 	6309
f 6305 	6310 	6306
f 6309 	6310 	6305
f 6310 	5911 	6306
f 6124 	6308 	6000
f 4428 	6367 	4569
f 5911 	6307 	6306
f 6307 	5911 	5912
f 5879 	6310 	6309
f 5879 	5913 	6310
f 6310 	5913 	5911
f 6254 	6168 	6089
f 6254 	6312 	6168
f 6168 	6312 	6170
f 6254 	6303 	6312
f 6172 	6304 	6311
f 6254 	6240 	6303
f 6304 	6366 	6311
f 6303 	6305 	6312
f 6311 	6366 	6313
f 6109 	6121 	6314
f 6314 	6121 	6315
f 6315 	5620 	6025
f 6295 	6335 	6316
f 6296 	6316 	6319
f 6296 	6319 	6297
f 6297 	6319 	6293
f 6320 	4624 	6317
f 6319 	6345 	6293
f 6295 	4097 	6321
f 6325 	6326 	6284
f 6393 	6286 	6285
f 4213 	6325 	6284
f 4222 	6325 	4213
f 6325 	6330 	6326
f 6284 	6326 	6285
f 4222 	4227 	6327
f 6245 	6178 	6241
f 6358 	6171 	6368
f 4222 	6327 	6325
f 6331 	6173 	6332
f 6245 	6329 	6180
f 5992 	5953 	5792
f 6328 	6180 	6329
f 6332 	6180 	6331
f 6328 	6331 	6180
f 6368 	6171 	6329
f 6321 	6467 	6334
f 6241 	6359 	6245
f 6321 	6334 	6335
f 6334 	6429 	6335
f 6245 	6368 	6329
f 6358 	6368 	6245
f 6327 	6330 	6325
f 6335 	6295 	6321
f 6180 	6332 	6183
f 6519 	6183 	6332
f 4227 	6336 	6327
f 6470 	2777 	6426
f 6336 	4227 	4235
f 6337 	6330 	6327
f 6426 	6322 	6470
f 6336 	6337 	6327
f 4161 	6076 	6238
f 6426 	6428 	6322
f 6450 	6434 	6657
f 5992 	6657 	6434
f 6334 	6428 	6429
f 6338 	6340 	6216
f 6414 	6316 	6335
f 6338 	6216 	6213
f 4707 	6340 	6397
f 6397 	4705 	4707
f 6340 	4707 	4709
f 6216 	6340 	4709
f 4709 	4700 	6216
f 6344 	6157 	6181
f 5954 	5792 	5953
f 6181 	6351 	6344
f 6185 	6157 	6344
f 6293 	6345 	6346
f 6344 	6213 	6185
f 6132 	6157 	6185
f 6345 	6352 	6346
f 6344 	6351 	6338
f 6294 	6293 	6346
f 6213 	6344 	6338
f 5934 	6348 	5928
f 5992 	6449 	6431
f 5953 	5992 	6431
f 6434 	6435 	5992
f 5716 	6294 	5718
f 6349 	6177 	6347
f 6347 	6360 	6349
f 5928 	6348 	6333
f 6347 	6356 	6360
f 6351 	6179 	6349
f 6345 	6343 	6350
f 6349 	6392 	6351
f 6352 	6345 	6350
f 6333 	6353 	6339
f 6179 	6351 	6181
f 6346 	5726 	5718
f 6346 	6352 	5726
f 7014 	6354 	6355
f 6348 	6353 	6333
f 6317 	4622 	6318
f 6171 	6357 	6341
f 6350 	6364 	6352
f 4390 	4397 	6342
f 6317 	4624 	4622
f 6452 	6453 	6657
f 5750 	5726 	6352
f 6452 	6657 	6454
f 6341 	6357 	6241
f 6318 	4626 	6354
f 4390 	6341 	6241
f 4622 	4626 	6318
f 4390 	6342 	6341
f 6354 	4626 	4631
f 6450 	6657 	6453
f 6354 	4631 	6355
f 6350 	6361 	6364
f 6357 	6171 	6359
f 6358 	6359 	6171
f 6357 	6359 	6241
f 6367 	6313 	6366
f 6358 	6245 	6359
f 4569 	6367 	6366
f 6003 	6308 	6371
f 4994 	4995 	6738
f 6472 	6065 	6067
f 6131 	6136 	6372
f 6165 	6372 	6136
f 4996 	6739 	6740
f 6372 	6150 	6131
f 4550 	4996 	6740
f 6374 	6375 	6376
f 6374 	6376 	6377
f 6352 	6364 	5750
f 6169 	6490 	6166
f 6376 	3711 	6377
f 6361 	6380 	6364
f 6361 	6378 	6380
f 6364 	5758 	5750
f 6381 	6382 	6715
f 6364 	6380 	5758
f 6375 	6384 	6376
f 6381 	6715 	6384
f 3711 	6376 	5634
f 6378 	6386 	6380
f 5343 	3711 	5634
f 6378 	6385 	6386
f 6380 	6386 	5770
f 6046 	6003 	6371
f 6380 	5770 	5758
f 2796 	2802 	6383
f 6383 	2802 	3097
f 6389 	6369 	6152
f 6388 	6493 	6172
f 6594 	6596 	6387
f 6388 	6311 	6391
f 6152 	6373 	6389
f 6389 	6390 	6369
f 6172 	6311 	6388
f 6389 	6421 	6390
f 6369 	6390 	6370
f 6373 	6372 	6418
f 6165 	6418 	6372
f 4266 	6727 	6384
f 6392 	6349 	6360
f 6419 	6389 	6373
f 6418 	6419 	6373
f 6389 	6419 	6421
f 6351 	6392 	6338
f 3973 	3975 	6596
f 6383 	3097 	6385
f 6385 	3097 	3099
f 6385 	3099 	6386
f 6379 	6588 	6589
f 6356 	6394 	6395
f 6386 	3101 	5770
f 6382 	6587 	6715
f 3101 	6386 	3099
f 6360 	6356 	6395
f 6590 	6720 	6589
f 6392 	6360 	6397
f 6396 	6350 	6343
f 6360 	6395 	6397
f 6392 	6340 	6338
f 6392 	6397 	6340
f 6394 	4720 	6395
f 5260 	4720 	6394
f 6396 	6361 	6350
f 6326 	6393 	6285
f 6395 	4720 	4705
f 6400 	6287 	6286
f 6399 	6361 	6396
f 6395 	4705 	6397
f 6286 	6393 	6400
f 6330 	6405 	6326
f 6326 	6405 	6393
f 6356 	6724 	6403
f 6405 	6406 	6393
f 6461 	6404 	6398
f 6356 	6403 	6394
f 6398 	6407 	6399
f 6400 	6393 	6406
f 6356 	6347 	6724
f 6398 	6404 	6407
f 6440 	6400 	6406
f 6399 	6407 	6378
f 6337 	6409 	6330
f 6409 	6405 	6330
f 6405 	6411 	6406
f 6399 	6378 	6361
f 6409 	6411 	6405
f 6401 	3126 	3133
f 6401 	2796 	6404
f 6402 	6410 	6412
f 6409 	6508 	6411
f 6401 	3133 	2796
f 6506 	6508 	6409
f 6404 	2796 	6383
f 6402 	6412 	6403
f 6383 	6407 	6404
f 6407 	6385 	6378
f 6394 	6403 	6412
f 6385 	6407 	6383
f 4967 	6413 	4968
f 4968 	6415 	4970
f 6415 	4968 	6413
f 6410 	6408 	5229
f 6408 	5272 	5229
f 6410 	5229 	5257
f 6283 	6287 	6416
f 6311 	6313 	6391
f 6413 	6283 	6416
f 6415 	6413 	6417
f 6416 	6417 	6413
f 6416 	6439 	6417
f 6439 	6659 	6417
f 6313 	6367 	6420
f 6419 	6427 	6421
f 6422 	6063 	6046
f 6421 	6423 	6390
f 6570 	6571 	6388
f 6343 	6319 	6316
f 6165 	6186 	6424
f 6388 	6574 	6570
f 6414 	6343 	6316
f 6345 	6319 	6343
f 6165 	6424 	6418
f 6424 	6425 	6418
f 6169 	6172 	6493
f 6391 	6576 	6388
f 6425 	6419 	6418
f 6583 	6391 	6580
f 6428 	6334 	6322
f 6371 	6422 	6046
f 6335 	6429 	6414
f 6449 	5992 	6435
f 6391 	6313 	6430
f 6431 	6348 	5953
f 6313 	6420 	6430
f 6433 	6426 	2777
f 6430 	6420 	6432
f 2777 	3248 	6433
f 6437 	6063 	6422
f 6425 	6427 	6419
f 6427 	6612 	6421
f 6400 	6438 	6287
f 6391 	6583 	6577
f 6287 	6438 	6416
f 6612 	6423 	6421
f 6438 	6439 	6416
f 6578 	6580 	6430
f 6625 	6425 	6424
f 6432 	6581 	6430
f 6579 	6430 	6581
f 6400 	6440 	6438
f 6440 	6442 	6438
f 6441 	6477 	6456
f 6438 	6442 	6439
f 6064 	6063 	6437
f 6442 	6661 	6439
f 6412 	6410 	5257
f 6440 	6406 	6443
f 6412 	5257 	5260
f 6412 	5260 	6394
f 6411 	6443 	6406
f 6443 	6444 	6440
f 6426 	6433 	6436
f 6348 	6435 	6353
f 6426 	6436 	6428
f 6429 	6428 	6447
f 6434 	6353 	6435
f 6428 	6436 	6447
f 6414 	6429 	6448
f 5270 	6445 	3308
f 6445 	5270 	5271
f 6448 	6429 	6447
f 6445 	5271 	6446
f 6431 	6449 	6348
f 6408 	6446 	5272
f 6414 	6448 	6396
f 6449 	6435 	6348
f 6446 	5271 	5272
f 6414 	6396 	6343
f 5385 	6455 	5291
f 6434 	6450 	6353
f 6433 	3248 	3254
f 6451 	6455 	5385
f 5783 	5291 	6455
f 6436 	6461 	6447
f 6447 	6398 	6448
f 6453 	6353 	6450
f 6451 	6459 	6455
f 6459 	6451 	6458
f 6453 	6677 	6353
f 6455 	6459 	5787
f 6460 	6436 	6433
f 5787 	5783 	6455
f 6452 	6677 	6453
f 6454 	6677 	6452
f 6460 	6433 	3254
f 6436 	6460 	6461
f 6460 	3126 	6401
f 6677 	6454 	6682
f 6459 	6050 	5787
f 5642 	2841 	5589
f 6447 	6461 	6398
f 6448 	6399 	6396
f 6399 	6448 	6398
f 2841 	6463 	5589
f 6458 	6464 	6459
f 6460 	3254 	3126
f 6461 	6460 	6401
f 6458 	6462 	6464
f 2841 	2814 	6463
f 6050 	6459 	6464
f 6464 	6052 	6050
f 6473 	6463 	2814
f 6463 	6474 	6465
f 6461 	6401 	6404
f 6473 	6474 	6463
f 4087 	4116 	6467
f 6462 	6466 	6469
f 6468 	5591 	6465
f 4245 	3675 	6470
f 6468 	6471 	5594
f 6462 	6469 	6464
f 6322 	6467 	4116
f 2814 	2816 	6473
f 6065 	6472 	5287
f 6322 	4116 	6470
f 6467 	6322 	6334
f 5287 	5285 	6159
f 2777 	6470 	3675
f 6159 	6065 	5287
f 6465 	6475 	6468
f 6474 	6475 	6465
f 2789 	4504 	3164
f 3673 	2780 	2772
f 6067 	6298 	6472
f 5147 	5157 	6124
f 6443 	6634 	6444
f 6440 	6444 	6442
f 6471 	6468 	6500
f 6598 	6298 	6597
f 6531 	6298 	6530
f 6477 	6480 	6456
f 6456 	6480 	6457
f 6457 	6481 	6476
f 2816 	6482 	6473
f 6147 	6370 	6441
f 6478 	6474 	6483
f 6586 	6472 	6598
f 5157 	6479 	6124
f 6474 	6478 	6475
f 6477 	6441 	6370
f 6485 	6489 	6477
f 6477 	6489 	6480
f 6481 	6457 	6480
f 6124 	6479 	6308
f 6482 	2816 	2823
f 6473 	6483 	6474
f 6482 	6483 	6473
f 6597 	6298 	6531
f 6918 	6514 	6476
f 2823 	6484 	6482
f 6485 	6477 	6370
f 6486 	6487 	6166
f 2823 	2829 	6484
f 6484 	6488 	6482
f 6166 	6534 	6298
f 6370 	6390 	6485
f 6484 	6495 	6488
f 6486 	6166 	6490
f 6482 	6488 	6483
f 6490 	6169 	6491
f 6480 	6492 	6481
f 6489 	6492 	6480
f 6494 	6484 	2829
f 2829 	2832 	6494
f 6493 	6538 	6169
f 6494 	6495 	6484
f 6423 	6485 	6390
f 6495 	6564 	6488
f 6496 	6495 	6494
f 6443 	6510 	6634
f 7149 	6494 	2832
f 4275 	6497 	4235
f 4275 	4280 	6501
f 6494 	7149 	6496
f 4235 	6497 	6336
f 6497 	6498 	6336
f 6497 	6504 	6498
f 6501 	6504 	6497
f 6336 	6498 	6337
f 6052 	6464 	6469
f 5958 	5653 	6471
f 6468 	6475 	6500
f 6547 	6499 	6466
f 6466 	6499 	6502
f 6471 	6500 	6503
f 6551 	6695 	6499
f 6497 	4275 	6501
f 6466 	6502 	6469
f 6056 	6469 	6502
f 5958 	6471 	6503
f 6504 	6522 	6498
f 4280 	6529 	6501
f 6533 	6504 	6501
f 6529 	6533 	6501
f 6500 	6475 	6505
f 6475 	6478 	6505
f 6498 	6506 	6337
f 6506 	6409 	6337
f 3691 	6507 	2895
f 6485 	6609 	6489
f 6511 	5383 	5395
f 6609 	6485 	6423
f 5970 	5958 	6512
f 6503 	6512 	5958
f 6512 	5964 	5970
f 6505 	6513 	6500
f 6500 	6513 	6503
f 6503 	6515 	6512
f 6513 	6515 	6503
f 6516 	5964 	6512
f 6515 	6516 	6512
f 6918 	6920 	6514
f 6513 	6505 	6517
f 6544 	6517 	6505
f 6513 	6518 	6515
f 6517 	6518 	6513
f 6548 	6549 	6173
f 6515 	6520 	6516
f 6552 	6173 	6554
f 6518 	6520 	6515
f 6508 	6510 	6411
f 5395 	6509 	6511
f 5383 	6511 	6521
f 6522 	6506 	6498
f 6523 	6508 	6506
f 6522 	6523 	6506
f 6516 	5289 	5965
f 6523 	6524 	6508
f 5384 	6521 	6451
f 6508 	6524 	6510
f 6458 	6451 	6521
f 6451 	5385 	5384
f 3691 	3697 	6526
f 6517 	6525 	6518
f 3691 	6526 	6507
f 6525 	5489 	6518
f 6507 	6526 	6527
f 6523 	6522 	6536
f 6491 	6371 	6490
f 6308 	6490 	6371
f 6523 	6536 	6537
f 6507 	6527 	6509
f 6486 	6308 	6487
f 6490 	6308 	6486
f 6523 	6537 	6524
f 6511 	6509 	6528
f 6509 	6527 	6528
f 6532 	6511 	6528
f 6529 	4280 	4300
f 6298 	6598 	6472
f 6534 	6166 	6487
f 6522 	6504 	6535
f 6530 	6298 	6534
f 6532 	6521 	6511
f 6521 	6532 	6458
f 6533 	6535 	6504
f 6535 	6536 	6522
f 6487 	6308 	6534
f 6479 	6531 	6308
f 6530 	6308 	6531
f 6534 	6308 	6530
f 6535 	6770 	6536
f 6491 	6169 	6538
f 4300 	4307 	6539
f 6525 	5493 	5489
f 4300 	6539 	6529
f 6539 	6540 	6529
f 6543 	6528 	6527
f 6529 	6540 	6533
f 6540 	6541 	6533
f 5493 	6525 	5447
f 6533 	6541 	6535
f 6542 	6478 	6483
f 6462 	6458 	6532
f 6488 	6542 	6483
f 6770 	6535 	6541
f 6478 	6542 	6544
f 6528 	6545 	6532
f 6528 	6543 	6545
f 4307 	6757 	6539
f 6462 	6532 	6545
f 6557 	6546 	6543
f 6543 	6546 	6547
f 6519 	6173 	6549
f 6546 	6551 	6547
f 6560 	6554 	6173
f 6555 	6560 	6625
f 6545 	6543 	6547
f 6183 	6549 	6186
f 6466 	6462 	6545
f 6545 	6547 	6466
f 6548 	6186 	6549
f 6551 	6546 	6550
f 6519 	6549 	6183
f 6551 	6499 	6547
f 6548 	6173 	6553
f 6552 	6553 	6173
f 6550 	6694 	6551
f 6554 	6560 	6555
f 3697 	6556 	6526
f 6548 	6553 	6186
f 6362 	4643 	6363
f 3700 	6556 	3697
f 6526 	6556 	6557
f 4644 	6365 	6363
f 4643 	4644 	6363
f 6552 	6424 	6553
f 4644 	5109 	6365
f 6186 	6553 	6424
f 6555 	6424 	6554
f 6552 	6554 	6424
f 6424 	6555 	6625
f 6324 	6323 	4652
f 6559 	4652 	6323
f 4653 	6362 	6324
f 4652 	4653 	6324
f 4631 	4659 	6355
f 6355 	4659 	6558
f 6558 	4659 	4661
f 6559 	6558 	4661
f 6559 	4665 	4652
f 4661 	4665 	6559
f 6562 	6560 	6173
f 4653 	4643 	6362
f 6505 	6478 	6544
f 6175 	6562 	6173
f 6562 	6563 	6560
f 6560 	6563 	6561
f 6564 	6542 	6488
f 6542 	6565 	6544
f 6564 	6565 	6542
f 6544 	6566 	6517
f 6565 	6566 	6544
f 6566 	6525 	6517
f 6569 	6493 	6567
f 6557 	6527 	6526
f 6495 	6568 	6564
f 6538 	6493 	6569
f 6527 	6557 	6543
f 3700 	3703 	6572
f 6493 	6388 	6571
f 6493 	6571 	6567
f 6496 	6568 	6495
f 6564 	6568 	6573
f 3700 	6572 	6556
f 6556 	6575 	6557
f 6574 	6388 	6576
f 6576 	6391 	6577
f 6572 	6575 	6556
f 6557 	6575 	6546
f 6569 	6371 	6538
f 6491 	6538 	6371
f 6567 	6371 	6569
f 6571 	6371 	6567
f 6571 	6570 	6371
f 6371 	6570 	6574
f 6371 	6574 	6422
f 6574 	6576 	6422
f 6577 	6422 	6576
f 6578 	6430 	6579
f 6391 	6430 	6580
f 6581 	6432 	6582
f 6422 	6579 	6437
f 6582 	6437 	6581
f 6579 	6422 	6578
f 6422 	6580 	6578
f 6581 	6437 	6579
f 6577 	6583 	6422
f 6422 	6583 	6580
f 6374 	6377 	4266
f 6472 	6584 	5287
f 5307 	5287 	6584
f 6374 	4266 	6375
f 3944 	4266 	6377
f 6472 	6585 	6584
f 6375 	4266 	6384
f 6585 	6472 	6586
f 6387 	6592 	6594
f 6587 	6588 	6379
f 6379 	6715 	6587
f 6585 	5157 	6584
f 6479 	5157 	6585
f 6592 	6387 	6593
f 6479 	6585 	6586
f 6387 	6723 	6593
f 6382 	6727 	6587
f 6727 	6588 	6587
f 6588 	6727 	6589
f 6597 	6479 	6598
f 6598 	6479 	6586
f 6589 	6727 	6590
f 6591 	6727 	6595
f 6479 	6597 	6531
f 6591 	6590 	6727
f 6727 	3605 	6593
f 6592 	6593 	3605
f 6595 	6727 	6593
f 6159 	4313 	4315
f 6065 	4315 	4316
f 3605 	6600 	6596
f 6594 	6592 	3605
f 4315 	6065 	6159
f 4316 	6067 	6065
f 4316 	4327 	6067
f 6084 	6067 	4327
f 6600 	6690 	3973
f 4226 	3973 	6690
f 4327 	4329 	6084
f 4223 	4226 	6686
f 4331 	6085 	4329
f 6564 	6573 	6565
f 6565 	6573 	6599
f 6596 	6600 	3973
f 4568 	6304 	6301
f 4470 	6601 	6602
f 6601 	6741 	6742
f 6602 	6601 	6742
f 6603 	6648 	6604
f 6978 	6982 	6606
f 6606 	6982 	6607
f 6607 	6984 	6608
f 6982 	6984 	6607
f 6711 	6709 	6605
f 6565 	6599 	6566
f 6561 	6610 	6621
f 6560 	6561 	6621
f 6566 	5447 	6525
f 6566 	6599 	5447
f 6630 	6624 	6560
f 6573 	4208 	6599
f 6697 	6687 	6611
f 4232 	5447 	6599
f 3212 	2845 	6615
f 6612 	6614 	6423
f 2845 	2850 	6619
f 6785 	6636 	6610
f 6615 	3211 	3212
f 6615 	6616 	3211
f 6615 	6620 	6616
f 6423 	6614 	6609
f 3211 	6616 	3264
f 3295 	3264 	6617
f 6699 	6611 	6613
f 6616 	6617 	3264
f 6832 	6842 	6610
f 6615 	2845 	6619
f 6614 	6618 	6609
f 6619 	6620 	6615
f 6620 	6622 	6616
f 6621 	6610 	6636
f 6616 	6622 	6617
f 6856 	6611 	6687
f 2850 	6623 	6619
f 6624 	6625 	6560
f 6560 	6621 	6630
f 6702 	6700 	6613
f 6623 	2850 	2859
f 6623 	6626 	6619
f 6623 	5928 	6626
f 6619 	6626 	6620
f 6425 	6625 	6624
f 6620 	6627 	6622
f 6697 	6611 	6699
f 6626 	6627 	6620
f 5878 	6623 	2859
f 6781 	6782 	6621
f 5878 	5928 	6623
f 5928 	6333 	6626
f 6626 	6333 	6627
f 6630 	6621 	6629
f 6628 	6629 	6621
f 6782 	6628 	6621
f 6627 	6333 	6339
f 6630 	6425 	6624
f 6629 	6425 	6630
f 6425 	6629 	6427
f 6628 	6427 	6629
f 6633 	6622 	6627
f 6510 	6443 	6411
f 6634 	6786 	6444
f 6634 	6510 	6789
f 4970 	6415 	6639
f 6639 	5578 	4970
f 6639 	6641 	5578
f 6639 	6646 	6641
f 6645 	6646 	6639
f 6643 	5593 	5592
f 6641 	6643 	5592
f 6640 	5463 	6642
f 6640 	5462 	5463
f 6642 	5463 	5464
f 6415 	6417 	6645
f 5464 	6320 	6642
f 4624 	6320 	5464
f 6645 	6639 	6415
f 6646 	6647 	6641
f 5541 	6648 	6603
f 6641 	6647 	6643
f 6643 	6649 	6644
f 6650 	6604 	6648
f 6647 	6649 	6643
f 6638 	6651 	6631
f 5541 	5550 	6648
f 6648 	5552 	6650
f 6648 	5550 	5552
f 5462 	6640 	6650
f 6631 	6651 	6632
f 6650 	5552 	5462
f 6417 	6659 	6645
f 6659 	6665 	6645
f 6627 	6339 	6633
f 6633 	6668 	6635
f 6646 	6666 	6647
f 6653 	7262 	6652
f 6666 	6667 	6647
f 6670 	6638 	6635
f 6668 	6670 	6635
f 6647 	6667 	6649
f 6652 	6025 	6029
f 6652 	6029 	6653
f 6649 	6656 	6644
f 6644 	6656 	6654
f 6895 	6025 	6652
f 6656 	6928 	6654
f 5337 	5333 	5329
f 5329 	5333 	6657
f 6657 	6658 	6660
f 6439 	6661 	6659
f 6657 	6660 	5329
f 6661 	6669 	6659
f 6662 	6661 	6442
f 6442 	6444 	6662
f 6074 	6663 	6658
f 6662 	6675 	6661
f 6658 	6664 	6660
f 6662 	6795 	6675
f 6663 	6664 	6658
f 6660 	6664 	5357
f 6444 	6786 	6662
f 6660 	5357 	5354
f 6659 	6669 	6665
f 6645 	6665 	6646
f 6666 	6646 	6665
f 6668 	6633 	6339
f 6680 	6649 	6667
f 6669 	6671 	6665
f 6670 	6672 	6638
f 6665 	6671 	6666
f 6666 	6673 	6667
f 6671 	6673 	6666
f 6638 	6672 	6651
f 6673 	6681 	6667
f 6672 	6674 	6651
f 6667 	6681 	6680
f 6661 	6675 	6669
f 6682 	6657 	5333
f 6339 	6353 	6677
f 6669 	6676 	6671
f 6669 	6675 	6676
f 6676 	6678 	6671
f 6677 	6668 	6339
f 6677 	6679 	6668
f 6678 	6673 	6671
f 6454 	6657 	6682
f 6668 	6679 	6670
f 6670 	5331 	6672
f 6679 	5331 	6670
f 5428 	6672 	5331
f 6674 	6672 	5428
f 5428 	5430 	6674
f 6649 	6680 	6656
f 6677 	6682 	6679
f 6711 	6702 	6613
f 5333 	6679 	6682
f 3703 	6683 	6572
f 6683 	3703 	3707
f 6572 	6684 	6575
f 6572 	6683 	6684
f 5333 	5337 	6679
f 4190 	4223 	6705
f 4223 	6686 	6685
f 6575 	6684 	6550
f 4226 	6690 	6686
f 6684 	6692 	6550
f 6699 	6613 	6700
f 6575 	6550 	6546
f 6655 	6653 	5540
f 6029 	5540 	6653
f 6655 	5540 	5541
f 6655 	5541 	6603
f 6684 	6707 	6692
f 6499 	6695 	6691
f 6499 	6691 	6502
f 6176 	6056 	6502
f 3596 	6685 	3595
f 6176 	6502 	6691
f 6177 	6691 	6695
f 6177 	6695 	6701
f 6691 	6177 	6179
f 6691 	6179 	6176
f 6701 	6347 	6177
f 6681 	6673 	6693
f 6678 	6693 	6673
f 6694 	6550 	6692
f 6551 	6694 	6695
f 6692 	6698 	6694
f 6692 	6696 	6698
f 6694 	6698 	6701
f 6711 	7054 	6709
f 6694 	6701 	6695
f 6686 	6690 	3595
f 6600 	3595 	6690
f 6685 	6686 	3595
f 6605 	6700 	6702
f 6687 	6697 	6605
f 6701 	6724 	6347
f 4190 	6705 	4299
f 3754 	6706 	3707
f 6685 	6705 	4223
f 6699 	6700 	6605
f 3754 	3758 	6710
f 6697 	6699 	6605
f 3596 	6705 	6685
f 3707 	6706 	6683
f 6707 	6683 	6706
f 6683 	6707 	6684
f 5580 	6715 	6708
f 6706 	3754 	6710
f 6715 	5580 	5634
f 6706 	6712 	6707
f 6706 	6710 	6712
f 6707 	6696 	6692
f 6720 	5622 	6708
f 6707 	6712 	6696
f 6708 	5622 	5609
f 6708 	5609 	5580
f 6716 	6712 	6710
f 6713 	4264 	4551
f 6702 	6711 	6605
f 6712 	6718 	6696
f 3758 	6714 	6710
f 6713 	4551 	6735
f 6714 	3758 	3833
f 6376 	6384 	6715
f 6716 	6710 	6714
f 6715 	5634 	6376
f 6591 	6720 	6590
f 6595 	6723 	6591
f 6379 	6589 	6720
f 6712 	6716 	6718
f 6722 	6725 	6717
f 6696 	6718 	6721
f 6379 	6708 	6715
f 6717 	6725 	6719
f 6718 	6402 	6721
f 6718 	6731 	6402
f 6379 	6720 	6708
f 6696 	6721 	6698
f 6720 	6591 	6723
f 6698 	6721 	6724
f 6595 	6593 	6723
f 6720 	6723 	5622
f 6698 	6724 	6701
f 6723 	6387 	3975
f 6722 	6732 	6725
f 4177 	6723 	3975
f 3833 	3842 	6726
f 6725 	4587 	6719
f 4264 	6713 	6727
f 3833 	6726 	6714
f 6714 	6726 	6729
f 4264 	6727 	4266
f 6381 	6384 	6727
f 6382 	6381 	6727
f 6714 	6729 	6716
f 6716 	6729 	6731
f 6735 	3923 	6713
f 6730 	6732 	6722
f 6716 	6731 	6718
f 6713 	3604 	6727
f 3605 	6727 	3604
f 6725 	4592 	4587
f 6732 	4592 	6725
f 6600 	3605 	3595
f 6596 	6594 	3605
f 6721 	6403 	6724
f 6728 	6734 	6730
f 6721 	6402 	6403
f 6733 	6734 	6728
f 6734 	6736 	6730
f 6726 	3842 	6445
f 3308 	6445 	3842
f 6730 	6736 	6732
f 6726 	6446 	6729
f 6736 	4601 	6732
f 4294 	3923 	6740
f 6735 	6740 	3923
f 6726 	6445 	6446
f 6731 	6729 	6408
f 6446 	6408 	6729
f 6713 	3923 	3604
f 6732 	4601 	4592
f 6731 	6408 	6410
f 6605 	6985 	6733
f 6738 	4995 	6737
f 6731 	6410 	6402
f 6985 	6986 	6733
f 4994 	6739 	4996
f 6747 	3989 	5946
f 6986 	6734 	6733
f 6747 	6748 	3989
f 4994 	6738 	6739
f 6748 	6749 	3989
f 6749 	6750 	3989
f 6986 	6987 	6734
f 4292 	4294 	6739
f 6750 	6752 	3989
f 6736 	6987 	4977
f 6752 	6753 	3989
f 6736 	4977 	4601
f 4291 	4290 	6737
f 6738 	6737 	4290
f 6753 	6754 	3989
f 6754 	6778 	3989
f 6516 	6520 	5289
f 5289 	6520 	5490
f 6778 	6779 	3989
f 6738 	4290 	4292
f 6739 	6738 	4292
f 6761 	3989 	6760
f 6520 	6518 	5489
f 6740 	6739 	4294
f 6763 	3989 	6761
f 6764 	3989 	6763
f 6766 	3989 	6764
f 6767 	3989 	6766
f 6769 	3989 	6767
f 5489 	5490 	6520
f 6741 	6745 	6742
f 4001 	3989 	6769
f 6741 	6744 	6745
f 3297 	3295 	6746
f 6717 	6742 	6745
f 6768 	6562 	6175
f 6746 	3295 	6617
f 3297 	6746 	6751
f 6743 	6829 	6744
f 6823 	6829 	6743
f 6829 	6831 	6744
f 6744 	6831 	6745
f 6722 	6717 	6745
f 6804 	6748 	6747
f 6748 	6806 	6749
f 6804 	6806 	6748
f 6825 	6755 	6756
f 6746 	6773 	6751
f 4307 	4683 	6757
f 3297 	6751 	3299
f 6539 	6758 	6540
f 6751 	6759 	3299
f 6757 	6758 	6539
f 3299 	6759 	3302
f 4683 	4025 	6123
f 4683 	6123 	6757
f 6232 	6762 	4319
f 6123 	6125 	6757
f 4288 	6762 	6232
f 4319 	6762 	6174
f 6758 	6757 	6125
f 6174 	6765 	6175
f 6125 	6126 	6758
f 6762 	6765 	6174
f 6765 	6768 	6175
f 6562 	6768 	6775
f 6536 	6771 	6537
f 4403 	6765 	4402
f 6617 	6772 	6746
f 6771 	6536 	6770
f 4404 	6768 	4403
f 6617 	6622 	6772
f 6762 	4402 	6765
f 6765 	4403 	6768
f 4404 	4406 	6768
f 6773 	6746 	6772
f 6562 	6775 	6563
f 6774 	6541 	6540
f 6773 	6631 	6751
f 6758 	6774 	6540
f 6773 	6638 	6631
f 6854 	6766 	6764
f 6541 	6774 	6776
f 6751 	6631 	6759
f 6636 	6637 	6621
f 6781 	6621 	6637
f 6774 	6142 	6776
f 6631 	6632 	6759
f 6126 	6142 	6774
f 6769 	6767 	6857
f 6770 	6541 	6776
f 6776 	6777 	6770
f 6427 	6637 	6612
f 6633 	6772 	6622
f 6633 	6635 	6772
f 6773 	6772 	6635
f 6771 	6770 	6777
f 6635 	6638 	6773
f 6777 	6780 	6771
f 6636 	6612 	6637
f 6758 	6126 	6774
f 6142 	6145 	6776
f 6628 	6782 	6427
f 6776 	6145 	6777
f 6145 	6147 	6777
f 6781 	6637 	6427
f 6782 	6781 	6427
f 6777 	6147 	6780
f 6784 	6785 	6610
f 6783 	5322 	5298
f 6787 	6610 	6827
f 6784 	6610 	6787
f 5323 	6783 	6788
f 6789 	6510 	6524
f 6787 	6614 	6784
f 6634 	6789 	6790
f 6755 	6792 	6756
f 6612 	6785 	6614
f 6634 	6790 	6786
f 6790 	6791 	6786
f 6784 	6614 	6785
f 6756 	6792 	6793
f 6809 	6789 	6524
f 6856 	6794 	6611
f 6790 	6789 	6810
f 6795 	6662 	6786
f 6795 	6796 	6675
f 6791 	6795 	6786
f 6675 	6796 	6676
f 3989 	6779 	6798
f 6676 	6797 	6678
f 6798 	6760 	3989
f 6797 	6676 	6796
f 6752 	6815 	6753
f 6803 	6678 	6797
f 6795 	6799 	6796
f 5325 	5326 	6788
f 6799 	6795 	6791
f 6791 	6833 	6799
f 6797 	6807 	6803
f 5355 	6800 	6783
f 6801 	6788 	6783
f 6801 	6783 	6800
f 6788 	6801 	4995
f 5946 	6802 	6747
f 6803 	6693 	6678
f 6788 	4995 	4983
f 5972 	6802 	5946
f 6803 	2942 	6693
f 6802 	6804 	6747
f 6799 	6805 	6796
f 6796 	6805 	6797
f 6805 	6807 	6797
f 6803 	6808 	2942
f 6807 	6808 	6803
f 2949 	2942 	6808
f 6871 	6807 	6805
f 6870 	6871 	6805
f 6807 	6872 	6808
f 5972 	6906 	6802
f 5972 	6005 	6906
f 6809 	6524 	6537
f 6804 	6908 	6806
f 6809 	6810 	6789
f 6811 	6750 	6749
f 6749 	6806 	6811
f 6810 	6812 	6790
f 6816 	6810 	6809
f 6813 	6750 	6811
f 6790 	6812 	6791
f 6750 	6813 	6752
f 6833 	6791 	6812
f 6537 	6771 	6814
f 6813 	6815 	6752
f 6537 	6814 	6809
f 6753 	6817 	6754
f 6814 	6816 	6809
f 6816 	6818 	6810
f 6815 	6817 	6753
f 6816 	6830 	6818
f 6863 	6865 	6778
f 6778 	6865 	6779
f 4087 	6794 	6793
f 6910 	6811 	6806
f 6813 	6964 	6815
f 6825 	6824 	6755
f 6825 	6756 	6826
f 6612 	6636 	6785
f 6794 	6835 	6793
f 6779 	6899 	6798
f 6828 	6830 	6816
f 6824 	6825 	6823
f 6810 	6818 	6812
f 6826 	6823 	6825
f 6827 	6843 	6614
f 6614 	6787 	6827
f 6771 	6780 	6814
f 6780 	6828 	6814
f 6780 	6441 	6828
f 6780 	6147 	6441
f 6814 	6828 	6816
f 6614 	6843 	6618
f 6856 	6848 	6794
f 6842 	6618 	6843
f 6441 	6456 	6828
f 6847 	6849 	6832
f 6828 	6456 	6830
f 6831 	6722 	6745
f 6756 	6834 	6826
f 6837 	6835 	6836
f 6834 	6756 	6837
f 6835 	6837 	6756
f 6835 	6838 	6836
f 6835 	6756 	6793
f 6798 	6839 	6760
f 6794 	6845 	6844
f 6847 	6832 	6846
f 6916 	6846 	6832
f 6839 	6841 	6760
f 6827 	6610 	6843
f 6843 	6610 	6842
f 6842 	6832 	6849
f 6841 	6761 	6760
f 6852 	6761 	6841
f 6826 	6834 	6823
f 6837 	6823 	6834
f 6836 	6823 	6837
f 6838 	6823 	6836
f 6835 	6844 	6838
f 6835 	6794 	6844
f 6838 	6850 	6823
f 6844 	6845 	6850
f 6850 	6838 	6844
f 6365 	5109 	6851
f 6848 	6850 	6845
f 5106 	6688 	6851
f 6841 	7097 	6852
f 6761 	6852 	6763
f 6845 	6794 	6848
f 6851 	5112 	5106
f 6688 	5106 	6689
f 6853 	6764 	6763
f 6848 	6856 	6850
f 6703 	6689 	5110
f 6763 	6852 	6853
f 6764 	6853 	6854
f 5106 	5110 	6689
f 6829 	6823 	6850
f 6831 	6829 	6728
f 5109 	5112 	6851
f 6854 	6855 	6766
f 6850 	6728 	6829
f 6728 	6730 	6831
f 6730 	6722 	6831
f 6855 	6767 	6766
f 5110 	5131 	6703
f 6855 	6857 	6767
f 6769 	6857 	4045
f 6703 	5131 	6704
f 6856 	6687 	6850
f 5131 	5133 	6704
f 6769 	4045 	4001
f 6605 	6850 	6687
f 6850 	6605 	6733
f 6850 	6733 	6728
f 6854 	6853 	7059
f 6955 	6949 	6859
f 5133 	5137 	6819
f 6819 	6704 	5133
f 6863 	6778 	6754
f 6754 	6817 	6863
f 5149 	5150 	6821
f 6822 	5150 	5155
f 6867 	6833 	6812
f 6821 	5150 	6822
f 6867 	6878 	6833
f 6818 	6867 	6812
f 4407 	6873 	4406
f 6775 	4406 	6873
f 6867 	6818 	6868
f 6819 	5137 	6820
f 6775 	6768 	4406
f 6830 	6868 	6818
f 5137 	5149 	6820
f 6930 	5293 	7196
f 6821 	6820 	5149
f 6830 	6457 	6868
f 6830 	6456 	6457
f 6457 	6476 	6868
f 6833 	6870 	6799
f 6822 	5155 	5179
f 6869 	5401 	5394
f 6833 	6878 	6870
f 6799 	6870 	6805
f 6869 	6877 	5413
f 6877 	6898 	5413
f 5413 	5401 	6869
f 6775 	6873 	6563
f 6871 	6872 	6807
f 6872 	2961 	6808
f 6895 	6876 	6875
f 6808 	2961 	2949
f 6870 	6880 	6871
f 4710 	4810 	6879
f 6878 	6880 	6870
f 6880 	6882 	6871
f 6881 	4710 	6879
f 6882 	6872 	6871
f 6886 	6867 	6868
f 6868 	6476 	6886
f 6886 	6878 	6867
f 6886 	6887 	6878
f 6887 	6880 	6878
f 6880 	6889 	6882
f 6887 	6889 	6880
f 6879 	5179 	6033
f 6886 	6514 	6887
f 6033 	6034 	6879
f 6886 	6476 	6514
f 6879 	6034 	6881
f 6872 	6890 	2961
f 6872 	6882 	6890
f 6890 	6891 	2961
f 2961 	6891 	2963
f 6891 	2971 	2963
f 6883 	6143 	6146
f 6882 	6889 	6892
f 6889 	7038 	6892
f 6892 	6890 	6882
f 6890 	6893 	6891
f 6167 	6884 	6146
f 6892 	6893 	6890
f 6891 	6894 	2971
f 6885 	6167 	6109
f 6893 	6894 	6891
f 6896 	2971 	6894
f 6895 	6875 	6314
f 6892 	7039 	6893
f 6652 	6876 	6895
f 7038 	7039 	6892
f 6314 	6315 	6895
f 6315 	6025 	6895
f 6874 	6934 	6869
f 2971 	6896 	2972
f 6896 	6897 	2972
f 6869 	5394 	6874
f 6874 	5394 	5293
f 6881 	6143 	6883
f 6897 	3212 	2973
f 6883 	6146 	6884
f 6899 	6779 	6865
f 6899 	6839 	6798
f 6109 	6888 	6885
f 6888 	6109 	6314
f 6813 	6960 	6964
f 6888 	6314 	6875
f 6885 	6884 	6167
f 6815 	6967 	6817
f 6863 	6817 	6900
f 6967 	6900 	6817
f 6900 	6901 	6863
f 6863 	6901 	6865
f 4810 	5179 	6879
f 6865 	6902 	6899
f 6865 	6901 	6902
f 6899 	6902 	7095
f 6905 	6904 	6903
f 4929 	6898 	4938
f 5977 	3518 	6946
f 6902 	7099 	7095
f 3518 	6858 	6946
f 6899 	7095 	6839
f 3518 	6859 	6858
f 3518 	6860 	6859
f 6839 	7096 	6841
f 3518 	6861 	6860
f 3518 	6862 	6861
f 3518 	6864 	6862
f 7096 	7097 	6841
f 3518 	6866 	6864
f 3518 	4852 	6866
f 5839 	4102 	3768
f 6907 	6804 	6802
f 6940 	4101 	4102
f 6906 	6907 	6802
f 5839 	6940 	4102
f 6907 	6908 	6804
f 6907 	6913 	6908
f 6908 	6910 	6806
f 6811 	6960 	6813
f 6811 	6910 	6960
f 6005 	6009 	6911
f 6009 	7157 	6911
f 6618 	6842 	6849
f 6005 	6911 	6906
f 6911 	6912 	6906
f 6849 	6847 	6618
f 6912 	6907 	6906
f 6840 	6618 	6847
f 6912 	6913 	6907
f 6910 	6908 	6975
f 6846 	6840 	6847
f 6975 	6908 	6913
f 6916 	6832 	6915
f 6009 	6068 	7157
f 6914 	7004 	6915
f 6979 	6913 	6912
f 6800 	7069 	6801
f 6916 	6840 	6846
f 6915 	6840 	6916
f 7004 	6914 	7035
f 6918 	6476 	6481
f 6921 	6918 	6481
f 6918 	6922 	6920
f 6921 	6922 	6918
f 6481 	6492 	6921
f 4929 	5413 	6898
f 6894 	2837 	2843
f 6896 	6894 	2843
f 6922 	6924 	6920
f 6897 	6896 	2844
f 6896 	2843 	2844
f 6897 	2845 	3212
f 2844 	2845 	6897
f 5682 	6926 	6256
f 6654 	6926 	5682
f 4408 	6923 	4407
f 6923 	6873 	4407
f 6788 	7001 	5325
f 6489 	6969 	6492
f 6926 	6927 	6256
f 6928 	6933 	6926
f 6921 	6492 	6972
f 6926 	6933 	6927
f 6268 	6256 	6927
f 2861 	6268 	6927
f 6929 	6930 	6931
f 6874 	6930 	6966
f 6654 	6928 	6926
f 6931 	6930 	6932
f 6997 	6924 	6922
f 6927 	2860 	2861
f 2860 	6927 	6933
f 6656 	6935 	6928
f 6656 	6680 	6935
f 6928 	6936 	6933
f 6936 	2925 	6933
f 6940 	6955 	6909
f 6953 	6954 	6909
f 6953 	6909 	6955
f 6949 	6955 	6940
f 6936 	6928 	6935
f 6935 	6939 	6936
f 6938 	6939 	6935
f 6680 	6681 	6938
f 6935 	6680 	6938
f 6947 	6949 	6940
f 6941 	5839 	5976
f 6940 	5839 	6944
f 6943 	6944 	5839
f 6941 	6943 	5839
f 5976 	5977 	6941
f 6941 	5977 	6946
f 6943 	6941 	6946
f 6944 	6943 	6946
f 6954 	6974 	6909
f 5154 	7020 	4983
f 6940 	6948 	6947
f 6948 	6940 	6950
f 6939 	2928 	6936
f 6858 	6948 	6950
f 6947 	6948 	6858
f 6858 	6949 	6947
f 6936 	2928 	2925
f 6944 	6950 	6940
f 6681 	6693 	6951
f 6950 	6944 	6858
f 6946 	6858 	6944
f 6951 	6938 	6681
f 6952 	6939 	6938
f 6951 	6952 	6938
f 6973 	6909 	6974
f 6952 	2930 	6939
f 6953 	6859 	6954
f 6939 	2930 	2928
f 6693 	2942 	6951
f 2943 	6952 	6951
f 6859 	6953 	6955
f 2944 	6952 	2943
f 2944 	2930 	6952
f 6268 	2861 	6269
f 6858 	6859 	6949
f 6956 	6270 	6269
f 5319 	6788 	5326
f 6610 	6958 	6832
f 6958 	6610 	6561
f 7007 	7002 	6788
f 4983 	7007 	6788
f 6957 	6832 	6959
f 5319 	6917 	5320
f 6958 	6959 	6832
f 6959 	7197 	6957
f 6913 	6981 	6975
f 6962 	6963 	6874
f 6963 	6988 	6874
f 6958 	6561 	6961
f 6563 	6961 	6561
f 6961 	6965 	6958
f 6563 	6873 	6961
f 6929 	6966 	6930
f 6962 	6874 	6966
f 6815 	6964 	6967
f 6965 	6959 	6958
f 6874 	5293 	6930
f 5293 	5262 	7196
f 6873 	6923 	6961
f 6992 	6877 	6991
f 6877 	6869 	6934
f 6961 	6923 	6965
f 6877 	6993 	6898
f 6969 	6489 	6609
f 6999 	6995 	6898
f 6998 	7000 	6968
f 6898 	6968 	4938
f 6964 	6960 	6970
f 6970 	6971 	6964
f 6963 	6962 	6923
f 6962 	6966 	6923
f 6969 	6972 	6492
f 6964 	6971 	6967
f 6965 	6923 	6966
f 6967 	7115 	6900
f 6909 	6973 	6937
f 6971 	7115 	6967
f 6974 	6954 	6860
f 6859 	6860 	6954
f 6973 	6974 	6982
f 6860 	6982 	6974
f 6910 	6976 	6960
f 6975 	6976 	6910
f 6976 	6970 	6960
f 6606 	6977 	6978
f 6608 	7054 	6607
f 6909 	6937 	6977
f 6977 	6937 	6980
f 6977 	6980 	6978
f 6979 	6981 	6913
f 4101 	6909 	4100
f 6934 	6988 	6990
f 6990 	6991 	6934
f 6981 	6983 	6975
f 6934 	6874 	6988
f 6980 	6982 	6978
f 6975 	6983 	6976
f 6976 	7121 	6970
f 6982 	6980 	6937
f 6709 	6608 	6984
f 6709 	6984 	6605
f 6981 	6979 	7184
f 6981 	7236 	6983
f 6929 	6931 	6965
f 6931 	6932 	6965
f 6984 	6985 	6605
f 6966 	6929 	6965
f 6965 	6932 	7257
f 5323 	5320 	7049
f 6985 	6864 	6986
f 7001 	6788 	7002
f 6999 	6898 	6993
f 6987 	6736 	6734
f 6917 	5319 	5326
f 6917 	5326 	6919
f 6919 	5326 	5325
f 6921 	6989 	6922
f 6914 	6915 	6832
f 6934 	6991 	6877
f 6972 	6989 	6921
f 6877 	6992 	6993
f 6994 	6968 	6995
f 6997 	6922 	6989
f 6998 	6968 	6994
f 6942 	6919 	6996
f 6968 	6898 	6995
f 6989 	7029 	6997
f 7007 	4983 	7006
f 6988 	6963 	6923
f 7001 	6919 	5325
f 6990 	6988 	6923
f 6996 	6919 	7002
f 6990 	6923 	6991
f 7001 	7002 	6919
f 7035 	6914 	6957
f 6969 	6609 	6618
f 6991 	6923 	6992
f 4983 	7020 	7016
f 6942 	6996 	7003
f 6993 	6923 	6999
f 6995 	6999 	6923
f 6969 	6840 	6972
f 6618 	6840 	6969
f 7017 	4983 	7016
f 7006 	4983 	7017
f 6923 	4408 	6995
f 6998 	6994 	4408
f 6994 	6995 	4408
f 7033 	7035 	6957
f 6992 	6923 	6993
f 6996 	7006 	7017
f 6840 	7004 	6972
f 6998 	4408 	7000
f 7004 	6989 	6972
f 7003 	6945 	6942
f 5117 	6945 	7003
f 6905 	6317 	6318
f 6905 	6318 	6904
f 6904 	6318 	6354
f 6945 	5117 	5002
f 6968 	7000 	4938
f 5020 	5022 	7015
f 2861 	6956 	6269
f 7005 	6317 	6905
f 6956 	7008 	6270
f 7009 	7019 	4936
f 7009 	4936 	7000
f 7005 	6320 	6317
f 4936 	4938 	7000
f 2861 	2863 	6956
f 2863 	2865 	6956
f 6956 	2865 	7008
f 7008 	6277 	6270
f 4409 	7009 	4408
f 7008 	2856 	6277
f 7000 	4408 	7009
f 7008 	2868 	2856
f 2865 	2868 	7008
f 2856 	6278 	6277
f 7043 	4455 	5018
f 2856 	2858 	6278
f 6903 	6904 	7010
f 5020 	7015 	7013
f 5018 	5020 	7043
f 7014 	7011 	7010
f 7006 	6996 	7007
f 7002 	7007 	6996
f 7019 	7015 	5022
f 7014 	7010 	6904
f 7011 	7014 	7018
f 7019 	5022 	4936
f 6996 	7017 	7003
f 7016 	7003 	7017
f 7011 	7018 	7012
f 7018 	7025 	7012
f 7013 	7015 	4409
f 5154 	5117 	7020
f 5117 	7003 	7020
f 4412 	7013 	4409
f 6904 	6354 	7014
f 7018 	7014 	6355
f 7015 	7019 	4409
f 7003 	7016 	7020
f 6355 	6558 	7018
f 7018 	6558 	7025
f 7022 	7036 	7021
f 7021 	7046 	6917
f 6919 	7021 	6917
f 7021 	6919 	7022
f 6559 	7025 	6558
f 7025 	6559 	6323
f 6942 	7023 	7022
f 7022 	6919 	6942
f 7023 	6942 	6945
f 7023 	6945 	7024
f 7024 	6945 	5002
f 5163 	7024 	5002
f 6832 	6957 	6914
f 7004 	7029 	6989
f 7028 	7032 	7030
f 7031 	7032 	7028
f 6840 	6915 	7004
f 7032 	7034 	7030
f 7331 	7029 	7033
f 7004 	7033 	7029
f 7035 	7033 	7004
f 7331 	7347 	7029
f 6887 	6514 	7037
f 6514 	6920 	7037
f 7037 	6889 	6887
f 7031 	7045 	7032
f 7044 	7045 	7031
f 7037 	7038 	6889
f 7039 	2837 	6893
f 7039 	2846 	2837
f 6893 	2837 	6894
f 5358 	6800 	5355
f 7037 	7040 	7038
f 7037 	6920 	7040
f 7040 	7041 	7038
f 4409 	7019 	7009
f 5020 	7013 	7043
f 7041 	7039 	7038
f 7041 	2846 	7039
f 4412 	7043 	7013
f 6924 	7040 	6920
f 5357 	7060 	5358
f 7041 	7040 	6925
f 7045 	7046 	7032
f 6924 	6925 	7040
f 7041 	2851 	2846
f 7045 	7049 	7046
f 6925 	2851 	7041
f 7032 	7046 	7034
f 7046 	7021 	7034
f 7069 	6800 	7068
f 7265 	7266 	6925
f 2851 	6925 	7266
f 7034 	7021 	7036
f 7042 	5419 	5431
f 7042 	5433 	7044
f 2734 	2735 	2853
f 5431 	5433 	7042
f 2853 	2735 	2855
f 5433 	7047 	7044
f 2855 	2736 	2859
f 5506 	7047 	5433
f 2735 	2736 	2855
f 7047 	7045 	7044
f 5965 	5434 	6057
f 7047 	7049 	7045
f 7046 	7049 	6917
f 7048 	2753 	2797
f 6057 	7078 	6048
f 7085 	6139 	7078
f 5299 	7049 	7047
f 7049 	5320 	6917
f 6937 	6973 	6982
f 6860 	6861 	6982
f 6982 	6861 	6984
f 3330 	7050 	7051
f 6862 	6985 	6984
f 6862 	6984 	6861
f 6985 	6862 	6864
f 6663 	6139 	7085
f 6987 	6986 	6866
f 6986 	6864 	6866
f 6987 	4852 	4977
f 7282 	6664 	6663
f 6987 	6866 	4852
f 6608 	6709 	7054
f 7056 	6664 	7282
f 7054 	6711 	6613
f 7056 	5357 	6664
f 7050 	7055 	7051
f 6977 	6606 	7054
f 4088 	4097 	6611
f 7053 	7055 	7050
f 7051 	7055 	7057
f 6611 	6794 	4088
f 7060 	5357 	7056
f 4097 	4098 	6613
f 6611 	4097 	6613
f 7054 	6613 	4098
f 7058 	6853 	6852
f 7060 	4470 	4472
f 7060 	7056 	4470
f 7058 	7059 	6853
f 4099 	4100 	7054
f 7061 	6855 	6854
f 6854 	7059 	7061
f 6606 	6607 	7054
f 6855 	7061 	7062
f 4615 	4616 	6792
f 6855 	7062 	6857
f 6793 	4616 	4087
f 7051 	7057 	7052
f 6792 	4616 	6793
f 7052 	5273 	5269
f 7052 	7057 	5273
f 4088 	6794 	4087
f 7063 	7064 	7053
f 7053 	7064 	7055
f 7066 	4474 	4473
f 6857 	7062 	4140
f 4474 	7066 	5008
f 6857 	4140 	4045
f 4474 	5008 	4291
f 7103 	7059 	7058
f 7104 	7061 	7059
f 6602 	4472 	4470
f 6800 	5358 	7068
f 7104 	7105 	7061
f 4472 	6602 	7065
f 7062 	4332 	4140
f 5358 	7060 	7068
f 4472 	7065 	4473
f 7055 	7067 	7057
f 4473 	7065 	7066
f 6801 	6737 	4995
f 7065 	6602 	7070
f 7064 	7067 	7055
f 6801 	7069 	6737
f 7057 	7067 	5279
f 4472 	4473 	7068
f 4472 	7068 	7060
f 4473 	4474 	7068
f 7070 	6602 	6742
f 7057 	5279 	5273
f 7065 	7070 	7071
f 7068 	4474 	7069
f 7036 	7022 	7063
f 7064 	7063 	7023
f 7069 	4474 	4291
f 4291 	6737 	7069
f 7022 	7023 	7063
f 7064 	7023 	7024
f 7064 	7024 	7067
f 7067 	5163 	5279
f 7067 	7024 	5163
f 7075 	3327 	7074
f 2752 	2753 	7048
f 7077 	7050 	3329
f 7077 	7053 	7050
f 7079 	2769 	2758
f 7050 	3330 	3329
f 7079 	2758 	2755
f 7074 	7080 	7075
f 7030 	7080 	7074
f 7141 	2755 	2752
f 7075 	7080 	7081
f 7110 	4993 	4955
f 7141 	2752 	7048
f 7081 	7077 	7075
f 7053 	7077 	7081
f 7079 	7162 	2769
f 2769 	7162 	7082
f 7034 	7080 	7030
f 7081 	7080 	7036
f 7082 	2773 	2769
f 7034 	7036 	7080
f 5262 	2773 	7082
f 7081 	7063 	7053
f 7036 	7063 	7081
f 3350 	3367 	7084
f 6048 	7078 	6139
f 7083 	7084 	3367
f 7086 	7078 	7132
f 7085 	7078 	7086
f 3350 	7084 	7087
f 7076 	7026 	7073
f 7211 	7133 	7088
f 7087 	3477 	3350
f 7072 	7005 	6905
f 6905 	6903 	7072
f 7083 	7091 	7084
f 7073 	6640 	6642
f 7092 	7087 	7084
f 6642 	7076 	7073
f 7005 	7076 	6320
f 7076 	6642 	6320
f 7076 	7027 	7026
f 7005 	7027 	7076
f 7090 	7091 	7083
f 7027 	7005 	7072
f 7084 	7091 	7092
f 7087 	7092 	7028
f 7131 	7031 	7092
f 7031 	7028 	7092
f 7026 	3861 	7255
f 7026 	7027 	3861
f 6632 	7093 	7090
f 6640 	7073 	7094
f 6839 	7095 	7096
f 7101 	7096 	7095
f 7096 	7106 	7097
f 7096 	7101 	7106
f 6640 	7094 	6650
f 7097 	7058 	6852
f 7095 	7099 	7101
f 7097 	7106 	7107
f 7097 	7107 	7058
f 7098 	6363 	7100
f 6362 	6363 	7098
f 7099 	7138 	7101
f 6363 	6365 	7100
f 7103 	7104 	7059
f 7100 	6365 	7102
f 7105 	7062 	7061
f 7102 	6365 	6851
f 4332 	7062 	7105
f 7105 	4907 	4332
f 7106 	7111 	7107
f 7106 	7109 	7111
f 7107 	7103 	7058
f 7065 	7071 	7066
f 7066 	5010 	5008
f 7066 	7071 	5010
f 7070 	6742 	6717
f 7070 	6719 	7071
f 7109 	7106 	7101
f 7070 	6717 	6719
f 7071 	6719 	5016
f 6719 	4587 	5016
f 7071 	5016 	5010
f 7107 	7112 	7103
f 7107 	7111 	7112
f 4457 	6064 	7113
f 4457 	7113 	4463
f 4463 	7114 	4466
f 7113 	7114 	4463
f 6900 	7116 	6901
f 6900 	7115 	7116
f 7116 	7117 	6901
f 7113 	7161 	7114
f 6902 	6901 	7117
f 7117 	7099 	6902
f 4469 	6601 	4470
f 7114 	7118 	4466
f 7124 	7115 	6971
f 4466 	7118 	4468
f 7118 	7120 	4468
f 7116 	7115 	7119
f 7124 	7119 	7115
f 7116 	7119 	7129
f 4468 	7120 	4469
f 6601 	4469 	7120
f 7116 	7129 	7117
f 7117 	7136 	7099
f 7230 	7234 	7118
f 7118 	7234 	7120
f 7137 	6367 	4428
f 7137 	4428 	4627
f 6976 	6983 	7121
f 4628 	7139 	4627
f 6970 	7122 	6971
f 6970 	7121 	7122
f 7167 	7168 	7123
f 7122 	7124 	6971
f 6432 	7127 	7123
f 6432 	6420 	7127
f 7122 	7121 	7126
f 7121 	7237 	7126
f 7123 	7128 	7125
f 7127 	7128 	7123
f 7119 	7124 	7142
f 6632 	6651 	7093
f 7093 	7130 	7090
f 7093 	5419 	7130
f 6674 	5419 	7093
f 6663 	7086 	7281
f 7090 	7130 	7091
f 7137 	7127 	6420
f 7131 	7092 	7091
f 7085 	7086 	6663
f 7127 	7139 	7128
f 7130 	7131 	7091
f 7137 	7139 	7127
f 7133 	7132 	7078
f 7131 	7044 	7031
f 7128 	7134 	7125
f 6651 	6674 	7093
f 7088 	7273 	7175
f 7131 	7130 	7042
f 7178 	7273 	7180
f 7042 	7044 	7131
f 4955 	7144 	7110
f 7134 	7151 	7135
f 7150 	7151 	7134
f 7135 	7151 	7152
f 7132 	7133 	7281
f 7086 	7132 	7281
f 7117 	7129 	7136
f 7137 	6420 	6367
f 7099 	7136 	7138
f 7138 	7109 	7101
f 7122 	7126 	7140
f 7089 	7141 	7158
f 7122 	7140 	7124
f 7139 	7137 	4627
f 7140 	7142 	7124
f 5419 	7042 	7130
f 7143 	3365 	3302
f 3302 	6759 	7143
f 7141 	7089 	2755
f 7083 	3365 	7143
f 3365 	7083 	3367
f 7143 	6759 	6632
f 7090 	7083 	7143
f 6632 	7090 	7143
f 7148 	3477 	7087
f 7028 	7148 	7087
f 7144 	4468 	7182
f 7028 	7030 	7148
f 7148 	7030 	7074
f 2872 	7149 	2832
f 6496 	7149 	3399
f 7128 	7150 	7134
f 6496 	3399 	3400
f 7139 	7150 	7128
f 3400 	4207 	6496
f 7119 	7153 	7129
f 7147 	6324 	6362
f 7142 	7153 	7119
f 7136 	7129 	7154
f 7129 	7153 	7154
f 7136 	7154 	7366
f 4379 	7151 	7150
f 7136 	7366 	7138
f 7152 	7151 	4379
f 7155 	7113 	6064
f 7123 	7169 	7167
f 7125 	7170 	7123
f 7025 	7108 	7012
f 7142 	7140 	7156
f 7171 	7125 	7172
f 7108 	6323 	7146
f 7108 	7025 	6323
f 7140 	7241 	7156
f 6323 	6324 	7146
f 7147 	6362 	7098
f 7079 	2755 	7089
f 7155 	6064 	6437
f 7187 	7135 	7159
f 7159 	7135 	7152
f 7125 	7134 	7160
f 7134 	7135 	7160
f 7159 	7152 	7145
f 7155 	7161 	7113
f 7135 	7187 	7160
f 7163 	7089 	7158
f 7159 	7145 	7165
f 7164 	7089 	7163
f 7164 	7162 	7079
f 7164 	7079 	7089
f 7165 	7191 	7159
f 6582 	6432 	7168
f 6432 	7123 	7168
f 7204 	7202 	7164
f 7169 	7123 	7170
f 7125 	7171 	7170
f 7172 	7125 	7189
f 7195 	7196 	7082
f 7160 	7189 	7125
f 7187 	7186 	7160
f 7082 	7162 	7195
f 6437 	6582 	7168
f 7168 	7167 	6437
f 6911 	7173 	6912
f 6437 	7169 	7155
f 7180 	7110 	7182
f 7157 	7173 	6911
f 6979 	6912 	7173
f 7169 	6437 	7167
f 7170 	7155 	7169
f 6068 	6083 	7174
f 7170 	7171 	7155
f 7172 	7155 	7171
f 6068 	7174 	7157
f 7174 	7177 	7157
f 7157 	7177 	7173
f 7179 	7159 	7181
f 7190 	7159 	7191
f 6979 	7173 	7183
f 7192 	7191 	7165
f 7177 	7183 	7173
f 7183 	7184 	6979
f 7160 	7185 	7176
f 7186 	7187 	7188
f 7185 	7160 	7186
f 7187 	7179 	7188
f 7187 	7159 	7179
f 2719 	7163 	2716
f 7158 	2716 	7163
f 7185 	7161 	7176
f 7164 	7163 	7204
f 7181 	7161 	7179
f 7155 	7176 	7161
f 7186 	7188 	7161
f 7179 	7161 	7188
f 7185 	7186 	7161
f 7176 	7189 	7160
f 2719 	7198 	7163
f 7200 	7204 	7163
f 7176 	7155 	7189
f 7189 	7155 	7172
f 7159 	7190 	7181
f 7192 	7165 	7193
f 7268 	7201 	7199
f 7194 	7162 	7164
f 7181 	7190 	7161
f 7193 	7269 	7192
f 7191 	7192 	7161
f 7194 	7195 	7162
f 7269 	7161 	7192
f 7190 	7191 	7161
f 7146 	6324 	7147
f 6851 	6688 	7102
f 5262 	7082 	7196
f 6689 	2885 	7567
f 7257 	6932 	7196
f 6932 	6930 	7196
f 7166 	6957 	7197
f 2885 	6689 	6703
f 7200 	7163 	7198
f 7202 	7203 	7194
f 7194 	7164 	7202
f 2719 	2718 	7166
f 7193 	7165 	7199
f 7268 	7205 	7201
f 7203 	7258 	7194
f 7201 	7269 	7199
f 7260 	7261 	7194
f 7201 	7205 	7269
f 7202 	7166 	7203
f 7198 	7166 	7200
f 7204 	7166 	7202
f 7206 	7165 	7145
f 7197 	7203 	7166
f 2926 	6704 	2979
f 7209 	7183 	7177
f 6819 	6820 	2979
f 7183 	7210 	7184
f 7207 	6083 	6196
f 7174 	6083 	7207
f 7207 	7208 	7174
f 7174 	7208 	7177
f 2926 	6703 	6704
f 2926 	2885 	6703
f 7182 	4468 	7180
f 7180 	7281 	7178
f 7208 	7209 	7177
f 7210 	7183 	7209
f 2979 	6704 	6819
f 7209 	7242 	7210
f 7078 	7088 	7133
f 7211 	7088 	7212
f 7212 	7088 	7175
f 2995 	2979 	6820
f 3086 	6820 	6821
f 7211 	7212 	7281
f 2995 	6820 	3086
f 7281 	7212 	7175
f 7221 	7209 	7208
f 7214 	5013 	7213
f 6821 	3089 	3086
f 7213 	5014 	7215
f 7217 	5001 	7220
f 7216 	7207 	6196
f 6822 	3089 	6821
f 7213 	4463 	7214
f 7215 	4463 	7213
f 4460 	4463 	7215
f 5014 	7213 	5013
f 3091 	3089 	6822
f 7216 	6196 	6222
f 7144 	4956 	7218
f 7216 	7219 	7207
f 5013 	7214 	7220
f 7207 	7219 	7208
f 6822 	5179 	3091
f 4463 	4466 	7214
f 7217 	7220 	4466
f 7218 	7217 	4466
f 7027 	3784 	3861
f 7219 	7221 	7208
f 7220 	7214 	4466
f 7242 	7209 	7221
f 6222 	6226 	7222
f 6222 	7222 	7216
f 7216 	7223 	7219
f 7222 	7223 	7216
f 7223 	7224 	7219
f 7219 	7224 	7221
f 3615 	3624 	7225
f 7224 	7248 	7221
f 6226 	7227 	7222
f 7227 	6226 	6230
f 7227 	7228 	7222
f 7223 	7222 	7228
f 7223 	7229 	7224
f 7228 	7229 	7223
f 7229 	7250 	7224
f 7114 	7230 	7118
f 7268 	7165 	7206
f 4614 	7231 	7206
f 6230 	7253 	7227
f 7231 	4615 	6792
f 7114 	7161 	7230
f 7268 	7206 	7231
f 7200 	7166 	7204
f 7233 	7195 	7232
f 7256 	7257 	7196
f 7196 	7195 	7256
f 7235 	7256 	7195
f 7233 	7235 	7195
f 7230 	6743 	7234
f 7236 	6981 	7184
f 6983 	7236 	7237
f 6983 	7237 	7121
f 7236 	7184 	7238
f 7184 	7210 	7238
f 7237 	7240 	7126
f 7126 	7241 	7140
f 7240 	7241 	7126
f 7239 	7237 	7236
f 7238 	7239 	7236
f 7239 	7240 	7237
f 7210 	7242 	7243
f 7238 	7210 	7243
f 7243 	7244 	7238
f 7244 	7239 	7238
f 7245 	7240 	7239
f 7244 	7245 	7239
f 7242 	7221 	7248
f 7244 	7247 	7245
f 7242 	7249 	7243
f 7246 	7244 	7243
f 7247 	7244 	7246
f 7248 	7249 	7242
f 7246 	7243 	7249
f 7224 	7250 	7248
f 7250 	7251 	7248
f 7250 	7313 	7251
f 7248 	7251 	7249
f 7249 	7252 	7246
f 7249 	7251 	7252
f 7250 	7311 	7313
f 7251 	7315 	7252
f 6230 	6251 	7253
f 7225 	7226 	3615
f 7226 	7255 	3618
f 3618 	3615 	7226
f 7235 	7233 	6959
f 7197 	6959 	7232
f 3861 	3618 	7255
f 7232 	6959 	7233
f 6965 	7257 	6959
f 7256 	6959 	7257
f 7225 	6603 	6604
f 7235 	6959 	7256
f 7226 	6604 	7094
f 7194 	7258 	7259
f 7260 	7194 	7259
f 7195 	7194 	7261
f 7261 	7232 	7195
f 7094 	6604 	6650
f 7259 	7197 	7260
f 7261 	7260 	7197
f 7226 	7094 	7255
f 7232 	7261 	7197
f 6603 	7225 	7264
f 7259 	7258 	7197
f 6604 	7226 	7225
f 7258 	7203 	7197
f 7255 	7094 	7073
f 7255 	7073 	7026
f 3624 	7264 	7225
f 3866 	7262 	7263
f 3631 	7263 	7264
f 6997 	7265 	6924
f 7351 	7343 	7166
f 6957 	7166 	7343
f 6653 	7263 	7262
f 6925 	6924 	7265
f 7263 	6653 	6655
f 6655 	7264 	7263
f 7264 	6655 	6603
f 2713 	2740 	7166
f 4982 	4710 	6883
f 7353 	7166 	7357
f 2734 	2853 	2851
f 4982 	6883 	4606
f 7266 	2734 	2851
f 7347 	7331 	6957
f 7331 	7033 	6957
f 7349 	7350 	7166
f 7267 	7265 	6997
f 7120 	6741 	6601
f 7120 	7234 	6741
f 7199 	7165 	7268
f 6885 	3924 	3925
f 7231 	6755 	7268
f 7231 	6792 	6755
f 7161 	7269 	7230
f 4182 	3924 	6888
f 6755 	7270 	7268
f 6884 	4606 	6883
f 6884 	6885 	3925
f 3925 	4606 	6884
f 7230 	7269 	6743
f 7234 	6744 	6741
f 6743 	6744 	7234
f 3924 	6885 	6888
f 7281 	7180 	4468
f 7218 	4468 	7144
f 7193 	7199 	7269
f 6875 	4182 	6888
f 4466 	4468 	7218
f 4173 	6875 	6876
f 6875 	4173 	4182
f 6823 	6743 	7269
f 7270 	6755 	6824
f 6057 	5434 	7271
f 7205 	7268 	7270
f 7271 	7078 	6057
f 7088 	7078 	7271
f 7205 	7270 	7269
f 7262 	6876 	6652
f 6823 	7269 	6824
f 7270 	6824 	7269
f 7272 	7271 	5434
f 5434 	5491 	7272
f 7262 	4174 	6876
f 7271 	7272 	7273
f 4629 	7150 	4628
f 4174 	4173 	6876
f 7088 	7271 	7273
f 3866 	4174 	7262
f 7150 	4629 	4379
f 4381 	7152 	4379
f 7145 	7152 	4381
f 4381 	4383 	7145
f 4383 	4614 	7206
f 6881 	6883 	4710
f 7206 	7145 	4383
f 7231 	4614 	4615
f 3535 	7274 	3532
f 3532 	7274 	3629
f 7404 	7010 	7011
f 7275 	3535 	3534
f 7072 	3882 	7027
f 7274 	3535 	7276
f 6903 	3883 	7072
f 3882 	7072 	3883
f 3535 	7275 	7276
f 7275 	7303 	7276
f 7027 	3882 	3784
f 7277 	7274 	7276
f 7178 	7175 	7273
f 7276 	7304 	7277
f 5491 	5508 	7272
f 7278 	7272 	5508
f 7278 	7273 	7272
f 3600 	7279 	3594
f 7273 	7278 	7110
f 7278 	5508 	4991
f 4993 	7278 	4991
f 4238 	7279 	7283
f 7280 	3597 	3629
f 7110 	7180 	7273
f 7280 	3600 	3597
f 7284 	7279 	3600
f 7281 	7282 	6663
f 7282 	4469 	4470
f 7290 	7280 	3629
f 7274 	7290 	3629
f 7133 	7211 	7281
f 7175 	7178 	7281
f 7281 	4468 	7282
f 4469 	7282 	4468
f 4470 	7056 	7282
f 7280 	7284 	3600
f 7279 	7286 	7283
f 7317 	7492 	7285
f 7286 	7279 	7284
f 7286 	7287 	7283
f 4117 	4118 	7285
f 7317 	4118 	4202
f 7288 	7289 	2839
f 7280 	7290 	7292
f 7307 	2842 	2840
f 7288 	2842 	7308
f 7284 	7280 	7292
f 7307 	7308 	2842
f 7327 	7288 	7308
f 7286 	7284 	7293
f 7292 	7293 	7284
f 4824 	4780 	7291
f 7290 	7274 	7277
f 7292 	7290 	7302
f 7277 	7302 	7290
f 7302 	7439 	7292
f 7439 	7293 	7292
f 3637 	7295 	3635
f 3456 	7318 	3637
f 7321 	7295 	3637
f 7318 	7321 	3637
f 3448 	2810 	7296
f 7296 	3447 	3448
f 7296 	7297 	3447
f 3450 	7298 	7299
f 7301 	3589 	7300
f 3589 	7301 	7275
f 7301 	7303 	7275
f 7300 	7295 	7323
f 7227 	7254 	7228
f 7253 	7254 	7227
f 7303 	7304 	7276
f 7305 	7277 	7304
f 7657 	7658 	7254
f 7277 	7305 	7302
f 7306 	7302 	7305
f 7294 	7307 	2840
f 7254 	7310 	7228
f 7254 	7658 	7310
f 7309 	7294 	7484
f 7310 	7229 	7228
f 7229 	7310 	7311
f 7309 	7312 	7294
f 7310 	7324 	7311
f 7305 	7304 	7371
f 7319 	7312 	7309
f 7311 	7250 	7229
f 7294 	7312 	7307
f 7312 	7314 	7307
f 7312 	7322 	7314
f 7307 	7314 	7308
f 3456 	3451 	7316
f 7029 	7267 	6997
f 7314 	7337 	7308
f 7492 	7317 	7309
f 3451 	7299 	7316
f 7318 	3456 	7316
f 7317 	7319 	7309
f 7267 	7320 	7265
f 7319 	7322 	7312
f 7313 	7315 	7251
f 7252 	7315 	7594
f 4118 	7317 	7285
f 4202 	7319 	7317
f 7265 	7320 	7266
f 7266 	2737 	2734
f 7319 	4203 	7322
f 7658 	7324 	7310
f 7321 	7323 	7295
f 7311 	7325 	7313
f 4203 	4204 	7322
f 7301 	7300 	7326
f 7324 	7325 	7311
f 7327 	7308 	7337
f 7289 	7288 	7327
f 7323 	7326 	7300
f 7326 	7328 	7301
f 7289 	7327 	7329
f 7597 	7315 	7313
f 7327 	7339 	7329
f 7337 	7339 	7327
f 7301 	7328 	7303
f 7289 	7329 	7291
f 7303 	7370 	7304
f 7329 	4824 	7291
f 7328 	7370 	7303
f 7324 	7667 	7325
f 7330 	7104 	7103
f 7320 	2737 	7266
f 7330 	7103 	7112
f 7104 	7330 	7332
f 7332 	7105 	7104
f 4907 	7105 	7332
f 7330 	7336 	7332
f 7109 	7333 	7111
f 7111 	7334 	7112
f 7111 	7333 	7334
f 7112 	7334 	7335
f 7334 	7360 	7335
f 7335 	7330 	7112
f 7336 	7330 	7335
f 7332 	4910 	4907
f 7332 	7336 	4910
f 7333 	7359 	7334
f 7334 	7359 	7360
f 7335 	7362 	7336
f 7329 	4827 	4824
f 7339 	4827 	7329
f 4282 	7338 	7340
f 7314 	7341 	7337
f 7322 	7341 	7314
f 7344 	6957 	7343
f 7342 	7339 	7337
f 7341 	7342 	7337
f 4282 	7340 	4283
f 7342 	4840 	7339
f 7351 	7166 	7350
f 7347 	6957 	7344
f 7339 	4840 	4827
f 7166 	7353 	7349
f 7322 	4204 	7341
f 4204 	4205 	7341
f 7369 	7340 	7338
f 7341 	4205 	7342
f 7345 	4277 	3598
f 4205 	4206 	7342
f 7029 	7344 	7267
f 7342 	4206 	4840
f 3598 	3602 	7345
f 7343 	7267 	7344
f 7029 	7347 	7344
f 4277 	7348 	4281
f 7381 	4312 	7346
f 4277 	7345 	7348
f 7381 	4310 	4312
f 4281 	7348 	7338
f 7346 	4312 	4479
f 7540 	7346 	4479
f 2978 	7352 	3180
f 4281 	7338 	4282
f 3180 	7352 	3179
f 7351 	7350 	7267
f 7354 	3179 	7352
f 7343 	7351 	7267
f 7394 	7352 	2978
f 7345 	7436 	7444
f 3181 	3179 	7354
f 7345 	7444 	7348
f 3181 	7354 	7355
f 7320 	7267 	7349
f 7350 	7349 	7267
f 7353 	7320 	7349
f 7355 	3170 	3181
f 3176 	3170 	7355
f 7352 	7396 	7354
f 7352 	7394 	7396
f 7359 	7333 	7358
f 7365 	3177 	3176
f 7361 	7355 	7354
f 7362 	7335 	7360
f 7361 	7354 	7396
f 7336 	4972 	4910
f 7363 	7355 	7361
f 7336 	7362 	4972
f 7363 	3176 	7355
f 7358 	7514 	7359
f 3176 	7363 	7365
f 7363 	7361 	7376
f 7359 	7514 	7515
f 7359 	7515 	7360
f 7360 	7516 	7362
f 2810 	2827 	7296
f 2827 	7297 	7296
f 7362 	5191 	4972
f 2827 	7298 	7297
f 2827 	7299 	7298
f 2827 	7316 	7299
f 2827 	7318 	7316
f 2827 	7321 	7318
f 7368 	7109 	7138
f 2827 	7323 	7321
f 7138 	7366 	7368
f 2827 	7326 	7323
f 7333 	7109 	7368
f 2827 	7328 	7326
f 2827 	7370 	7328
f 2827 	7371 	7370
f 2827 	7384 	7371
f 2827 	7385 	7384
f 7338 	7364 	7369
f 2827 	7386 	7385
f 2827 	7387 	7386
f 2827 	7389 	7387
f 2827 	3019 	7389
f 7538 	7340 	7369
f 7356 	7367 	7372
f 7372 	7367 	7557
f 7306 	7385 	7374
f 7363 	7377 	7365
f 7363 	7376 	7377
f 7444 	7373 	7364
f 7396 	7375 	7361
f 7369 	7364 	7541
f 7361 	7375 	7376
f 7557 	7379 	7372
f 7373 	7541 	7364
f 7375 	7378 	7380
f 7375 	7380 	7376
f 7381 	7377 	7376
f 7403 	6903 	7010
f 7376 	7380 	7381
f 7377 	7381 	7346
f 7382 	7395 	7383
f 7370 	7371 	7304
f 7384 	7306 	7305
f 7305 	7371 	7384
f 7306 	7384 	7385
f 7385 	7386 	7374
f 7487 	7488 	7388
f 3890 	7391 	7388
f 3890 	3886 	7391
f 7387 	7389 	7435
f 7388 	7392 	7390
f 7388 	7391 	7392
f 7382 	7390 	7392
f 7401 	4339 	7378
f 4339 	4340 	7378
f 3886 	7403 	7391
f 7378 	4340 	7380
f 7391 	7404 	7392
f 7380 	4340 	4310
f 7391 	7403 	7404
f 4310 	7381 	7380
f 7382 	7392 	7393
f 2978 	3187 	7394
f 7395 	7382 	7393
f 7395 	7397 	7383
f 3187 	3193 	7398
f 3187 	7398 	7394
f 7394 	7398 	7399
f 7394 	7399 	7396
f 7396 	7399 	7375
f 7375 	7399 	7378
f 7400 	7398 	3193
f 3199 	7400 	3193
f 7401 	7398 	7400
f 7400 	4337 	7401
f 7147 	7402 	7146
f 7401 	7399 	7398
f 7402 	7397 	7146
f 7378 	7399 	7401
f 7356 	7402 	7147
f 3886 	3883 	7403
f 3199 	4335 	7400
f 7392 	7404 	7393
f 4337 	7400 	4335
f 7403 	3883 	6903
f 7401 	4337 	4339
f 7320 	2740 	2737
f 2741 	2737 	2740
f 7357 	2740 	7320
f 3024 	3000 	7406
f 7353 	7357 	7320
f 7406 	7432 	7433
f 3012 	3017 	7408
f 7408 	3013 	3012
f 7408 	7409 	3013
f 2797 	2799 	7422
f 7407 	7422 	2799
f 7408 	3017 	7412
f 2799 	2811 	7407
f 7409 	7415 	7410
f 7409 	7408 	7414
f 7408 	7412 	7414
f 7414 	7415 	7409
f 7411 	7407 	2811
f 2812 	7413 	7411
f 2811 	2812 	7411
f 7406 	3025 	3024
f 7413 	2814 	2841
f 3025 	7406 	7416
f 7414 	7412 	7418
f 7416 	7418 	7412
f 7418 	7420 	7414
f 7414 	7420 	7415
f 7419 	7048 	7421
f 7420 	7405 	7415
f 7421 	7422 	7417
f 7416 	7457 	7418
f 7141 	7419 	7158
f 7141 	7048 	7419
f 7418 	7457 	7423
f 7421 	2797 	7422
f 7420 	7423 	7424
f 7048 	2797 	7421
f 7423 	7428 	7424
f 7427 	7428 	7423
f 7405 	7426 	7555
f 7417 	7422 	7425
f 7424 	7426 	7405
f 7425 	7407 	7430
f 7428 	7429 	7424
f 7424 	7429 	7426
f 7427 	7483 	7428
f 7422 	7407 	7425
f 7429 	7484 	7294
f 7429 	7294 	2840
f 7463 	3175 	3174
f 7406 	3000 	7432
f 7010 	7404 	7403
f 7345 	3602 	7436
f 7374 	7386 	7434
f 7438 	7382 	7383
f 7387 	7434 	7386
f 7434 	7387 	7435
f 7388 	7490 	7487
f 7435 	7389 	7437
f 7390 	7491 	7388
f 3019 	7437 	7389
f 7437 	3019 	3054
f 7397 	7440 	7383
f 7397 	7402 	7440
f 7442 	7287 	7286
f 7436 	3602 	3891
f 7287 	7442 	7443
f 7287 	7443 	7441
f 7382 	7438 	7390
f 7439 	7445 	7293
f 7302 	7306 	7439
f 7501 	7383 	7440
f 7306 	7374 	7439
f 7439 	7374 	7445
f 7286 	7293 	7442
f 7442 	7446 	7443
f 7356 	7451 	7402
f 7501 	7500 	7438
f 7442 	7293 	7445
f 7383 	7501 	7438
f 7445 	7446 	7442
f 7446 	7449 	7443
f 7434 	7445 	7374
f 7434 	7446 	7445
f 7443 	7447 	7441
f 7505 	7504 	7440
f 7508 	7505 	7440
f 7475 	7447 	7448
f 7448 	3066 	3064
f 7450 	3066 	7448
f 7449 	7447 	7443
f 7449 	7450 	7447
f 7447 	7450 	7448
f 7434 	7435 	7446
f 7435 	7449 	7446
f 7449 	7437 	7450
f 7435 	7437 	7449
f 7437 	3054 	7450
f 7450 	3054 	3066
f 4229 	4238 	7452
f 7452 	4230 	4229
f 7452 	7454 	4230
f 7453 	4233 	7455
f 7452 	4238 	7283
f 4230 	7454 	4233
f 4233 	7454 	7455
f 7452 	7456 	7454
f 7452 	7283 	7456
f 7470 	7455 	7454
f 7470 	7472 	7455
f 7287 	7456 	7283
f 7456 	7441 	7470
f 7461 	7154 	7153
f 7441 	7456 	7287
f 7433 	7416 	7406
f 7433 	7457 	7416
f 7455 	7458 	7453
f 7368 	7489 	7358
f 7368 	7358 	7333
f 7142 	7156 	7459
f 7156 	7574 	7459
f 7142 	7459 	7153
f 7153 	7459 	7461
f 7418 	7423 	7420
f 7154 	7462 	7366
f 7424 	7405 	7420
f 3174 	3177 	7463
f 3175 	7465 	7432
f 3175 	7463 	7465
f 7432 	7465 	7466
f 7464 	5642 	2708
f 7432 	7466 	7433
f 7433 	7466 	7467
f 7430 	7411 	7431
f 7433 	7467 	7457
f 7430 	7407 	7411
f 7457 	7427 	7423
f 7411 	7413 	7431
f 7427 	7457 	7467
f 7431 	7413 	7464
f 7464 	2841 	5642
f 7413 	2841 	7464
f 7463 	7530 	7531
f 7463 	7531 	7465
f 7533 	7466 	7465
f 7465 	7531 	7533
f 7467 	7466 	7469
f 7419 	7421 	7468
f 7468 	7421 	7417
f 2711 	7425 	7430
f 7431 	7471 	7430
f 2707 	7431 	7464
f 2707 	7464 	2708
f 2708 	5642 	2709
f 2712 	7158 	7419
f 7430 	7471 	2711
f 2712 	2716 	7158
f 2733 	2732 	7468
f 2714 	2733 	7468
f 7456 	7470 	7454
f 2712 	7419 	7468
f 2724 	2723 	7471
f 2725 	2724 	2707
f 7471 	2707 	2724
f 7472 	7458 	7455
f 2726 	2725 	2708
f 2707 	2708 	2725
f 2727 	2726 	2709
f 7472 	7473 	7458
f 2714 	7468 	7417
f 7472 	7477 	7473
f 7417 	2710 	2714
f 7458 	7473 	7460
f 7460 	3312 	3309
f 7417 	7425 	2710
f 7473 	3312 	7460
f 2711 	2710 	7425
f 7482 	7467 	7469
f 7469 	7485 	7482
f 7470 	7441 	7475
f 7474 	7485 	7469
f 7441 	7447 	7475
f 7475 	7472 	7470
f 7471 	7431 	2707
f 7475 	7477 	7472
f 7473 	3316 	3312
f 7477 	3316 	7473
f 7509 	7440 	7451
f 7440 	7402 	7451
f 7478 	7479 	7474
f 7448 	7477 	7475
f 7448 	3064 	7477
f 7477 	3064 	3316
f 7476 	4459 	7478
f 7476 	4458 	4459
f 4459 	4461 	7478
f 7364 	7338 	7348
f 7480 	4183 	7453
f 7478 	4461 	7479
f 4186 	7481 	3321
f 7467 	7482 	7427
f 7482 	7483 	7427
f 7485 	7486 	7482
f 7482 	7486 	7483
f 3319 	4186 	3321
f 7453 	7458 	7480
f 7451 	7356 	7372
f 7428 	7484 	7429
f 7480 	7460 	7481
f 7483 	7484 	7428
f 7458 	7460 	7480
f 7444 	7364 	7348
f 7481 	3309 	3321
f 7460 	3309 	7481
f 7154 	7461 	7462
f 3914 	3890 	7488
f 3890 	7388 	7488
f 7366 	7462 	7489
f 7462 	7499 	7489
f 7462 	7497 	7499
f 7490 	7388 	7491
f 7368 	7366 	7489
f 7486 	7492 	7483
f 7390 	7493 	7491
f 7493 	7390 	7494
f 7483 	7492 	7484
f 3891 	3914 	7488
f 7484 	7492 	7309
f 3891 	7490 	7436
f 7479 	7485 	7474
f 7459 	7495 	7461
f 7491 	7436 	7490
f 7479 	7496 	7485
f 7488 	7487 	3891
f 7491 	7493 	7436
f 4465 	7496 	7479
f 7459 	7574 	7495
f 7490 	3891 	7487
f 7461 	7495 	7497
f 7494 	7436 	7493
f 7461 	7497 	7462
f 7506 	7438 	7498
f 7500 	7501 	7502
f 7489 	7503 	7358
f 7498 	7438 	7500
f 7489 	7499 	7503
f 7501 	7504 	7502
f 7495 	7513 	7497
f 7501 	7440 	7504
f 7451 	7372 	7517
f 7505 	7444 	7504
f 7500 	7444 	7498
f 7436 	7506 	7444
f 7500 	7502 	7444
f 7504 	7444 	7502
f 7499 	7546 	7503
f 7498 	7444 	7506
f 7506 	7507 	7438
f 7507 	7494 	7390
f 7507 	7390 	7438
f 7436 	7507 	7506
f 7507 	7436 	7494
f 7508 	7440 	7509
f 7510 	7509 	7451
f 7574 	7511 	7495
f 7451 	7512 	7510
f 7372 	7519 	7517
f 7513 	7495 	7511
f 7499 	7497 	7545
f 7545 	7497 	7513
f 7545 	7546 	7499
f 7508 	7444 	7505
f 7512 	7373 	7510
f 7508 	7509 	7444
f 7513 	7511 	7547
f 7444 	7510 	7373
f 7510 	7444 	7509
f 7514 	7358 	7503
f 7517 	7373 	7512
f 7516 	7360 	7515
f 5191 	7362 	7516
f 7516 	5198 	5191
f 7512 	7451 	7517
f 7372 	7520 	7519
f 7520 	7372 	7379
f 7373 	7517 	7519
f 7520 	7379 	7373
f 7519 	7520 	7373
f 7503 	7518 	7514
f 7514 	7521 	7515
f 7514 	7518 	7521
f 7515 	7521 	7522
f 7012 	7393 	7011
f 7521 	7525 	7522
f 7522 	7516 	7515
f 7098 	7356 	7147
f 5198 	7516 	7522
f 7098 	7367 	7356
f 7098 	7100 	7367
f 7518 	7523 	7524
f 7012 	7108 	7393
f 7524 	7521 	7518
f 7395 	7393 	7108
f 7395 	7108 	7397
f 7146 	7397 	7108
f 7525 	7521 	7524
f 7522 	7525 	5206
f 7522 	5206 	5198
f 7404 	7011 	7393
f 4285 	7534 	7526
f 4285 	7526 	4286
f 4286 	7527 	4287
f 4286 	7526 	7527
f 7527 	5060 	4287
f 4287 	5060 	4288
f 7485 	7496 	7486
f 7526 	7534 	7528
f 7486 	7496 	7285
f 7285 	7496 	4117
f 7539 	7528 	7534
f 7528 	7529 	7526
f 7486 	7285 	7492
f 7526 	7529 	7527
f 7527 	5081 	5060
f 7529 	5081 	7527
f 4461 	4465 	7479
f 4465 	4117 	7496
f 5086 	7529 	7676
f 7530 	7463 	3177
f 7529 	5086 	5081
f 7676 	2774 	5086
f 7530 	3177 	7365
f 4283 	7532 	4284
f 7530 	7536 	7531
f 7532 	7534 	4284
f 7530 	7535 	7536
f 4283 	7340 	7532
f 4285 	4284 	7534
f 7466 	7533 	7469
f 7377 	7535 	7365
f 7377 	7346 	7535
f 7535 	7530 	7365
f 7340 	7538 	7532
f 7531 	7537 	7533
f 7531 	7536 	7537
f 7533 	7537 	7474
f 7533 	7474 	7469
f 7538 	7539 	7532
f 7535 	7540 	7536
f 7535 	7346 	7540
f 7532 	7539 	7534
f 7536 	7476 	7537
f 7476 	7536 	7540
f 7537 	7476 	7478
f 7538 	7369 	7542
f 7537 	7478 	7474
f 7369 	7541 	7542
f 7538 	7543 	7539
f 7540 	4479 	4458
f 7540 	4458 	7476
f 7545 	7549 	7546
f 7545 	7548 	7549
f 7503 	7546 	7518
f 7546 	7523 	7518
f 7546 	7549 	7523
f 7513 	7547 	7548
f 7545 	7513 	7548
f 7549 	7559 	7523
f 7523 	7550 	7524
f 7524 	7550 	7551
f 7524 	7551 	7525
f 7525 	7551 	5245
f 7542 	7543 	7538
f 7525 	5245 	5206
f 7550 	7559 	2879
f 2880 	7551 	7550
f 7550 	2879 	2880
f 7551 	2881 	5245
f 2881 	7551 	2880
f 7560 	7552 	7544
f 7541 	7586 	7542
f 7547 	7553 	7554
f 7541 	7576 	7586
f 7547 	7554 	7548
f 7548 	7554 	7556
f 7561 	7554 	7553
f 7548 	7556 	7549
f 7559 	7549 	7556
f 7550 	7523 	7559
f 7558 	7560 	7544
f 7562 	7578 	7557
f 7554 	7561 	7563
f 7557 	7564 	7562
f 7561 	2897 	7563
f 7554 	7563 	7556
f 7556 	7563 	2878
f 7558 	2838 	7560
f 7367 	7564 	7557
f 2839 	7603 	7560
f 7556 	2878 	7559
f 2838 	2839 	7560
f 2879 	7559 	2878
f 7564 	7566 	7562
f 7565 	7573 	7568
f 7561 	2896 	2897
f 7102 	7564 	7100
f 7240 	7245 	7570
f 7564 	7367 	7100
f 7102 	6688 	7566
f 7570 	7241 	7240
f 7570 	7572 	7241
f 7564 	7102 	7566
f 7241 	7572 	7156
f 7571 	7573 	7565
f 7574 	7156 	7572
f 7567 	7566 	6688
f 7573 	7575 	7568
f 6688 	6689 	7567
f 7579 	7570 	7245
f 7576 	7541 	7373
f 7557 	7577 	7379
f 7574 	7572 	7582
f 7577 	7557 	7578
f 7247 	7579 	7245
f 7247 	7583 	7579
f 7570 	7580 	7572
f 7578 	7562 	7581
f 7570 	7579 	7580
f 7582 	7572 	7580
f 7589 	7562 	7566
f 7582 	7511 	7574
f 7567 	7589 	7566
f 2885 	7674 	7567
f 7583 	7592 	7595
f 7577 	7373 	7379
f 7578 	7576 	7577
f 7581 	7576 	7578
f 7373 	7577 	7576
f 7580 	7579 	7584
f 7583 	7584 	7579
f 7580 	7584 	7585
f 7580 	7585 	7582
f 7542 	7586 	7587
f 7583 	7596 	7584
f 2857 	7586 	7632
f 7542 	7587 	7543
f 7562 	7588 	7581
f 7591 	7589 	7590
f 7246 	7252 	7592
f 7589 	7591 	7562
f 7562 	7591 	7588
f 7246 	7592 	7247
f 7592 	7583 	7247
f 7582 	7593 	7511
f 7585 	7593 	7582
f 7593 	7547 	7511
f 7602 	7593 	7585
f 7252 	7594 	7592
f 7594 	7595 	7592
f 7596 	7583 	7595
f 7585 	7584 	7601
f 7601 	7584 	7596
f 7313 	7325 	7597
f 7315 	7598 	7594
f 7597 	7598 	7315
f 7598 	7599 	7594
f 7595 	7594 	7599
f 7599 	7600 	7595
f 7595 	7600 	7596
f 7609 	7611 	7597
f 7597 	7611 	7598
f 7602 	7585 	7601
f 7601 	7605 	7602
f 7568 	7575 	7569
f 7569 	5023 	4981
f 7575 	5023 	7569
f 7593 	7553 	7547
f 7593 	7602 	7553
f 7552 	7603 	7571
f 7596 	7604 	7601
f 7596 	7600 	7604
f 7560 	7603 	7552
f 7603 	7606 	7571
f 7605 	7601 	7604
f 7602 	7605 	7607
f 7606 	7573 	7571
f 7605 	7645 	7607
f 7573 	7608 	7575
f 7602 	7607 	7553
f 7561 	7553 	7607
f 7606 	7608 	7573
f 7608 	5032 	7575
f 7600 	7651 	7643
f 7575 	5032 	5023
f 7600 	7643 	7604
f 2849 	7606 	7603
f 2849 	2852 	7606
f 7605 	7644 	7645
f 7606 	2852 	7608
f 7607 	2896 	7561
f 2854 	7608 	2852
f 7325 	7609 	7597
f 7608 	2854 	5032
f 7667 	7609 	7325
f 7612 	3749 	3568
f 3568 	7610 	7612
f 7598 	7613 	7599
f 7611 	7613 	7598
f 3614 	7615 	3617
f 7616 	7617 	7610
f 7614 	7615 	3614
f 3617 	7616 	7610
f 7615 	7616 	3617
f 7619 	7616 	7615
f 7612 	7610 	7617
f 7614 	3742 	7410
f 3742 	7409 	7410
f 7614 	7618 	7615
f 7618 	7614 	7410
f 7618 	7619 	7615
f 7616 	7620 	7617
f 7619 	7620 	7616
f 7617 	7621 	7639
f 7620 	7621 	7617
f 7620 	7552 	7621
f 7552 	7571 	7621
f 7410 	7622 	7618
f 7622 	7410 	7415
f 7622 	7623 	7618
f 7618 	7623 	7619
f 7544 	7620 	7619
f 7544 	7619 	7623
f 7544 	7552 	7620
f 7405 	7622 	7415
f 7623 	7622 	7555
f 7405 	7555 	7622
f 7555 	7558 	7623
f 7623 	7558 	7544
f 7624 	3759 	3757
f 7589 	7629 	7625
f 7589 	7625 	7590
f 3757 	3751 	7624
f 7624 	7626 	3759
f 7630 	7629 	7567
f 7626 	5050 	3760
f 7589 	7567 	7629
f 7626 	5053 	5050
f 7612 	7627 	3749
f 3749 	7627 	3750
f 7628 	3751 	3750
f 7581 	7588 	7576
f 7590 	7576 	7591
f 7591 	7576 	7588
f 7590 	7625 	7576
f 7631 	7567 	7674
f 7630 	7567 	7631
f 7627 	7628 	3750
f 7628 	7633 	3751
f 7629 	7632 	7625
f 7628 	7641 	7633
f 7576 	7625 	7632
f 7629 	7630 	7632
f 7633 	7624 	3751
f 7626 	7624 	7634
f 7633 	7634 	7624
f 7667 	7635 	7609
f 7634 	5053 	7626
f 7609 	7636 	7611
f 7612 	7617 	7639
f 7635 	7636 	7609
f 7637 	7613 	7611
f 7639 	7627 	7612
f 7611 	7636 	7637
f 7628 	7640 	7641
f 7634 	5161 	5053
f 7635 	7638 	7636
f 2874 	7638 	7635
f 7627 	7640 	7628
f 7638 	7653 	7636
f 7639 	7640 	7627
f 2906 	2908 	7638
f 7633 	7642 	7634
f 7638 	2908 	7653
f 7641 	7642 	7633
f 7642 	5161 	7634
f 7604 	7643 	7644
f 7565 	7640 	7639
f 7565 	7639 	7621
f 7643 	7647 	7644
f 7565 	7568 	7640
f 7604 	7644 	7605
f 7640 	7568 	7641
f 7641 	7569 	7642
f 7568 	7569 	7641
f 2896 	7607 	7645
f 7569 	4981 	7642
f 7642 	4981 	5161
f 7571 	7565 	7621
f 7647 	7643 	7646
f 7426 	7648 	7555
f 7426 	2840 	7648
f 7429 	2840 	7426
f 7648 	7558 	7555
f 7648 	2838 	7558
f 7644 	7647 	7649
f 2840 	2842 	7648
f 7648 	2842 	2838
f 7644 	7649 	7645
f 7645 	2899 	2896
f 7645 	7649 	2899
f 7655 	2911 	7650
f 7646 	7650 	7647
f 7647 	7650 	2905
f 3721 	2905 	7650
f 7650 	2911 	3721
f 7647 	2905 	7649
f 7649 	2902 	2899
f 7649 	2905 	2902
f 7655 	2910 	2911
f 7599 	7651 	7600
f 7613 	7651 	7599
f 7637 	7652 	7613
f 7637 	7654 	7652
f 7651 	7613 	7652
f 7646 	7643 	7651
f 7651 	7652 	7646
f 7637 	7636 	7653
f 7653 	7654 	7637
f 7652 	7655 	7646
f 7652 	7654 	7655
f 7646 	7655 	7650
f 7653 	2909 	7654
f 7654 	2909 	2910
f 7654 	2910 	7655
f 7656 	6251 	6261
f 6261 	6273 	7659
f 7253 	6251 	7656
f 7656 	7657 	7253
f 7656 	6261 	7659
f 7253 	7657 	7254
f 7657 	7656 	7660
f 7656 	7659 	7660
f 7657 	7665 	7658
f 7657 	7660 	7665
f 7665 	7666 	7658
f 7658 	7666 	7324
f 6273 	6276 	7661
f 6273 	7661 	7659
f 7661 	7662 	7659
f 7659 	7662 	7660
f 7661 	6276 	7663
f 7663 	6276 	6279
f 7663 	7664 	7661
f 7663 	3586 	7664
f 7661 	7664 	7662
f 3585 	7663 	6279
f 6279 	2858 	3585
f 3585 	3586 	7663
f 3586 	3587 	7664
f 7668 	7669 	7665
f 7324 	7666 	7667
f 7666 	7665 	7669
f 7666 	7670 	7667
f 7669 	7670 	7666
f 7662 	7668 	7660
f 7668 	7665 	7660
f 7670 	7635 	7667
f 7664 	7671 	7662
f 7662 	7671 	7668
f 7671 	7672 	7668
f 7668 	7672 	7669
f 7670 	7669 	7673
f 7672 	7673 	7669
f 7673 	2874 	7670
f 7673 	3634 	2874
f 3633 	3634 	7673
f 7670 	2874 	7635
f 7664 	3587 	7671
f 7671 	3587 	3588
f 7671 	3588 	7672
f 3588 	3633 	7672
f 7672 	3633 	7673
f 7630 	7631 	7632
f 2941 	2962 	7632
f 7631 	7674 	7632
f 7576 	7632 	7586
f 7587 	7586 	2857
f 2857 	2862 	7587
f 2941 	7632 	7674
f 2962 	2867 	7632
f 2867 	2857 	7632
f 7539 	7543 	7675
f 7528 	7539 	7675
f 7528 	7676 	7529
f 7675 	7676 	7528
f 2771 	7676 	7675
f 2771 	2774 	7676
f 7675 	7543 	2770
f 7543 	7587 	2770
f 2770 	2771 	7675
# 9936 faces

 #end of obj_1

